coin_id,authority,ribbon_path,preview_path,status,failure_reason,quality_bucket,quality_score,geometry_flags,nonblack_fraction,nonzero_fraction,mean_intensity,std_intensity,gradient_energy,edge_density,row_variance_mean,cx,cy,radius,center_offset,mask_area_fraction,used_fallback,fallback_reason,center_method,config_id,known_hard_case
171875,Antoninus Pius,/root/trivalaya-vision/legend_cnn/runs/run_20260410_005311_sweep_cen_bbox_inn072_out088/ribbons/171875.npy,,success,,good,0.6176,,0.4641,0.4745,0.2681,0.3392,0.508773,0.1408,0.114391,327,301,266,84.06,0.5572,False,,bbox,sweep_cen_bbox_inn072_out088,False
160022,Antoninus Pius,/root/trivalaya-vision/legend_cnn/runs/run_20260410_005311_sweep_cen_bbox_inn072_out088/ribbons/160022.npy,,success,,borderline,0.5399,,0.4202,0.4276,0.203,0.2827,0.446556,0.1282,0.078526,295,310,304,66.61,0.6641,False,,bbox,sweep_cen_bbox_inn072_out088,False
126587,Antoninus Pius,/root/trivalaya-vision/legend_cnn/runs/run_20260410_005311_sweep_cen_bbox_inn072_out088/ribbons/126587.npy,,success,,borderline,0.4637,,0.4281,0.4284,0.244,0.3045,0.296867,0.1085,0.091745,348,332,282,119.33,0.5968,False,,bbox,sweep_cen_bbox_inn072_out088,False
131416,Antoninus Pius,/root/trivalaya-vision/legend_cnn/runs/run_20260410_005311_sweep_cen_bbox_inn072_out088/ribbons/131416.npy,,success,,borderline,0.4159,high_center_offset,0.3164,0.3165,0.2088,0.3285,0.266013,0.0878,0.107621,366,351,348,145.34,0.6369,False,,bbox,sweep_cen_bbox_inn072_out088,False
151326,Antoninus Pius,/root/trivalaya-vision/legend_cnn/runs/run_20260410_005311_sweep_cen_bbox_inn072_out088/ribbons/151326.npy,,success,,borderline,0.5184,,0.418,0.4186,0.2324,0.3137,0.421047,0.1082,0.097016,368,297,297,119.27,0.6413,False,,bbox,sweep_cen_bbox_inn072_out088,False
112709,Antoninus Pius,/root/trivalaya-vision/legend_cnn/runs/run_20260410_005311_sweep_cen_bbox_inn072_out088/ribbons/112709.npy,,success,,good,0.6866,,0.5203,0.5388,0.3136,0.3657,0.515322,0.1176,0.132338,297,285,283,50.22,0.6714,False,,bbox,sweep_cen_bbox_inn072_out088,False
137506,Antoninus Pius,/root/trivalaya-vision/legend_cnn/runs/run_20260410_005311_sweep_cen_bbox_inn072_out088/ribbons/137506.npy,,success,,borderline,0.5184,fallback:center_out_of_bounds,0.9991,1.0,0.4466,0.1409,0.233763,0.2433,0.018414,256,256,220,0.0,0.5113,True,center_out_of_bounds,bbox,sweep_cen_bbox_inn072_out088,False
171893,Antoninus Pius,/root/trivalaya-vision/legend_cnn/runs/run_20260410_005311_sweep_cen_bbox_inn072_out088/ribbons/171893.npy,,success,,good,0.622,,0.3821,0.3885,0.2219,0.3335,0.582017,0.1107,0.108965,307,302,289,68.68,0.5684,False,,bbox,sweep_cen_bbox_inn072_out088,False
160029,Antoninus Pius,/root/trivalaya-vision/legend_cnn/runs/run_20260410_005311_sweep_cen_bbox_inn072_out088/ribbons/160029.npy,,success,,good,0.6314,,0.5066,0.5132,0.3248,0.3697,0.461495,0.1314,0.136238,349,294,282,100.46,0.6632,False,,bbox,sweep_cen_bbox_inn072_out088,False
139381,Antoninus Pius,/root/trivalaya-vision/legend_cnn/runs/run_20260410_005311_sweep_cen_bbox_inn072_out088/ribbons/139381.npy,,success,,good,0.7347,fallback:center_out_of_bounds,1.0,1.0,0.6615,0.2029,0.686136,0.2683,0.040518,256,256,220,0.0,0.5107,True,center_out_of_bounds,bbox,sweep_cen_bbox_inn072_out088,False
144139,Antoninus Pius,/root/trivalaya-vision/legend_cnn/runs/run_20260410_005311_sweep_cen_bbox_inn072_out088/ribbons/144139.npy,,success,,good,0.5757,fallback:center_out_of_bounds,0.9998,1.0,0.507,0.1814,0.328028,0.3072,0.031913,256,256,220,0.0,0.5106,True,center_out_of_bounds,bbox,sweep_cen_bbox_inn072_out088,False
171917,Antoninus Pius,/root/trivalaya-vision/legend_cnn/runs/run_20260410_005311_sweep_cen_bbox_inn072_out088/ribbons/171917.npy,,success,,borderline,0.5485,,0.4236,0.424,0.1969,0.2865,0.452897,0.1182,0.080936,302,301,288,64.35,0.6311,False,,bbox,sweep_cen_bbox_inn072_out088,False
130596,Antoninus Pius,/root/trivalaya-vision/legend_cnn/runs/run_20260410_005311_sweep_cen_bbox_inn072_out088/ribbons/130596.npy,,success,,borderline,0.4696,fallback:center_out_of_bounds,0.9947,0.9998,0.4202,0.0921,0.14677,0.2582,0.008302,256,256,220,0.0,0.6539,True,center_out_of_bounds,bbox,sweep_cen_bbox_inn072_out088,False
173463,Antoninus Pius,/root/trivalaya-vision/legend_cnn/runs/run_20260410_005311_sweep_cen_bbox_inn072_out088/ribbons/173463.npy,,success,,borderline,0.4529,fallback:center_out_of_bounds,1.0,1.0,0.9662,0.1144,0.015874,0.0128,0.01204,256,256,220,0.0,0.561,True,center_out_of_bounds,bbox,sweep_cen_bbox_inn072_out088,False
135477,Antoninus Pius,/root/trivalaya-vision/legend_cnn/runs/run_20260410_005311_sweep_cen_bbox_inn072_out088/ribbons/135477.npy,,success,,good,0.5568,fallback:center_out_of_bounds,0.9962,1.0,0.4389,0.1262,0.338468,0.2866,0.015653,256,256,220,0.0,0.6537,True,center_out_of_bounds,bbox,sweep_cen_bbox_inn072_out088,False
122077,Antoninus Pius,/root/trivalaya-vision/legend_cnn/runs/run_20260410_005311_sweep_cen_bbox_inn072_out088/ribbons/122077.npy,,success,,borderline,0.4381,,0.3384,0.341,0.1555,0.2621,0.367023,0.1074,0.067764,335,326,311,105.55,0.5937,False,,bbox,sweep_cen_bbox_inn072_out088,False
110548,Antoninus Pius,/root/trivalaya-vision/legend_cnn/runs/run_20260410_005311_sweep_cen_bbox_inn072_out088/ribbons/110548.npy,,success,,borderline,0.4555,fallback:center_out_of_bounds,0.8309,0.8344,0.3446,0.1764,0.192014,0.2036,0.028169,256,256,220,0.0,0.3877,True,center_out_of_bounds,bbox,sweep_cen_bbox_inn072_out088,False
141156,Antoninus Pius,/root/trivalaya-vision/legend_cnn/runs/run_20260410_005311_sweep_cen_bbox_inn072_out088/ribbons/141156.npy,,success,,good,0.5864,high_center_offset,0.4052,0.4144,0.2622,0.3548,0.520311,0.1096,0.124463,374,304,302,127.39,0.6445,False,,bbox,sweep_cen_bbox_inn072_out088,False
108316,Antoninus Pius,/root/trivalaya-vision/legend_cnn/runs/run_20260410_005311_sweep_cen_bbox_inn072_out088/ribbons/108316.npy,,success,,good,0.5635,,0.4362,0.4365,0.3025,0.3744,0.377547,0.1172,0.138879,368,296,297,118.93,0.6555,False,,bbox,sweep_cen_bbox_inn072_out088,False
146605,Antoninus Pius,/root/trivalaya-vision/legend_cnn/runs/run_20260410_005311_sweep_cen_bbox_inn072_out088/ribbons/146605.npy,,success,,good,0.5678,,0.4672,0.4775,0.2246,0.2978,0.429736,0.1436,0.087689,292,301,292,57.63,0.6778,False,,bbox,sweep_cen_bbox_inn072_out088,False
171741,Antoninus Pius,/root/trivalaya-vision/legend_cnn/runs/run_20260410_005311_sweep_cen_bbox_inn072_out088/ribbons/171741.npy,,success,,borderline,0.4699,,0.4396,0.4401,0.2162,0.2867,0.248404,0.1133,0.081635,304,301,283,65.8,0.5959,False,,bbox,sweep_cen_bbox_inn072_out088,False
149545,Antoninus Pius,/root/trivalaya-vision/legend_cnn/runs/run_20260410_005311_sweep_cen_bbox_inn072_out088/ribbons/149545.npy,,success,,borderline,0.4347,high_center_offset,0.4488,0.4606,0.2033,0.2732,0.273243,0.0919,0.073999,370,303,299,123.31,0.656,False,,bbox,sweep_cen_bbox_inn072_out088,False
146606,Antoninus Pius,/root/trivalaya-vision/legend_cnn/runs/run_20260410_005311_sweep_cen_bbox_inn072_out088/ribbons/146606.npy,,success,,borderline,0.4982,,0.4578,0.4708,0.2171,0.2981,0.363363,0.1284,0.08845,367,295,296,117.65,0.693,False,,bbox,sweep_cen_bbox_inn072_out088,False
122082,Antoninus Pius,/root/trivalaya-vision/legend_cnn/runs/run_20260410_005311_sweep_cen_bbox_inn072_out088/ribbons/122082.npy,,success,,good,0.5945,,0.4756,0.4772,0.3272,0.3775,0.342285,0.1584,0.141985,323,295,261,77.52,0.5494,False,,bbox,sweep_cen_bbox_inn072_out088,False
192083,Caracalla,/root/trivalaya-vision/legend_cnn/runs/run_20260410_005311_sweep_cen_bbox_inn072_out088/ribbons/192083.npy,,success,,borderline,0.463,fallback:center_out_of_bounds,0.4656,0.4663,0.3334,0.4099,0.07891,0.0255,0.167856,256,256,220,0.0,0.5194,True,center_out_of_bounds,bbox,sweep_cen_bbox_inn072_out088,False
171923,Antoninus Pius,/root/trivalaya-vision/legend_cnn/runs/run_20260410_005311_sweep_cen_bbox_inn072_out088/ribbons/171923.npy,,success,,borderline,0.5355,,0.4541,0.4552,0.2417,0.3082,0.354265,0.1397,0.094194,302,303,290,65.76,0.6402,False,,bbox,sweep_cen_bbox_inn072_out088,False
122084,Antoninus Pius,/root/trivalaya-vision/legend_cnn/runs/run_20260410_005311_sweep_cen_bbox_inn072_out088/ribbons/122084.npy,,success,,borderline,0.5102,fallback:center_out_of_bounds,0.9993,1.0,0.4211,0.11,0.235049,0.2842,0.011867,256,256,220,0.0,0.5765,True,center_out_of_bounds,bbox,sweep_cen_bbox_inn072_out088,False
160297,Caracalla,/root/trivalaya-vision/legend_cnn/runs/run_20260410_005311_sweep_cen_bbox_inn072_out088/ribbons/160297.npy,,success,,good,0.7097,,0.4845,0.489,0.3089,0.3691,0.608172,0.1295,0.134263,298,296,298,58.0,0.6695,False,,bbox,sweep_cen_bbox_inn072_out088,False
112740,Caracalla,/root/trivalaya-vision/legend_cnn/runs/run_20260410_005311_sweep_cen_bbox_inn072_out088/ribbons/112740.npy,,success,,good,0.7531,,0.468,0.4892,0.2957,0.3753,0.706677,0.119,0.139304,295,291,295,52.4,0.6835,False,,bbox,sweep_cen_bbox_inn072_out088,False
160250,Caracalla,/root/trivalaya-vision/legend_cnn/runs/run_20260410_005311_sweep_cen_bbox_inn072_out088/ribbons/160250.npy,,success,,good,0.7735,,0.4689,0.4797,0.3119,0.3922,0.714741,0.1154,0.152328,297,282,297,48.55,0.6627,False,,bbox,sweep_cen_bbox_inn072_out088,False
160032,Antoninus Pius,/root/trivalaya-vision/legend_cnn/runs/run_20260410_005311_sweep_cen_bbox_inn072_out088/ribbons/160032.npy,,success,,borderline,0.5452,,0.4341,0.4446,0.2829,0.3535,0.384055,0.1348,0.124313,362,312,292,119.88,0.6501,False,,bbox,sweep_cen_bbox_inn072_out088,False
163970,Antoninus Pius,/root/trivalaya-vision/legend_cnn/runs/run_20260410_005311_sweep_cen_bbox_inn072_out088/ribbons/163970.npy,,success,,good,0.6639,,0.4538,0.4564,0.2936,0.3615,0.555111,0.121,0.127849,292,310,298,64.9,0.6758,False,,bbox,sweep_cen_bbox_inn072_out088,False
137510,Antoninus Pius,/root/trivalaya-vision/legend_cnn/runs/run_20260410_005311_sweep_cen_bbox_inn072_out088/ribbons/137510.npy,,success,,good,0.7841,fallback:center_out_of_bounds,0.9998,1.0,0.6485,0.2744,0.843773,0.2269,0.07243,256,256,220,0.0,0.511,True,center_out_of_bounds,bbox,sweep_cen_bbox_inn072_out088,False
148374,Caracalla,/root/trivalaya-vision/legend_cnn/runs/run_20260410_005311_sweep_cen_bbox_inn072_out088/ribbons/148374.npy,,success,,good,0.6402,,0.4585,0.4586,0.3126,0.381,0.523946,0.1207,0.144732,369,289,298,117.72,0.6706,False,,bbox,sweep_cen_bbox_inn072_out088,False
191799,Caracalla,/root/trivalaya-vision/legend_cnn/runs/run_20260410_005311_sweep_cen_bbox_inn072_out088/ribbons/191799.npy,,success,,borderline,0.4639,,0.5156,0.5158,0.2471,0.2897,0.227218,0.1224,0.083825,356,291,291,105.95,0.6821,False,,bbox,sweep_cen_bbox_inn072_out088,False
192633,Caracalla,/root/trivalaya-vision/legend_cnn/runs/run_20260410_005311_sweep_cen_bbox_inn072_out088/ribbons/192633.npy,,success,,good,0.6867,fallback:center_out_of_bounds,0.9733,0.9997,0.4274,0.2115,0.583628,0.321,0.043116,256,256,220,0.0,0.6059,True,center_out_of_bounds,bbox,sweep_cen_bbox_inn072_out088,False
191740,Caracalla,/root/trivalaya-vision/legend_cnn/runs/run_20260410_005311_sweep_cen_bbox_inn072_out088/ribbons/191740.npy,,success,,good,0.6063,,1.0,1.0,0.5206,0.1361,0.265533,0.2682,0.017505,266,221,215,36.4,0.6328,False,,bbox,sweep_cen_bbox_inn072_out088,False
192141,Caracalla,/root/trivalaya-vision/legend_cnn/runs/run_20260410_005311_sweep_cen_bbox_inn072_out088/ribbons/192141.npy,,success,,borderline,0.5062,high_center_offset,0.3703,0.3715,0.2924,0.4056,0.263686,0.0633,0.16446,349,152,282,139.52,0.5299,False,,bbox,sweep_cen_bbox_inn072_out088,False
112748,Caracalla,/root/trivalaya-vision/legend_cnn/runs/run_20260410_005311_sweep_cen_bbox_inn072_out088/ribbons/112748.npy,,success,,good,0.6044,,0.4458,0.4648,0.2629,0.3508,0.516855,0.1165,0.122845,369,283,298,116.18,0.6705,False,,bbox,sweep_cen_bbox_inn072_out088,False
192647,Caracalla,/root/trivalaya-vision/legend_cnn/runs/run_20260410_005311_sweep_cen_bbox_inn072_out088/ribbons/192647.npy,,success,,good,0.7594,fallback:center_out_of_bounds,0.9972,1.0,0.6007,0.2354,0.779204,0.3171,0.054761,256,256,220,0.0,0.6816,True,center_out_of_bounds,bbox,sweep_cen_bbox_inn072_out088,False
191884,Caracalla,/root/trivalaya-vision/legend_cnn/runs/run_20260410_005311_sweep_cen_bbox_inn072_out088/ribbons/191884.npy,,success,,good,0.6263,,1.0,1.0,0.4203,0.1168,0.2977,0.2822,0.013616,260,238,211,18.44,0.6061,False,,bbox,sweep_cen_bbox_inn072_out088,False
160291,Caracalla,/root/trivalaya-vision/legend_cnn/runs/run_20260410_005311_sweep_cen_bbox_inn072_out088/ribbons/160291.npy,,success,,good,0.6517,,0.4804,0.4854,0.3325,0.3949,0.491899,0.1093,0.155225,368,274,297,113.44,0.6715,False,,bbox,sweep_cen_bbox_inn072_out088,False
192055,Caracalla,/root/trivalaya-vision/legend_cnn/runs/run_20260410_005311_sweep_cen_bbox_inn072_out088/ribbons/192055.npy,,success,,borderline,0.5391,,0.8605,0.8935,0.2862,0.1968,0.265442,0.1823,0.037645,184,180,164,104.69,0.5693,False,,bbox,sweep_cen_bbox_inn072_out088,False
191661,Caracalla,/root/trivalaya-vision/legend_cnn/runs/run_20260410_005311_sweep_cen_bbox_inn072_out088/ribbons/191661.npy,,success,,good,0.6734,,0.7888,0.7891,0.4904,0.3345,0.437343,0.2026,0.110628,178,166,178,119.1,0.6489,False,,bbox,sweep_cen_bbox_inn072_out088,False
119887,Caracalla,/root/trivalaya-vision/legend_cnn/runs/run_20260410_005311_sweep_cen_bbox_inn072_out088/ribbons/119887.npy,,success,,good,0.6261,,0.5012,0.5015,0.3636,0.3978,0.393668,0.1266,0.157777,362,272,292,107.2,0.6666,False,,bbox,sweep_cen_bbox_inn072_out088,False
192353,Caracalla,/root/trivalaya-vision/legend_cnn/runs/run_20260410_005311_sweep_cen_bbox_inn072_out088/ribbons/192353.npy,,success,,good,0.5508,,0.7173,0.7177,0.3842,0.3026,0.261491,0.1515,0.090802,199,154,161,116.85,0.7029,False,,bbox,sweep_cen_bbox_inn072_out088,False
153277,Caracalla,/root/trivalaya-vision/legend_cnn/runs/run_20260410_005311_sweep_cen_bbox_inn072_out088/ribbons/153277.npy,,success,,good,0.6009,fallback:center_out_of_bounds,0.7361,0.7372,0.5682,0.379,0.248947,0.1448,0.143435,256,256,220,0.0,0.6688,True,center_out_of_bounds,bbox,sweep_cen_bbox_inn072_out088,False
137507,Antoninus Pius,/root/trivalaya-vision/legend_cnn/runs/run_20260410_005311_sweep_cen_bbox_inn072_out088/ribbons/137507.npy,,success,,borderline,0.4667,fallback:center_out_of_bounds,1.0,1.0,0.3493,0.0911,0.135191,0.2426,0.008217,256,256,220,0.0,0.5113,True,center_out_of_bounds,bbox,sweep_cen_bbox_inn072_out088,False
119886,Caracalla,/root/trivalaya-vision/legend_cnn/runs/run_20260410_005311_sweep_cen_bbox_inn072_out088/ribbons/119886.npy,,success,,good,0.5948,,0.4359,0.4362,0.2968,0.3704,0.356884,0.1208,0.135811,298,288,298,52.8,0.6485,False,,bbox,sweep_cen_bbox_inn072_out088,False
192674,Caracalla,/root/trivalaya-vision/legend_cnn/runs/run_20260410_005311_sweep_cen_bbox_inn072_out088/ribbons/192674.npy,,success,,good,0.5562,fallback:center_out_of_bounds,1.0,1.0,0.4351,0.1462,0.315999,0.3084,0.021097,256,256,220,0.0,0.6629,True,center_out_of_bounds,bbox,sweep_cen_bbox_inn072_out088,False
151354,Caracalla,/root/trivalaya-vision/legend_cnn/runs/run_20260410_005311_sweep_cen_bbox_inn072_out088/ribbons/151354.npy,,success,,good,0.7122,,0.4054,0.4125,0.274,0.3697,0.744023,0.135,0.134043,297,313,304,70.21,0.6539,False,,bbox,sweep_cen_bbox_inn072_out088,False
169127,Caracalla,/root/trivalaya-vision/legend_cnn/runs/run_20260410_005311_sweep_cen_bbox_inn072_out088/ribbons/169127.npy,,success,,good,0.5846,fallback:center_out_of_bounds,0.9998,1.0,0.5463,0.1995,0.329828,0.284,0.037996,256,256,220,0.0,0.6464,True,center_out_of_bounds,bbox,sweep_cen_bbox_inn072_out088,False
164006,Caracalla,/root/trivalaya-vision/legend_cnn/runs/run_20260410_005311_sweep_cen_bbox_inn072_out088/ribbons/164006.npy,,success,,good,0.7026,,0.5558,0.5561,0.3637,0.3725,0.509482,0.1394,0.137239,296,288,283,51.22,0.6817,False,,bbox,sweep_cen_bbox_inn072_out088,False
114409,Caracalla,/root/trivalaya-vision/legend_cnn/runs/run_20260410_005311_sweep_cen_bbox_inn072_out088/ribbons/114409.npy,,success,,good,0.5928,fallback:center_out_of_bounds,0.9759,0.9998,0.3698,0.181,0.388265,0.2888,0.032436,256,256,220,0.0,0.5689,True,center_out_of_bounds,bbox,sweep_cen_bbox_inn072_out088,False
126772,Caracalla,/root/trivalaya-vision/legend_cnn/runs/run_20260410_005311_sweep_cen_bbox_inn072_out088/ribbons/126772.npy,,success,,borderline,0.4105,,0.4823,0.4831,0.2118,0.2411,0.185066,0.1428,0.056968,332,301,268,88.32,0.5825,False,,bbox,sweep_cen_bbox_inn072_out088,False
126785,Caracalla,/root/trivalaya-vision/legend_cnn/runs/run_20260410_005311_sweep_cen_bbox_inn072_out088/ribbons/126785.npy,,success,,good,0.6086,,0.6884,0.6894,0.4518,0.3258,0.288389,0.1492,0.099804,305,264,246,49.65,0.5808,False,,bbox,sweep_cen_bbox_inn072_out088,False
191040,Diocletian,/root/trivalaya-vision/legend_cnn/runs/run_20260410_005311_sweep_cen_bbox_inn072_out088/ribbons/191040.npy,,success,,borderline,0.4695,fallback:center_out_of_bounds,1.0,1.0,0.8212,0.1548,0.096717,0.0928,0.023728,256,256,220,0.0,0.6052,True,center_out_of_bounds,bbox,sweep_cen_bbox_inn072_out088,False
193585,Caracalla,/root/trivalaya-vision/legend_cnn/runs/run_20260410_005311_sweep_cen_bbox_inn072_out088/ribbons/193585.npy,,success,,good,0.5561,,0.5986,0.5997,0.2367,0.2737,0.286135,0.1609,0.074252,276,276,276,28.28,0.6828,False,,bbox,sweep_cen_bbox_inn072_out088,False
112742,Caracalla,/root/trivalaya-vision/legend_cnn/runs/run_20260410_005311_sweep_cen_bbox_inn072_out088/ribbons/112742.npy,,success,,good,0.7348,,0.482,0.5053,0.2943,0.3571,0.738075,0.1415,0.12628,298,300,282,60.83,0.6507,False,,bbox,sweep_cen_bbox_inn072_out088,False
160298,Caracalla,/root/trivalaya-vision/legend_cnn/runs/run_20260410_005311_sweep_cen_bbox_inn072_out088/ribbons/160298.npy,,success,,good,0.5552,,0.4762,0.4849,0.2799,0.3244,0.405116,0.1412,0.103766,345,298,279,98.41,0.6348,False,,bbox,sweep_cen_bbox_inn072_out088,False
192318,Caracalla,/root/trivalaya-vision/legend_cnn/runs/run_20260410_005311_sweep_cen_bbox_inn072_out088/ribbons/192318.npy,,success,,good,0.5715,fallback:center_out_of_bounds,1.0,1.0,0.5793,0.1363,0.36248,0.2894,0.018207,256,256,220,0.0,0.6206,True,center_out_of_bounds,bbox,sweep_cen_bbox_inn072_out088,False
189408,Diocletian,/root/trivalaya-vision/legend_cnn/runs/run_20260410_005311_sweep_cen_bbox_inn072_out088/ribbons/189408.npy,,success,,borderline,0.4956,,0.4164,0.417,0.2775,0.395,0.161096,0.0494,0.155926,367,251,296,111.11,0.5525,False,,bbox,sweep_cen_bbox_inn072_out088,False
112871,Diocletian,/root/trivalaya-vision/legend_cnn/runs/run_20260410_005311_sweep_cen_bbox_inn072_out088/ribbons/112871.npy,,success,,good,0.6524,,0.4554,0.4766,0.2311,0.3097,0.6405,0.1305,0.094164,297,310,291,67.8,0.6679,False,,bbox,sweep_cen_bbox_inn072_out088,False
172220,Diocletian,/root/trivalaya-vision/legend_cnn/runs/run_20260410_005311_sweep_cen_bbox_inn072_out088/ribbons/172220.npy,,success,,borderline,0.528,,0.3634,0.3672,0.1724,0.2809,0.464399,0.1028,0.078197,302,302,288,65.05,0.5541,False,,bbox,sweep_cen_bbox_inn072_out088,False
189956,Diocletian,/root/trivalaya-vision/legend_cnn/runs/run_20260410_005311_sweep_cen_bbox_inn072_out088/ribbons/189956.npy,,success,,borderline,0.4438,fallback:center_out_of_bounds,0.9822,1.0,0.2163,0.0881,0.05806,0.0916,0.007017,256,256,220,0.0,0.6285,True,center_out_of_bounds,bbox,sweep_cen_bbox_inn072_out088,False
172215,Diocletian,/root/trivalaya-vision/legend_cnn/runs/run_20260410_005311_sweep_cen_bbox_inn072_out088/ribbons/172215.npy,,success,,borderline,0.481,,0.388,0.3882,0.1831,0.2752,0.335101,0.0947,0.075403,301,300,285,62.94,0.5986,False,,bbox,sweep_cen_bbox_inn072_out088,False
189999,Diocletian,/root/trivalaya-vision/legend_cnn/runs/run_20260410_005311_sweep_cen_bbox_inn072_out088/ribbons/189999.npy,,success,,good,0.5706,,0.9908,1.0,0.3511,0.1081,0.213526,0.2211,0.011483,271,218,219,40.85,0.6303,False,,bbox,sweep_cen_bbox_inn072_out088,False
161182,Diocletian,/root/trivalaya-vision/legend_cnn/runs/run_20260410_005311_sweep_cen_bbox_inn072_out088/ribbons/161182.npy,,success,,good,0.5734,,0.5769,0.593,0.2882,0.3111,0.352628,0.1638,0.096383,327,285,264,76.69,0.6333,False,,bbox,sweep_cen_bbox_inn072_out088,False
126994,Diocletian,/root/trivalaya-vision/legend_cnn/runs/run_20260410_005311_sweep_cen_bbox_inn072_out088/ribbons/126994.npy,,success,,borderline,0.4143,,0.4479,0.4484,0.2312,0.279,0.182232,0.1072,0.07705,348,303,282,103.31,0.6126,False,,bbox,sweep_cen_bbox_inn072_out088,False
189972,Diocletian,/root/trivalaya-vision/legend_cnn/runs/run_20260410_005311_sweep_cen_bbox_inn072_out088/ribbons/189972.npy,,success,,borderline,0.4449,fallback:center_out_of_bounds,0.9852,0.9999,0.2576,0.0966,0.094916,0.1414,0.009058,256,256,220,0.0,0.6166,True,center_out_of_bounds,bbox,sweep_cen_bbox_inn072_out088,False
191043,Diocletian,/root/trivalaya-vision/legend_cnn/runs/run_20260410_005311_sweep_cen_bbox_inn072_out088/ribbons/191043.npy,,success,,borderline,0.45,fallback:center_out_of_bounds,1.0,1.0,0.5201,0.0691,0.088882,0.1775,0.004447,256,256,220,0.0,0.6763,True,center_out_of_bounds,bbox,sweep_cen_bbox_inn072_out088,False
132851,Diocletian,/root/trivalaya-vision/legend_cnn/runs/run_20260410_005311_sweep_cen_bbox_inn072_out088/ribbons/132851.npy,,success,,borderline,0.5451,,0.4492,0.4495,0.2884,0.3586,0.355639,0.1119,0.125848,364,291,294,113.53,0.6623,False,,bbox,sweep_cen_bbox_inn072_out088,False
172249,Diocletian,/root/trivalaya-vision/legend_cnn/runs/run_20260410_005311_sweep_cen_bbox_inn072_out088/ribbons/172249.npy,,success,,good,0.5879,,0.3836,0.3897,0.2093,0.3163,0.522358,0.1168,0.09941,303,300,292,64.38,0.6011,False,,bbox,sweep_cen_bbox_inn072_out088,False
190029,Diocletian,/root/trivalaya-vision/legend_cnn/runs/run_20260410_005311_sweep_cen_bbox_inn072_out088/ribbons/190029.npy,,success,,borderline,0.4203,high_center_offset,0.4548,0.4551,0.2028,0.2615,0.255498,0.134,0.068093,372,303,301,125.16,0.6885,False,,bbox,sweep_cen_bbox_inn072_out088,False
152366,Diocletian,/root/trivalaya-vision/legend_cnn/runs/run_20260410_005311_sweep_cen_bbox_inn072_out088/ribbons/152366.npy,,success,,good,0.688,fallback:center_out_of_bounds,1.0,1.0,0.4983,0.1767,0.606536,0.2643,0.030164,256,256,220,0.0,0.6364,True,center_out_of_bounds,bbox,sweep_cen_bbox_inn072_out088,False
134052,Diocletian,/root/trivalaya-vision/legend_cnn/runs/run_20260410_005311_sweep_cen_bbox_inn072_out088/ribbons/134052.npy,,success,,borderline,0.545,,0.472,0.4724,0.2997,0.3588,0.327343,0.1245,0.127649,365,281,295,111.83,0.6689,False,,bbox,sweep_cen_bbox_inn072_out088,False
190997,Diocletian,/root/trivalaya-vision/legend_cnn/runs/run_20260410_005311_sweep_cen_bbox_inn072_out088/ribbons/190997.npy,,success,,borderline,0.469,fallback:center_out_of_bounds,1.0,1.0,0.7966,0.1551,0.089419,0.0879,0.023961,256,256,220,0.0,0.5556,True,center_out_of_bounds,bbox,sweep_cen_bbox_inn072_out088,False
150355,Diocletian,/root/trivalaya-vision/legend_cnn/runs/run_20260410_005311_sweep_cen_bbox_inn072_out088/ribbons/150355.npy,,success,,borderline,0.4546,fallback:center_out_of_bounds,0.9973,1.0,0.4107,0.1186,0.043641,0.0848,0.013968,256,256,220,0.0,0.5188,True,center_out_of_bounds,bbox,sweep_cen_bbox_inn072_out088,False
172235,Diocletian,/root/trivalaya-vision/legend_cnn/runs/run_20260410_005311_sweep_cen_bbox_inn072_out088/ribbons/172235.npy,,success,,borderline,0.5391,,0.4393,0.44,0.202,0.2948,0.40269,0.1306,0.085938,304,301,285,65.8,0.6191,False,,bbox,sweep_cen_bbox_inn072_out088,False
190009,Diocletian,/root/trivalaya-vision/legend_cnn/runs/run_20260410_005311_sweep_cen_bbox_inn072_out088/ribbons/190009.npy,,success,,good,0.6387,,0.9457,0.9568,0.5515,0.2139,0.32158,0.2614,0.041599,293,235,237,42.54,0.6553,False,,bbox,sweep_cen_bbox_inn072_out088,False
190375,Diocletian,/root/trivalaya-vision/legend_cnn/runs/run_20260410_005311_sweep_cen_bbox_inn072_out088/ribbons/190375.npy,,success,,borderline,0.45,fallback:center_out_of_bounds,1.0,1.0,0.1889,0.0283,0.004396,0.0,0.000798,256,256,220,0.0,0.5879,True,center_out_of_bounds,bbox,sweep_cen_bbox_inn072_out088,False
134901,Diocletian,/root/trivalaya-vision/legend_cnn/runs/run_20260410_005311_sweep_cen_bbox_inn072_out088/ribbons/134901.npy,,success,,good,0.6177,,0.4592,0.465,0.3059,0.3699,0.474086,0.1426,0.136145,342,314,277,103.73,0.6143,False,,bbox,sweep_cen_bbox_inn072_out088,False
172129,Diocletian,/root/trivalaya-vision/legend_cnn/runs/run_20260410_005311_sweep_cen_bbox_inn072_out088/ribbons/172129.npy,,success,,borderline,0.4557,,0.3939,0.3951,0.1913,0.2795,0.344904,0.1052,0.077701,362,300,292,114.77,0.5935,False,,bbox,sweep_cen_bbox_inn072_out088,False
135598,Diocletian,/root/trivalaya-vision/legend_cnn/runs/run_20260410_005311_sweep_cen_bbox_inn072_out088/ribbons/135598.npy,,success,,good,0.5665,fallback:center_out_of_bounds,0.9476,0.9976,0.3423,0.1639,0.369781,0.3013,0.025897,256,256,220,0.0,0.6448,True,center_out_of_bounds,bbox,sweep_cen_bbox_inn072_out088,False
129158,Diocletian,/root/trivalaya-vision/legend_cnn/runs/run_20260410_005311_sweep_cen_bbox_inn072_out088/ribbons/129158.npy,,success,,borderline,0.4728,fallback:center_out_of_bounds,0.9989,1.0,0.4407,0.1062,0.148678,0.2912,0.010614,256,256,220,0.0,0.6329,True,center_out_of_bounds,bbox,sweep_cen_bbox_inn072_out088,False
120018,Diocletian,/root/trivalaya-vision/legend_cnn/runs/run_20260410_005311_sweep_cen_bbox_inn072_out088/ribbons/120018.npy,,success,,borderline,0.3956,high_center_offset,0.3622,0.3624,0.1697,0.2502,0.316765,0.1148,0.061685,373,330,321,138.44,0.6607,False,,bbox,sweep_cen_bbox_inn072_out088,False
122229,Diocletian,/root/trivalaya-vision/legend_cnn/runs/run_20260410_005311_sweep_cen_bbox_inn072_out088/ribbons/122229.npy,,success,,good,0.589,fallback:center_out_of_bounds,0.9777,0.9997,0.3511,0.161,0.402508,0.2856,0.024816,256,256,220,0.0,0.6318,True,center_out_of_bounds,bbox,sweep_cen_bbox_inn072_out088,False
197119,Elagabalus,/root/trivalaya-vision/legend_cnn/runs/run_20260410_005311_sweep_cen_bbox_inn072_out088/ribbons/197119.npy,,success,,borderline,0.4671,fallback:center_out_of_bounds,1.0,1.0,0.8753,0.1518,0.03345,0.036,0.022597,256,256,220,0.0,0.5584,True,center_out_of_bounds,bbox,sweep_cen_bbox_inn072_out088,False
120021,Diocletian,/root/trivalaya-vision/legend_cnn/runs/run_20260410_005311_sweep_cen_bbox_inn072_out088/ribbons/120021.npy,,success,,borderline,0.5456,,0.4646,0.4648,0.2934,0.357,0.341331,0.1108,0.126931,365,290,295,114.18,0.6628,False,,bbox,sweep_cen_bbox_inn072_out088,False
112872,Diocletian,/root/trivalaya-vision/legend_cnn/runs/run_20260410_005311_sweep_cen_bbox_inn072_out088/ribbons/112872.npy,,success,,good,0.6803,,0.4857,0.5085,0.2863,0.3526,0.64675,0.128,0.123662,352,299,284,105.19,0.6662,False,,bbox,sweep_cen_bbox_inn072_out088,False
114429,Elagabalus,/root/trivalaya-vision/legend_cnn/runs/run_20260410_005311_sweep_cen_bbox_inn072_out088/ribbons/114429.npy,,success,,borderline,0.5258,fallback:center_out_of_bounds,0.6429,0.6436,0.3842,0.3357,0.24765,0.1689,0.112265,256,256,220,0.0,0.6395,True,center_out_of_bounds,bbox,sweep_cen_bbox_inn072_out088,False
155532,Elagabalus,/root/trivalaya-vision/legend_cnn/runs/run_20260410_005311_sweep_cen_bbox_inn072_out088/ribbons/155532.npy,,success,,good,0.571,,0.4748,0.4751,0.3418,0.3888,0.326446,0.1026,0.148951,369,285,298,116.66,0.6599,False,,bbox,sweep_cen_bbox_inn072_out088,False
195882,Elagabalus,/root/trivalaya-vision/legend_cnn/runs/run_20260410_005311_sweep_cen_bbox_inn072_out088/ribbons/195882.npy,,success,,borderline,0.5078,,0.9827,0.9831,0.3717,0.107,0.094535,0.1093,0.011213,220,212,178,56.85,0.5601,False,,bbox,sweep_cen_bbox_inn072_out088,False
196459,Elagabalus,/root/trivalaya-vision/legend_cnn/runs/run_20260410_005311_sweep_cen_bbox_inn072_out088/ribbons/196459.npy,,success,,good,0.5591,,0.9999,0.9999,0.4848,0.1398,0.177726,0.1879,0.018274,217,218,202,54.45,0.6718,False,,bbox,sweep_cen_bbox_inn072_out088,False
130700,Diocletian,/root/trivalaya-vision/legend_cnn/runs/run_20260410_005311_sweep_cen_bbox_inn072_out088/ribbons/130700.npy,,success,,good,0.5749,fallback:center_out_of_bounds,0.9857,0.9997,0.3508,0.138,0.381292,0.3152,0.018753,256,256,220,0.0,0.6266,True,center_out_of_bounds,bbox,sweep_cen_bbox_inn072_out088,False
195899,Elagabalus,/root/trivalaya-vision/legend_cnn/runs/run_20260410_005311_sweep_cen_bbox_inn072_out088/ribbons/195899.npy,,success,,borderline,0.5339,,0.6521,0.7404,0.3294,0.2945,0.20768,0.1682,0.086207,318,235,257,65.46,0.6712,False,,bbox,sweep_cen_bbox_inn072_out088,False
196442,Elagabalus,/root/trivalaya-vision/legend_cnn/runs/run_20260410_005311_sweep_cen_bbox_inn072_out088/ribbons/196442.npy,,success,,good,0.6497,fallback:center_out_of_bounds,0.9103,0.995,0.3367,0.2081,0.548494,0.2716,0.042774,256,256,220,0.0,0.6668,True,center_out_of_bounds,bbox,sweep_cen_bbox_inn072_out088,False
117421,Elagabalus,/root/trivalaya-vision/legend_cnn/runs/run_20260410_005311_sweep_cen_bbox_inn072_out088/ribbons/117421.npy,,success,,good,0.5906,,0.5274,0.5277,0.3256,0.3445,0.399065,0.1223,0.117736,347,289,280,96.8,0.6668,False,,bbox,sweep_cen_bbox_inn072_out088,False
151372,Elagabalus,/root/trivalaya-vision/legend_cnn/runs/run_20260410_005311_sweep_cen_bbox_inn072_out088/ribbons/151372.npy,,success,,good,0.6176,,0.5294,0.5298,0.3214,0.3486,0.447457,0.1543,0.120183,337,300,272,92.18,0.6323,False,,bbox,sweep_cen_bbox_inn072_out088,False
155521,Elagabalus,/root/trivalaya-vision/legend_cnn/runs/run_20260410_005311_sweep_cen_bbox_inn072_out088/ribbons/155521.npy,,success,,good,0.5648,,0.491,0.4912,0.3546,0.3812,0.306815,0.1278,0.143712,357,304,288,111.83,0.6743,False,,bbox,sweep_cen_bbox_inn072_out088,False
137548,Elagabalus,/root/trivalaya-vision/legend_cnn/runs/run_20260410_005311_sweep_cen_bbox_inn072_out088/ribbons/137548.npy,,success,,good,0.635,fallback:center_out_of_bounds,0.9999,1.0,0.561,0.1698,0.484198,0.303,0.028204,256,256,220,0.0,0.5106,True,center_out_of_bounds,bbox,sweep_cen_bbox_inn072_out088,False
172015,Elagabalus,/root/trivalaya-vision/legend_cnn/runs/run_20260410_005311_sweep_cen_bbox_inn072_out088/ribbons/172015.npy,,success,,good,0.6842,,0.4577,0.4672,0.2719,0.3459,0.644228,0.1448,0.118441,313,301,279,72.62,0.6147,False,,bbox,sweep_cen_bbox_inn072_out088,False
114418,Elagabalus,/root/trivalaya-vision/legend_cnn/runs/run_20260410_005311_sweep_cen_bbox_inn072_out088/ribbons/114418.npy,,success,,good,0.6432,fallback:center_out_of_bounds,0.9998,1.0,0.4938,0.2145,0.447382,0.2902,0.045598,256,256,220,0.0,0.6641,True,center_out_of_bounds,bbox,sweep_cen_bbox_inn072_out088,False
144179,Elagabalus,/root/trivalaya-vision/legend_cnn/runs/run_20260410_005311_sweep_cen_bbox_inn072_out088/ribbons/144179.npy,,success,,borderline,0.4638,fallback:center_out_of_bounds,0.9972,1.0,0.4038,0.1027,0.129585,0.2809,0.010189,256,256,220,0.0,0.5116,True,center_out_of_bounds,bbox,sweep_cen_bbox_inn072_out088,False
195923,Elagabalus,/root/trivalaya-vision/legend_cnn/runs/run_20260410_005311_sweep_cen_bbox_inn072_out088/ribbons/195923.npy,,success,,borderline,0.4759,fallback:center_out_of_bounds,1.0,1.0,0.4931,0.0929,0.157666,0.2446,0.008551,256,256,220,0.0,0.671,True,center_out_of_bounds,bbox,sweep_cen_bbox_inn072_out088,False
160472,Elagabalus,/root/trivalaya-vision/legend_cnn/runs/run_20260410_005311_sweep_cen_bbox_inn072_out088/ribbons/160472.npy,,success,,good,0.7394,,0.5996,0.6071,0.3956,0.3747,0.585928,0.1687,0.140038,327,267,264,71.85,0.6462,False,,bbox,sweep_cen_bbox_inn072_out088,False
112760,Elagabalus,/root/trivalaya-vision/legend_cnn/runs/run_20260410_005311_sweep_cen_bbox_inn072_out088/ribbons/112760.npy,,success,,good,0.6208,high_center_offset,0.4533,0.4714,0.2525,0.3237,0.617552,0.1399,0.10464,368,302,297,121.08,0.6686,False,,bbox,sweep_cen_bbox_inn072_out088,False
193642,Elagabalus,/root/trivalaya-vision/legend_cnn/runs/run_20260410_005311_sweep_cen_bbox_inn072_out088/ribbons/193642.npy,,success,,good,0.6067,fallback:center_out_of_bounds,0.7248,0.9522,0.4538,0.4231,0.223405,0.0478,0.172954,256,256,220,0.0,0.5703,True,center_out_of_bounds,bbox,sweep_cen_bbox_inn072_out088,False
128462,Elagabalus,/root/trivalaya-vision/legend_cnn/runs/run_20260410_005311_sweep_cen_bbox_inn072_out088/ribbons/128462.npy,,success,,good,0.5714,fallback:center_out_of_bounds,1.0,1.0,0.5499,0.1547,0.34779,0.3189,0.022666,256,256,220,0.0,0.6613,True,center_out_of_bounds,bbox,sweep_cen_bbox_inn072_out088,False
196024,Elagabalus,/root/trivalaya-vision/legend_cnn/runs/run_20260410_005311_sweep_cen_bbox_inn072_out088/ribbons/196024.npy,,success,,good,0.6294,,0.4928,0.4977,0.3114,0.3704,0.467796,0.1322,0.136737,349,296,282,101.24,0.6368,False,,bbox,sweep_cen_bbox_inn072_out088,False
126814,Elagabalus,/root/trivalaya-vision/legend_cnn/runs/run_20260410_005311_sweep_cen_bbox_inn072_out088/ribbons/126814.npy,,success,,borderline,0.4849,high_center_offset,0.4243,0.4245,0.2719,0.3424,0.308977,0.1109,0.116529,385,318,318,143.13,0.7198,False,,bbox,sweep_cen_bbox_inn072_out088,False
196118,Elagabalus,/root/trivalaya-vision/legend_cnn/runs/run_20260410_005311_sweep_cen_bbox_inn072_out088/ribbons/196118.npy,,success,,good,0.5968,fallback:center_out_of_bounds,1.0,1.0,0.6631,0.1751,0.38508,0.2986,0.0301,256,256,220,0.0,0.6304,True,center_out_of_bounds,bbox,sweep_cen_bbox_inn072_out088,False
196454,Elagabalus,/root/trivalaya-vision/legend_cnn/runs/run_20260410_005311_sweep_cen_bbox_inn072_out088/ribbons/196454.npy,,success,,good,0.6382,,0.9999,0.9999,0.4843,0.1494,0.283924,0.179,0.022105,249,262,236,9.22,0.6566,False,,bbox,sweep_cen_bbox_inn072_out088,False
160490,Elagabalus,/root/trivalaya-vision/legend_cnn/runs/run_20260410_005311_sweep_cen_bbox_inn072_out088/ribbons/160490.npy,,success,,good,0.6018,,0.4609,0.4655,0.3022,0.3622,0.479298,0.1338,0.130026,362,311,292,119.42,0.6662,False,,bbox,sweep_cen_bbox_inn072_out088,False
195958,Elagabalus,/root/trivalaya-vision/legend_cnn/runs/run_20260410_005311_sweep_cen_bbox_inn072_out088/ribbons/195958.npy,,success,,borderline,0.5492,,1.0,1.0,0.5534,0.1211,0.168824,0.2166,0.014621,215,217,208,56.59,0.6547,False,,bbox,sweep_cen_bbox_inn072_out088,False
139409,Elagabalus,/root/trivalaya-vision/legend_cnn/runs/run_20260410_005311_sweep_cen_bbox_inn072_out088/ribbons/139409.npy,,success,,good,0.6355,fallback:center_out_of_bounds,0.9987,1.0,0.5276,0.1796,0.479958,0.2849,0.030176,256,256,220,0.0,0.5105,True,center_out_of_bounds,bbox,sweep_cen_bbox_inn072_out088,False
160466,Elagabalus,/root/trivalaya-vision/legend_cnn/runs/run_20260410_005311_sweep_cen_bbox_inn072_out088/ribbons/160466.npy,,success,,good,0.7168,,0.5394,0.546,0.3436,0.3648,0.636115,0.1502,0.13268,343,280,278,90.25,0.6639,False,,bbox,sweep_cen_bbox_inn072_out088,False
196432,Elagabalus,/root/trivalaya-vision/legend_cnn/runs/run_20260410_005311_sweep_cen_bbox_inn072_out088/ribbons/196432.npy,,success,,good,0.5516,fallback:center_out_of_bounds,0.9965,1.0,0.3249,0.1274,0.3249,0.3328,0.015844,256,256,220,0.0,0.6886,True,center_out_of_bounds,bbox,sweep_cen_bbox_inn072_out088,False
144185,Elagabalus,/root/trivalaya-vision/legend_cnn/runs/run_20260410_005311_sweep_cen_bbox_inn072_out088/ribbons/144185.npy,,success,,borderline,0.4928,fallback:center_out_of_bounds,0.9973,1.0,0.3848,0.1079,0.196422,0.2694,0.011294,256,256,220,0.0,0.5112,True,center_out_of_bounds,bbox,sweep_cen_bbox_inn072_out088,False
198306,Gordian III,/root/trivalaya-vision/legend_cnn/runs/run_20260410_005311_sweep_cen_bbox_inn072_out088/ribbons/198306.npy,,success,,good,0.7412,fallback:center_out_of_bounds,0.9973,1.0,0.4865,0.2041,0.746285,0.2944,0.041175,256,256,220,0.0,0.573,True,center_out_of_bounds,bbox,sweep_cen_bbox_inn072_out088,False
164097,Gordian III,/root/trivalaya-vision/legend_cnn/runs/run_20260410_005311_sweep_cen_bbox_inn072_out088/ribbons/164097.npy,,success,,good,0.6869,,0.4813,0.4815,0.3044,0.3609,0.570502,0.134,0.128609,297,294,297,55.9,0.6651,False,,bbox,sweep_cen_bbox_inn072_out088,False
198334,Gordian III,/root/trivalaya-vision/legend_cnn/runs/run_20260410_005311_sweep_cen_bbox_inn072_out088/ribbons/198334.npy,,success,,good,0.597,,0.9424,0.9705,0.4492,0.1741,0.231429,0.2389,0.023935,248,247,248,12.04,0.6992,False,,bbox,sweep_cen_bbox_inn072_out088,False
148430,Gordian III,/root/trivalaya-vision/legend_cnn/runs/run_20260410_005311_sweep_cen_bbox_inn072_out088/ribbons/148430.npy,,success,,borderline,0.4854,high_center_offset,0.4833,0.4839,0.2751,0.3301,0.253018,0.1015,0.108464,373,292,301,122.41,0.7234,False,,bbox,sweep_cen_bbox_inn072_out088,False
112795,Gordian III,/root/trivalaya-vision/legend_cnn/runs/run_20260410_005311_sweep_cen_bbox_inn072_out088/ribbons/112795.npy,,success,,good,0.7292,,0.4702,0.4791,0.2988,0.3752,0.632476,0.1222,0.140196,296,283,296,48.26,0.6536,False,,bbox,sweep_cen_bbox_inn072_out088,False
199251,Gordian III,/root/trivalaya-vision/legend_cnn/runs/run_20260410_005311_sweep_cen_bbox_inn072_out088/ribbons/199251.npy,,success,,borderline,0.45,fallback:center_out_of_bounds,1.0,1.0,0.3097,0.0383,0.02517,0.0411,0.001456,256,256,220,0.0,0.6917,True,center_out_of_bounds,bbox,sweep_cen_bbox_inn072_out088,False
199743,Gordian III,/root/trivalaya-vision/legend_cnn/runs/run_20260410_005311_sweep_cen_bbox_inn072_out088/ribbons/199743.npy,,success,,good,0.6972,fallback:center_out_of_bounds,1.0,1.0,0.5831,0.2123,0.580877,0.2975,0.04479,256,256,220,0.0,0.6359,True,center_out_of_bounds,bbox,sweep_cen_bbox_inn072_out088,False
198487,Gordian III,/root/trivalaya-vision/legend_cnn/runs/run_20260410_005311_sweep_cen_bbox_inn072_out088/ribbons/198487.npy,,success,,good,0.5758,,1.0,1.0,0.4349,0.1318,0.19922,0.2358,0.016809,275,221,222,39.82,0.6604,False,,bbox,sweep_cen_bbox_inn072_out088,False
201116,Gordian III,/root/trivalaya-vision/legend_cnn/runs/run_20260410_005311_sweep_cen_bbox_inn072_out088/ribbons/201116.npy,,success,,borderline,0.5455,fallback:center_out_of_bounds,0.5901,0.8542,0.4037,0.4228,0.189256,0.0403,0.177404,256,256,220,0.0,0.5922,True,center_out_of_bounds,bbox,sweep_cen_bbox_inn072_out088,False
199611,Gordian III,/root/trivalaya-vision/legend_cnn/runs/run_20260410_005311_sweep_cen_bbox_inn072_out088/ribbons/199611.npy,,success,,borderline,0.45,fallback:center_out_of_bounds,1.0,1.0,0.2748,0.0648,0.063733,0.1162,0.004175,256,256,220,0.0,0.5713,True,center_out_of_bounds,bbox,sweep_cen_bbox_inn072_out088,False
199848,Gordian III,/root/trivalaya-vision/legend_cnn/runs/run_20260410_005311_sweep_cen_bbox_inn072_out088/ribbons/199848.npy,,success,,borderline,0.4776,fallback:center_out_of_bounds,0.9984,0.9984,0.2945,0.1243,0.14705,0.2299,0.014781,256,256,220,0.0,0.6888,True,center_out_of_bounds,bbox,sweep_cen_bbox_inn072_out088,False
199597,Gordian III,/root/trivalaya-vision/legend_cnn/runs/run_20260410_005311_sweep_cen_bbox_inn072_out088/ribbons/199597.npy,,success,,good,0.6427,,0.6595,0.66,0.5034,0.3959,0.220421,0.1214,0.155058,308,246,249,52.95,0.6312,False,,bbox,sweep_cen_bbox_inn072_out088,False
199669,Gordian III,/root/trivalaya-vision/legend_cnn/runs/run_20260410_005311_sweep_cen_bbox_inn072_out088/ribbons/199669.npy,,success,,good,0.6242,fallback:center_out_of_bounds,1.0,1.0,0.4803,0.1732,0.452869,0.3194,0.029712,256,256,220,0.0,0.5929,True,center_out_of_bounds,bbox,sweep_cen_bbox_inn072_out088,False
201074,Gordian III,/root/trivalaya-vision/legend_cnn/runs/run_20260410_005311_sweep_cen_bbox_inn072_out088/ribbons/201074.npy,,success,,good,0.6056,fallback:center_out_of_bounds,1.0,1.0,0.5751,0.1571,0.429953,0.3077,0.022915,256,256,220,0.0,0.6887,True,center_out_of_bounds,bbox,sweep_cen_bbox_inn072_out088,False
108369,Gordian III,/root/trivalaya-vision/legend_cnn/runs/run_20260410_005311_sweep_cen_bbox_inn072_out088/ribbons/108369.npy,,success,,good,0.6055,,0.5194,0.5206,0.2782,0.3079,0.48524,0.1322,0.09149,300,311,300,70.43,0.7107,False,,bbox,sweep_cen_bbox_inn072_out088,False
201036,Gordian III,/root/trivalaya-vision/legend_cnn/runs/run_20260410_005311_sweep_cen_bbox_inn072_out088/ribbons/201036.npy,,success,,borderline,0.5374,fallback:center_out_of_bounds,1.0,1.0,0.5405,0.1329,0.282358,0.312,0.01742,256,256,220,0.0,0.6844,True,center_out_of_bounds,bbox,sweep_cen_bbox_inn072_out088,False
191449,Gordian III,/root/trivalaya-vision/legend_cnn/runs/run_20260410_005311_sweep_cen_bbox_inn072_out088/ribbons/191449.npy,,success,,borderline,0.5497,,0.6203,0.6206,0.3655,0.3157,0.236451,0.1808,0.099277,324,269,262,69.23,0.6388,False,,bbox,sweep_cen_bbox_inn072_out088,False
201073,Gordian III,/root/trivalaya-vision/legend_cnn/runs/run_20260410_005311_sweep_cen_bbox_inn072_out088/ribbons/201073.npy,,success,,good,0.5764,fallback:center_out_of_bounds,0.6378,0.9328,0.4484,0.4267,0.223744,0.0458,0.17614,256,256,220,0.0,0.5913,True,center_out_of_bounds,bbox,sweep_cen_bbox_inn072_out088,False
172054,Gordian III,/root/trivalaya-vision/legend_cnn/runs/run_20260410_005311_sweep_cen_bbox_inn072_out088/ribbons/172054.npy,,success,,borderline,0.5478,,0.428,0.4305,0.2446,0.3247,0.44487,0.1284,0.104886,358,300,289,111.09,0.5927,False,,bbox,sweep_cen_bbox_inn072_out088,False
129139,Gordian III,/root/trivalaya-vision/legend_cnn/runs/run_20260410_005311_sweep_cen_bbox_inn072_out088/ribbons/129139.npy,,success,,good,0.7827,fallback:center_out_of_bounds,0.9928,0.9999,0.6533,0.2761,1.047604,0.2963,0.073173,256,256,220,0.0,0.5739,True,center_out_of_bounds,bbox,sweep_cen_bbox_inn072_out088,False
197983,Gordian III,/root/trivalaya-vision/legend_cnn/runs/run_20260410_005311_sweep_cen_bbox_inn072_out088/ribbons/197983.npy,,success,,good,0.6074,,1.0,1.0,0.4375,0.1253,0.262179,0.2316,0.015013,238,235,232,27.66,0.6493,False,,bbox,sweep_cen_bbox_inn072_out088,False
144173,Elagabalus,/root/trivalaya-vision/legend_cnn/runs/run_20260410_005311_sweep_cen_bbox_inn072_out088/ribbons/144173.npy,,success,,good,0.609,fallback:center_out_of_bounds,0.9984,1.0,0.5533,0.175,0.416515,0.3327,0.029979,256,256,220,0.0,0.5119,True,center_out_of_bounds,bbox,sweep_cen_bbox_inn072_out088,False
199141,Gordian III,/root/trivalaya-vision/legend_cnn/runs/run_20260410_005311_sweep_cen_bbox_inn072_out088/ribbons/199141.npy,,success,,borderline,0.4658,fallback:center_out_of_bounds,0.9998,1.0,0.2737,0.0882,0.133156,0.2282,0.00775,256,256,220,0.0,0.653,True,center_out_of_bounds,bbox,sweep_cen_bbox_inn072_out088,False
130062,Gordian III,/root/trivalaya-vision/legend_cnn/runs/run_20260410_005311_sweep_cen_bbox_inn072_out088/ribbons/130062.npy,,success,,good,0.5664,fallback:center_out_of_bounds,0.9805,0.9996,0.3615,0.1577,0.348446,0.289,0.023775,256,256,220,0.0,0.6582,True,center_out_of_bounds,bbox,sweep_cen_bbox_inn072_out088,False
160641,Gordian III,/root/trivalaya-vision/legend_cnn/runs/run_20260410_005311_sweep_cen_bbox_inn072_out088/ribbons/160641.npy,,success,,good,0.71,,0.6501,0.6561,0.3955,0.3479,0.512614,0.195,0.118706,307,274,248,54.08,0.5912,False,,bbox,sweep_cen_bbox_inn072_out088,False
172076,Gordian III,/root/trivalaya-vision/legend_cnn/runs/run_20260410_005311_sweep_cen_bbox_inn072_out088/ribbons/172076.npy,,success,,good,0.6439,,0.3894,0.3937,0.2131,0.3172,0.659976,0.1107,0.099552,307,302,292,68.68,0.6083,False,,bbox,sweep_cen_bbox_inn072_out088,False
117466,Gordian III,/root/trivalaya-vision/legend_cnn/runs/run_20260410_005311_sweep_cen_bbox_inn072_out088/ribbons/117466.npy,,success,,borderline,0.4608,,0.5969,0.5978,0.2422,0.2182,0.203072,0.1159,0.045052,300,297,300,60.14,0.7983,False,,bbox,sweep_cen_bbox_inn072_out088,False
148431,Gordian III,/root/trivalaya-vision/legend_cnn/runs/run_20260410_005311_sweep_cen_bbox_inn072_out088/ribbons/148431.npy,,success,,good,0.5961,,0.4344,0.4499,0.1883,0.2825,0.560646,0.1269,0.078861,296,302,302,60.96,0.6818,False,,bbox,sweep_cen_bbox_inn072_out088,False
199554,Gordian III,/root/trivalaya-vision/legend_cnn/runs/run_20260410_005311_sweep_cen_bbox_inn072_out088/ribbons/199554.npy,,success,,borderline,0.506,fallback:center_out_of_bounds,1.0,1.0,0.5238,0.1099,0.223674,0.2093,0.012047,256,256,220,0.0,0.6214,True,center_out_of_bounds,bbox,sweep_cen_bbox_inn072_out088,False
171800,Hadrian,/root/trivalaya-vision/legend_cnn/runs/run_20260410_005311_sweep_cen_bbox_inn072_out088/ribbons/171800.npy,,success,,borderline,0.5378,,0.475,0.4802,0.2799,0.3244,0.355005,0.1509,0.104519,338,303,273,94.51,0.6008,False,,bbox,sweep_cen_bbox_inn072_out088,False
129931,Gordian III,/root/trivalaya-vision/legend_cnn/runs/run_20260410_005311_sweep_cen_bbox_inn072_out088/ribbons/129931.npy,,success,,borderline,0.5465,fallback:center_out_of_bounds,0.9595,0.9963,0.3308,0.1601,0.318189,0.2953,0.023762,256,256,220,0.0,0.6511,True,center_out_of_bounds,bbox,sweep_cen_bbox_inn072_out088,False
199735,Gordian III,/root/trivalaya-vision/legend_cnn/runs/run_20260410_005311_sweep_cen_bbox_inn072_out088/ribbons/199735.npy,,success,,borderline,0.4741,fallback:center_out_of_bounds,0.996,0.9994,0.2975,0.1096,0.149976,0.2281,0.011923,256,256,220,0.0,0.6385,True,center_out_of_bounds,bbox,sweep_cen_bbox_inn072_out088,False
128413,Hadrian,/root/trivalaya-vision/legend_cnn/runs/run_20260410_005311_sweep_cen_bbox_inn072_out088/ribbons/128413.npy,,success,,good,0.7613,fallback:center_out_of_bounds,1.0,1.0,0.579,0.2446,0.979162,0.3257,0.055445,256,256,220,0.0,0.6802,True,center_out_of_bounds,bbox,sweep_cen_bbox_inn072_out088,False
137480,Hadrian,/root/trivalaya-vision/legend_cnn/runs/run_20260410_005311_sweep_cen_bbox_inn072_out088/ribbons/137480.npy,,success,,borderline,0.5264,fallback:center_out_of_bounds,0.9994,1.0,0.4816,0.1357,0.25504,0.2904,0.017729,256,256,220,0.0,0.5111,True,center_out_of_bounds,bbox,sweep_cen_bbox_inn072_out088,False
159973,Hadrian,/root/trivalaya-vision/legend_cnn/runs/run_20260410_005311_sweep_cen_bbox_inn072_out088/ribbons/159973.npy,,success,,good,0.722,,0.5157,0.5211,0.3072,0.3784,0.557,0.1271,0.142361,291,277,291,40.82,0.6715,False,,bbox,sweep_cen_bbox_inn072_out088,False
137962,Hadrian,/root/trivalaya-vision/legend_cnn/runs/run_20260410_005311_sweep_cen_bbox_inn072_out088/ribbons/137962.npy,,success,,borderline,0.5369,,0.4805,0.4814,0.3158,0.3499,0.263328,0.1562,0.117797,300,309,300,68.88,0.7354,False,,bbox,sweep_cen_bbox_inn072_out088,False
141147,Hadrian,/root/trivalaya-vision/legend_cnn/runs/run_20260410_005311_sweep_cen_bbox_inn072_out088/ribbons/141147.npy,,success,,borderline,0.4431,,0.4701,0.4783,0.2066,0.2771,0.261225,0.0713,0.076472,367,300,296,119.4,0.6736,False,,bbox,sweep_cen_bbox_inn072_out088,False
203340,Hadrian,/root/trivalaya-vision/legend_cnn/runs/run_20260410_005311_sweep_cen_bbox_inn072_out088/ribbons/203340.npy,,success,,good,0.6372,fallback:center_out_of_bounds,0.9939,1.0,0.3941,0.2032,0.452687,0.3001,0.04107,256,256,220,0.0,0.6157,True,center_out_of_bounds,bbox,sweep_cen_bbox_inn072_out088,False
202643,Hadrian,/root/trivalaya-vision/legend_cnn/runs/run_20260410_005311_sweep_cen_bbox_inn072_out088/ribbons/202643.npy,,success,,borderline,0.5411,fallback:center_out_of_bounds,0.9962,0.9963,0.5383,0.1441,0.284179,0.2622,0.020577,256,256,220,0.0,0.7089,True,center_out_of_bounds,bbox,sweep_cen_bbox_inn072_out088,False
118220,Hadrian,/root/trivalaya-vision/legend_cnn/runs/run_20260410_005311_sweep_cen_bbox_inn072_out088/ribbons/118220.npy,,success,,good,0.6537,,0.455,0.4552,0.3209,0.3903,0.432187,0.1053,0.149419,297,282,297,48.55,0.6408,False,,bbox,sweep_cen_bbox_inn072_out088,False
129871,Hadrian,/root/trivalaya-vision/legend_cnn/runs/run_20260410_005311_sweep_cen_bbox_inn072_out088/ribbons/129871.npy,,success,,good,0.5735,fallback:center_out_of_bounds,0.9812,0.9992,0.3903,0.1354,0.383264,0.189,0.018234,256,256,220,0.0,0.6487,True,center_out_of_bounds,bbox,sweep_cen_bbox_inn072_out088,False
119813,Hadrian,/root/trivalaya-vision/legend_cnn/runs/run_20260410_005311_sweep_cen_bbox_inn072_out088/ribbons/119813.npy,,success,,good,0.695,,0.6212,0.6215,0.4415,0.3891,0.381196,0.1387,0.150586,296,276,271,44.72,0.6707,False,,bbox,sweep_cen_bbox_inn072_out088,False
151318,Hadrian,/root/trivalaya-vision/legend_cnn/runs/run_20260410_005311_sweep_cen_bbox_inn072_out088/ribbons/151318.npy,,success,,borderline,0.4619,,0.5378,0.5399,0.2503,0.2574,0.21319,0.1576,0.065665,328,278,265,75.29,0.6062,False,,bbox,sweep_cen_bbox_inn072_out088,False
203353,Hadrian,/root/trivalaya-vision/legend_cnn/runs/run_20260410_005311_sweep_cen_bbox_inn072_out088/ribbons/203353.npy,,success,,borderline,0.5471,,0.459,0.4921,0.2508,0.3438,0.374452,0.1247,0.118068,364,284,294,111.57,0.68,False,,bbox,sweep_cen_bbox_inn072_out088,False
151317,Hadrian,/root/trivalaya-vision/legend_cnn/runs/run_20260410_005311_sweep_cen_bbox_inn072_out088/ribbons/151317.npy,,success,,good,0.5647,fallback:center_out_of_bounds,0.5272,0.5287,0.4023,0.4334,0.289561,0.0848,0.184094,256,256,220,0.0,0.5447,True,center_out_of_bounds,bbox,sweep_cen_bbox_inn072_out088,False
202966,Hadrian,/root/trivalaya-vision/legend_cnn/runs/run_20260410_005311_sweep_cen_bbox_inn072_out088/ribbons/202966.npy,,success,,borderline,0.4994,fallback:center_out_of_bounds,1.0,1.0,0.6945,0.1145,0.205814,0.2163,0.012602,256,256,220,0.0,0.6736,True,center_out_of_bounds,bbox,sweep_cen_bbox_inn072_out088,False
142204,Hadrian,/root/trivalaya-vision/legend_cnn/runs/run_20260410_005311_sweep_cen_bbox_inn072_out088/ribbons/142204.npy,,success,,good,0.6287,fallback:center_out_of_bounds,0.9854,0.9999,0.5257,0.1959,0.459085,0.1835,0.034947,256,256,220,0.0,0.5631,True,center_out_of_bounds,bbox,sweep_cen_bbox_inn072_out088,False
137976,Hadrian,/root/trivalaya-vision/legend_cnn/runs/run_20260410_005311_sweep_cen_bbox_inn072_out088/ribbons/137976.npy,,success,,borderline,0.4583,,0.5641,0.5672,0.2066,0.2147,0.216418,0.13,0.044702,304,281,296,54.12,0.7631,False,,bbox,sweep_cen_bbox_inn072_out088,False
130590,Hadrian,/root/trivalaya-vision/legend_cnn/runs/run_20260410_005311_sweep_cen_bbox_inn072_out088/ribbons/130590.npy,,success,,borderline,0.4977,fallback:center_out_of_bounds,0.9654,0.9964,0.384,0.1303,0.219723,0.3098,0.016066,256,256,220,0.0,0.6473,True,center_out_of_bounds,bbox,sweep_cen_bbox_inn072_out088,False
137491,Hadrian,/root/trivalaya-vision/legend_cnn/runs/run_20260410_005311_sweep_cen_bbox_inn072_out088/ribbons/137491.npy,,success,,borderline,0.463,fallback:center_out_of_bounds,0.5155,0.5165,0.3055,0.3815,0.061224,0.0117,0.145519,256,256,220,0.0,0.5552,True,center_out_of_bounds,bbox,sweep_cen_bbox_inn072_out088,False
150254,Hadrian,/root/trivalaya-vision/legend_cnn/runs/run_20260410_005311_sweep_cen_bbox_inn072_out088/ribbons/150254.npy,,success,,borderline,0.5077,fallback:center_out_of_bounds,0.4713,0.4716,0.3555,0.4205,0.198508,0.046,0.17593,256,256,220,0.0,0.5221,True,center_out_of_bounds,bbox,sweep_cen_bbox_inn072_out088,False
143398,Hadrian,/root/trivalaya-vision/legend_cnn/runs/run_20260410_005311_sweep_cen_bbox_inn072_out088/ribbons/143398.npy,,success,,good,0.5739,fallback:center_out_of_bounds,1.0,1.0,0.4076,0.1475,0.35788,0.3166,0.021456,256,256,220,0.0,0.6435,True,center_out_of_bounds,bbox,sweep_cen_bbox_inn072_out088,False
131409,Hadrian,/root/trivalaya-vision/legend_cnn/runs/run_20260410_005311_sweep_cen_bbox_inn072_out088/ribbons/131409.npy,,success,,borderline,0.4902,high_center_offset,0.3399,0.34,0.2118,0.3237,0.44264,0.1083,0.104574,362,361,334,149.2,0.6436,False,,bbox,sweep_cen_bbox_inn072_out088,False
126536,Hadrian,/root/trivalaya-vision/legend_cnn/runs/run_20260410_005311_sweep_cen_bbox_inn072_out088/ribbons/126536.npy,,success,,borderline,0.5284,,0.5152,0.5157,0.2939,0.311,0.298229,0.151,0.095826,331,274,268,77.13,0.5997,False,,bbox,sweep_cen_bbox_inn072_out088,False
109743,Hadrian,/root/trivalaya-vision/legend_cnn/runs/run_20260410_005311_sweep_cen_bbox_inn072_out088/ribbons/109743.npy,,success,,good,0.6326,fallback:center_out_of_bounds,0.9913,0.9997,0.5342,0.1761,0.483345,0.2686,0.028904,256,256,220,0.0,0.511,True,center_out_of_bounds,bbox,sweep_cen_bbox_inn072_out088,False
126564,Hadrian,/root/trivalaya-vision/legend_cnn/runs/run_20260410_005311_sweep_cen_bbox_inn072_out088/ribbons/126564.npy,,success,,borderline,0.5483,,0.5871,0.5876,0.3412,0.3281,0.23137,0.1435,0.106314,310,292,250,64.9,0.5677,False,,bbox,sweep_cen_bbox_inn072_out088,False
123612,Hadrian,/root/trivalaya-vision/legend_cnn/runs/run_20260410_005311_sweep_cen_bbox_inn072_out088/ribbons/123612.npy,,success,,borderline,0.5478,fallback:center_out_of_bounds,0.983,0.9999,0.4463,0.1837,0.278772,0.131,0.030632,256,256,220,0.0,0.5728,True,center_out_of_bounds,bbox,sweep_cen_bbox_inn072_out088,False
119817,Hadrian,/root/trivalaya-vision/legend_cnn/runs/run_20260410_005311_sweep_cen_bbox_inn072_out088/ribbons/119817.npy,,success,,borderline,0.4509,,0.4579,0.4581,0.2627,0.3203,0.20688,0.0893,0.102132,368,298,297,119.62,0.6588,False,,bbox,sweep_cen_bbox_inn072_out088,False
129979,Hadrian,/root/trivalaya-vision/legend_cnn/runs/run_20260410_005311_sweep_cen_bbox_inn072_out088/ribbons/129979.npy,,success,,good,0.733,fallback:center_out_of_bounds,0.9647,0.9976,0.5264,0.2253,0.685422,0.2983,0.04864,256,256,220,0.0,0.6383,True,center_out_of_bounds,bbox,sweep_cen_bbox_inn072_out088,False
109744,Hadrian,/root/trivalaya-vision/legend_cnn/runs/run_20260410_005311_sweep_cen_bbox_inn072_out088/ribbons/109744.npy,,success,,good,0.7214,fallback:center_out_of_bounds,0.9992,1.0,0.5928,0.1967,0.661141,0.3022,0.038437,256,256,220,0.0,0.5124,True,center_out_of_bounds,bbox,sweep_cen_bbox_inn072_out088,False
207471,Maximian,/root/trivalaya-vision/legend_cnn/runs/run_20260410_005311_sweep_cen_bbox_inn072_out088/ribbons/207471.npy,,success,,borderline,0.3135,high_center_offset,0.3675,0.3678,0.1665,0.2314,0.154899,0.1235,0.05343,384,330,310,147.85,0.6158,False,,bbox,sweep_cen_bbox_inn072_out088,False
207438,Maximian,/root/trivalaya-vision/legend_cnn/runs/run_20260410_005311_sweep_cen_bbox_inn072_out088/ribbons/207438.npy,,success,,borderline,0.5345,fallback:center_out_of_bounds,1.0,1.0,0.5094,0.2145,0.183762,0.2777,0.045422,256,256,220,0.0,0.7266,True,center_out_of_bounds,bbox,sweep_cen_bbox_inn072_out088,False
206878,Maximian,/root/trivalaya-vision/legend_cnn/runs/run_20260410_005311_sweep_cen_bbox_inn072_out088/ribbons/206878.npy,,success,,borderline,0.442,,0.36,0.3602,0.2477,0.345,0.180431,0.0972,0.118099,332,317,321,97.45,0.6469,False,,bbox,sweep_cen_bbox_inn072_out088,False
207371,Maximian,/root/trivalaya-vision/legend_cnn/runs/run_20260410_005311_sweep_cen_bbox_inn072_out088/ribbons/207371.npy,,success,,good,0.6603,fallback:center_out_of_bounds,1.0,1.0,0.5694,0.1861,0.526025,0.3337,0.034164,256,256,220,0.0,0.7275,True,center_out_of_bounds,bbox,sweep_cen_bbox_inn072_out088,False
161124,Maximian,/root/trivalaya-vision/legend_cnn/runs/run_20260410_005311_sweep_cen_bbox_inn072_out088/ribbons/161124.npy,,success,,borderline,0.4996,high_center_offset,0.4755,0.4887,0.2439,0.3189,0.318042,0.1306,0.101131,372,295,300,122.38,0.7208,False,,bbox,sweep_cen_bbox_inn072_out088,False
155126,Maximian,/root/trivalaya-vision/legend_cnn/runs/run_20260410_005311_sweep_cen_bbox_inn072_out088/ribbons/155126.npy,,success,,borderline,0.5238,fallback:center_out_of_bounds,0.9904,1.0,0.3841,0.179,0.217213,0.244,0.029731,256,256,220,0.0,0.6791,True,center_out_of_bounds,bbox,sweep_cen_bbox_inn072_out088,False
131973,Hadrian,/root/trivalaya-vision/legend_cnn/runs/run_20260410_005311_sweep_cen_bbox_inn072_out088/ribbons/131973.npy,,success,,good,0.6904,fallback:center_out_of_bounds,0.9991,1.0,0.5977,0.1988,0.583028,0.2802,0.039323,256,256,220,0.0,0.5121,True,center_out_of_bounds,bbox,sweep_cen_bbox_inn072_out088,False
161069,Maximian,/root/trivalaya-vision/legend_cnn/runs/run_20260410_005311_sweep_cen_bbox_inn072_out088/ribbons/161069.npy,,success,,good,0.5959,,0.4605,0.4828,0.2447,0.3474,0.382645,0.1074,0.119522,296,281,296,47.17,0.6773,False,,bbox,sweep_cen_bbox_inn072_out088,False
127003,Maximian,/root/trivalaya-vision/legend_cnn/runs/run_20260410_005311_sweep_cen_bbox_inn072_out088/ribbons/127003.npy,,success,,borderline,0.4673,,0.4542,0.455,0.2491,0.3,0.216981,0.1224,0.087095,300,309,309,68.88,0.7566,False,,bbox,sweep_cen_bbox_inn072_out088,False
139472,Maximian,/root/trivalaya-vision/legend_cnn/runs/run_20260410_005311_sweep_cen_bbox_inn072_out088/ribbons/139472.npy,,success,,good,0.6522,fallback:center_out_of_bounds,0.7894,0.8107,0.3637,0.2888,0.549098,0.2276,0.075836,256,256,220,0.0,0.3973,True,center_out_of_bounds,bbox,sweep_cen_bbox_inn072_out088,False
172282,Maximian,/root/trivalaya-vision/legend_cnn/runs/run_20260410_005311_sweep_cen_bbox_inn072_out088/ribbons/172282.npy,,success,,borderline,0.4905,,0.4487,0.4496,0.1838,0.2681,0.349421,0.1103,0.071488,324,301,285,81.54,0.5893,False,,bbox,sweep_cen_bbox_inn072_out088,False
206991,Maximian,/root/trivalaya-vision/legend_cnn/runs/run_20260410_005311_sweep_cen_bbox_inn072_out088/ribbons/206991.npy,,success,,borderline,0.4362,,0.4879,0.4882,0.239,0.3011,0.175895,0.0684,0.090363,365,291,295,114.48,0.6859,False,,bbox,sweep_cen_bbox_inn072_out088,False
172291,Maximian,/root/trivalaya-vision/legend_cnn/runs/run_20260410_005311_sweep_cen_bbox_inn072_out088/ribbons/172291.npy,,success,,good,0.6151,,0.4117,0.4186,0.2184,0.3119,0.572419,0.1311,0.096961,303,300,290,64.38,0.5829,False,,bbox,sweep_cen_bbox_inn072_out088,False
152372,Maximian,/root/trivalaya-vision/legend_cnn/runs/run_20260410_005311_sweep_cen_bbox_inn072_out088/ribbons/152372.npy,,success,,good,0.5642,fallback:center_out_of_bounds,0.627,0.6432,0.3533,0.3332,0.360206,0.1839,0.110502,256,256,220,0.0,0.6433,True,center_out_of_bounds,bbox,sweep_cen_bbox_inn072_out088,False
206966,Maximian,/root/trivalaya-vision/legend_cnn/runs/run_20260410_005311_sweep_cen_bbox_inn072_out088/ribbons/206966.npy,,success,,good,0.6355,fallback:center_out_of_bounds,0.9997,1.0,0.5216,0.1505,0.505153,0.2926,0.022195,256,256,220,0.0,0.6816,True,center_out_of_bounds,bbox,sweep_cen_bbox_inn072_out088,False
130117,Maximian,/root/trivalaya-vision/legend_cnn/runs/run_20260410_005311_sweep_cen_bbox_inn072_out088/ribbons/130117.npy,,success,,good,0.6253,,0.4555,0.4583,0.2555,0.3375,0.528308,0.1312,0.11338,319,302,290,78.01,0.64,False,,bbox,sweep_cen_bbox_inn072_out088,False
207428,Maximian,/root/trivalaya-vision/legend_cnn/runs/run_20260410_005311_sweep_cen_bbox_inn072_out088/ribbons/207428.npy,,success,,borderline,0.45,fallback:center_out_of_bounds,1.0,1.0,0.2751,0.0743,0.057972,0.1203,0.005356,256,256,220,0.0,0.7361,True,center_out_of_bounds,bbox,sweep_cen_bbox_inn072_out088,False
161106,Maximian,/root/trivalaya-vision/legend_cnn/runs/run_20260410_005311_sweep_cen_bbox_inn072_out088/ribbons/161106.npy,,success,,borderline,0.5372,,0.4699,0.4961,0.1963,0.293,0.3547,0.1122,0.085612,295,294,295,54.45,0.6869,False,,bbox,sweep_cen_bbox_inn072_out088,False
114531,Maximian,/root/trivalaya-vision/legend_cnn/runs/run_20260410_005311_sweep_cen_bbox_inn072_out088/ribbons/114531.npy,,success,,good,0.5581,fallback:center_out_of_bounds,0.9859,0.9993,0.3706,0.1417,0.340056,0.2598,0.018833,256,256,220,0.0,0.5993,True,center_out_of_bounds,bbox,sweep_cen_bbox_inn072_out088,False
161108,Maximian,/root/trivalaya-vision/legend_cnn/runs/run_20260410_005311_sweep_cen_bbox_inn072_out088/ribbons/161108.npy,,success,,borderline,0.5317,,0.4799,0.5002,0.1998,0.2844,0.351466,0.1124,0.080316,294,296,294,55.17,0.6875,False,,bbox,sweep_cen_bbox_inn072_out088,False
161156,Maximian,/root/trivalaya-vision/legend_cnn/runs/run_20260410_005311_sweep_cen_bbox_inn072_out088/ribbons/161156.npy,,success,,borderline,0.4954,,0.5308,0.5389,0.2401,0.2588,0.277908,0.1591,0.066639,317,273,256,63.32,0.5658,False,,bbox,sweep_cen_bbox_inn072_out088,False
172264,Maximian,/root/trivalaya-vision/legend_cnn/runs/run_20260410_005311_sweep_cen_bbox_inn072_out088/ribbons/172264.npy,,success,,borderline,0.5228,,0.4211,0.4274,0.1836,0.2774,0.43987,0.1238,0.075964,325,303,280,83.49,0.5845,False,,bbox,sweep_cen_bbox_inn072_out088,False
164315,Maximian,/root/trivalaya-vision/legend_cnn/runs/run_20260410_005311_sweep_cen_bbox_inn072_out088/ribbons/164315.npy,,success,,borderline,0.4256,high_center_offset,0.4475,0.4478,0.2195,0.2758,0.242612,0.1158,0.0758,344,339,278,120.97,0.6015,False,,bbox,sweep_cen_bbox_inn072_out088,False
207015,Maximian,/root/trivalaya-vision/legend_cnn/runs/run_20260410_005311_sweep_cen_bbox_inn072_out088/ribbons/207015.npy,,success,,borderline,0.5316,,1.0,1.0,0.373,0.0905,0.110979,0.2077,0.007537,222,240,214,37.58,0.6425,False,,bbox,sweep_cen_bbox_inn072_out088,False
172309,Maximian,/root/trivalaya-vision/legend_cnn/runs/run_20260410_005311_sweep_cen_bbox_inn072_out088/ribbons/172309.npy,,success,,borderline,0.4318,,0.3526,0.353,0.1603,0.2626,0.340358,0.106,0.068411,353,302,285,107.35,0.5746,False,,bbox,sweep_cen_bbox_inn072_out088,False
164250,Maximian,/root/trivalaya-vision/legend_cnn/runs/run_20260410_005311_sweep_cen_bbox_inn072_out088/ribbons/164250.npy,,success,,good,0.5824,,0.5179,0.5181,0.357,0.3949,0.303527,0.1053,0.154335,373,277,301,118.87,0.7421,False,,bbox,sweep_cen_bbox_inn072_out088,False
164249,Maximian,/root/trivalaya-vision/legend_cnn/runs/run_20260410_005311_sweep_cen_bbox_inn072_out088/ribbons/164249.npy,,success,,borderline,0.5258,,0.5699,0.5702,0.2756,0.2943,0.290881,0.1594,0.085826,332,294,268,84.97,0.6402,False,,bbox,sweep_cen_bbox_inn072_out088,False
207048,Maximian,/root/trivalaya-vision/legend_cnn/runs/run_20260410_005311_sweep_cen_bbox_inn072_out088/ribbons/207048.npy,,success,,borderline,0.544,,0.556,0.5563,0.3529,0.3828,0.173561,0.0706,0.145951,355,264,287,99.32,0.6908,False,,bbox,sweep_cen_bbox_inn072_out088,False
164344,Maximian,/root/trivalaya-vision/legend_cnn/runs/run_20260410_005311_sweep_cen_bbox_inn072_out088/ribbons/164344.npy,,success,,borderline,0.459,,0.4411,0.4417,0.2446,0.2983,0.236862,0.1304,0.088196,329,307,266,89.05,0.5463,False,,bbox,sweep_cen_bbox_inn072_out088,False
128510,Maximian,/root/trivalaya-vision/legend_cnn/runs/run_20260410_005311_sweep_cen_bbox_inn072_out088/ribbons/128510.npy,,success,,good,0.5719,fallback:center_out_of_bounds,1.0,1.0,0.3696,0.1691,0.330209,0.246,0.028435,256,256,220,0.0,0.6548,True,center_out_of_bounds,bbox,sweep_cen_bbox_inn072_out088,False
121227,Septimius Severus,/root/trivalaya-vision/legend_cnn/runs/run_20260410_005311_sweep_cen_bbox_inn072_out088/ribbons/121227.npy,,success,,good,0.7717,fallback:center_out_of_bounds,0.9976,1.0,0.6738,0.254,0.898635,0.2083,0.063784,256,256,220,0.0,0.6952,True,center_out_of_bounds,bbox,sweep_cen_bbox_inn072_out088,False
212865,Septimius Severus,/root/trivalaya-vision/legend_cnn/runs/run_20260410_005311_sweep_cen_bbox_inn072_out088/ribbons/212865.npy,,success,,good,0.5898,fallback:center_out_of_bounds,0.6877,0.9336,0.4036,0.4157,0.213919,0.0457,0.167607,256,256,220,0.0,0.5963,True,center_out_of_bounds,bbox,sweep_cen_bbox_inn072_out088,False
207258,Maximian,/root/trivalaya-vision/legend_cnn/runs/run_20260410_005311_sweep_cen_bbox_inn072_out088/ribbons/207258.npy,,success,,good,0.6018,,0.7921,0.7931,0.3628,0.243,0.387628,0.2334,0.058011,194,189,158,91.29,0.5764,False,,bbox,sweep_cen_bbox_inn072_out088,False
108651,Septimius Severus,/root/trivalaya-vision/legend_cnn/runs/run_20260410_005311_sweep_cen_bbox_inn072_out088/ribbons/108651.npy,,success,,good,0.5552,,0.9997,0.9998,0.5022,0.1511,0.158564,0.2015,0.021775,249,201,201,55.44,0.6827,False,,bbox,sweep_cen_bbox_inn072_out088,False
142261,Septimius Severus,/root/trivalaya-vision/legend_cnn/runs/run_20260410_005311_sweep_cen_bbox_inn072_out088/ribbons/142261.npy,,success,,good,0.7806,fallback:center_out_of_bounds,0.9996,1.0,0.5734,0.2658,1.004891,0.2633,0.069868,256,256,220,0.0,0.5154,True,center_out_of_bounds,bbox,sweep_cen_bbox_inn072_out088,False
211677,Septimius Severus,/root/trivalaya-vision/legend_cnn/runs/run_20260410_005311_sweep_cen_bbox_inn072_out088/ribbons/211677.npy,,success,,borderline,0.5159,fallback:center_out_of_bounds,0.6442,0.6447,0.3938,0.3192,0.256583,0.1833,0.101814,256,256,220,0.0,0.6446,True,center_out_of_bounds,bbox,sweep_cen_bbox_inn072_out088,False
212049,Septimius Severus,/root/trivalaya-vision/legend_cnn/runs/run_20260410_005311_sweep_cen_bbox_inn072_out088/ribbons/212049.npy,,success,,borderline,0.5336,,0.4184,0.4309,0.2162,0.3062,0.393951,0.1135,0.092101,304,307,307,70.04,0.674,False,,bbox,sweep_cen_bbox_inn072_out088,False
211570,Septimius Severus,/root/trivalaya-vision/legend_cnn/runs/run_20260410_005311_sweep_cen_bbox_inn072_out088/ribbons/211570.npy,,success,,good,0.5618,,0.9899,0.9982,0.6654,0.1609,0.165674,0.1943,0.025044,249,205,201,51.48,0.6632,False,,bbox,sweep_cen_bbox_inn072_out088,False
212833,Septimius Severus,/root/trivalaya-vision/legend_cnn/runs/run_20260410_005311_sweep_cen_bbox_inn072_out088/ribbons/212833.npy,,success,,borderline,0.4993,,0.4577,0.4608,0.2085,0.2902,0.369783,0.1195,0.084053,357,302,289,110.98,0.6565,False,,bbox,sweep_cen_bbox_inn072_out088,False
212435,Septimius Severus,/root/trivalaya-vision/legend_cnn/runs/run_20260410_005311_sweep_cen_bbox_inn072_out088/ribbons/212435.npy,,success,,borderline,0.4725,fallback:center_out_of_bounds,0.9977,1.0,0.2791,0.102,0.150533,0.2559,0.01008,256,256,220,0.0,0.689,True,center_out_of_bounds,bbox,sweep_cen_bbox_inn072_out088,False
212853,Septimius Severus,/root/trivalaya-vision/legend_cnn/runs/run_20260410_005311_sweep_cen_bbox_inn072_out088/ribbons/212853.npy,,success,,good,0.5709,fallback:center_out_of_bounds,0.6526,0.9001,0.3839,0.4141,0.197845,0.0462,0.166679,256,256,220,0.0,0.5947,True,center_out_of_bounds,bbox,sweep_cen_bbox_inn072_out088,False
212156,Septimius Severus,/root/trivalaya-vision/legend_cnn/runs/run_20260410_005311_sweep_cen_bbox_inn072_out088/ribbons/212156.npy,,success,,borderline,0.5265,fallback:center_out_of_bounds,0.9987,1.0,0.3281,0.1522,0.240707,0.278,0.022375,256,256,220,0.0,0.7043,True,center_out_of_bounds,bbox,sweep_cen_bbox_inn072_out088,False
212158,Septimius Severus,/root/trivalaya-vision/legend_cnn/runs/run_20260410_005311_sweep_cen_bbox_inn072_out088/ribbons/212158.npy,,success,,borderline,0.4575,fallback:center_out_of_bounds,1.0,1.0,0.2274,0.0796,0.112934,0.2156,0.006242,256,256,220,0.0,0.7193,True,center_out_of_bounds,bbox,sweep_cen_bbox_inn072_out088,False
126748,Septimius Severus,/root/trivalaya-vision/legend_cnn/runs/run_20260410_005311_sweep_cen_bbox_inn072_out088/ribbons/126748.npy,,success,,good,0.6442,,0.528,0.5283,0.3013,0.3284,0.535607,0.1505,0.106923,327,291,264,79.16,0.5948,False,,bbox,sweep_cen_bbox_inn072_out088,False
126721,Septimius Severus,/root/trivalaya-vision/legend_cnn/runs/run_20260410_005311_sweep_cen_bbox_inn072_out088/ribbons/126721.npy,,success,,good,0.5932,fallback:center_out_of_bounds,0.6005,0.6015,0.4595,0.4286,0.296293,0.0931,0.169395,256,256,220,0.0,0.5528,True,center_out_of_bounds,bbox,sweep_cen_bbox_inn072_out088,False
212165,Septimius Severus,/root/trivalaya-vision/legend_cnn/runs/run_20260410_005311_sweep_cen_bbox_inn072_out088/ribbons/212165.npy,,success,,good,0.675,fallback:center_out_of_bounds,1.0,1.0,0.6772,0.3279,0.326346,0.1605,0.106166,256,256,220,0.0,0.7589,True,center_out_of_bounds,bbox,sweep_cen_bbox_inn072_out088,False
117361,Septimius Severus,/root/trivalaya-vision/legend_cnn/runs/run_20260410_005311_sweep_cen_bbox_inn072_out088/ribbons/117361.npy,,success,,good,0.5712,,0.4274,0.4276,0.2772,0.3542,0.361191,0.1211,0.123882,297,303,303,62.37,0.6732,False,,bbox,sweep_cen_bbox_inn072_out088,False
212879,Septimius Severus,/root/trivalaya-vision/legend_cnn/runs/run_20260410_005311_sweep_cen_bbox_inn072_out088/ribbons/212879.npy,,success,,good,0.574,fallback:center_out_of_bounds,0.6486,0.9022,0.4001,0.4186,0.208812,0.0482,0.169417,256,256,220,0.0,0.6018,True,center_out_of_bounds,bbox,sweep_cen_bbox_inn072_out088,False
160185,Septimius Severus,/root/trivalaya-vision/legend_cnn/runs/run_20260410_005311_sweep_cen_bbox_inn072_out088/ribbons/160185.npy,,success,,good,0.6803,high_center_offset,0.4404,0.4488,0.2776,0.3614,0.699951,0.1308,0.129119,369,310,300,125.24,0.6704,False,,bbox,sweep_cen_bbox_inn072_out088,False
212838,Septimius Severus,/root/trivalaya-vision/legend_cnn/runs/run_20260410_005311_sweep_cen_bbox_inn072_out088/ribbons/212838.npy,,success,,borderline,0.4687,fallback:center_out_of_bounds,1.0,1.0,0.8156,0.1546,0.096387,0.0961,0.023286,256,256,220,0.0,0.5937,True,center_out_of_bounds,bbox,sweep_cen_bbox_inn072_out088,False
129914,Septimius Severus,/root/trivalaya-vision/legend_cnn/runs/run_20260410_005311_sweep_cen_bbox_inn072_out088/ribbons/129914.npy,,success,,borderline,0.5243,fallback:center_out_of_bounds,0.9761,0.9977,0.4027,0.1506,0.257747,0.2231,0.021432,256,256,220,0.0,0.6324,True,center_out_of_bounds,bbox,sweep_cen_bbox_inn072_out088,False
211590,Septimius Severus,/root/trivalaya-vision/legend_cnn/runs/run_20260410_005311_sweep_cen_bbox_inn072_out088/ribbons/211590.npy,,success,,good,0.6188,,1.0,1.0,0.5269,0.1498,0.272312,0.2798,0.022059,235,233,230,31.14,0.6805,False,,bbox,sweep_cen_bbox_inn072_out088,False
122119,Septimius Severus,/root/trivalaya-vision/legend_cnn/runs/run_20260410_005311_sweep_cen_bbox_inn072_out088/ribbons/122119.npy,,success,,good,0.7579,fallback:center_out_of_bounds,0.9954,1.0,0.5139,0.2357,0.825854,0.3161,0.054097,256,256,220,0.0,0.6269,True,center_out_of_bounds,bbox,sweep_cen_bbox_inn072_out088,False
126740,Septimius Severus,/root/trivalaya-vision/legend_cnn/runs/run_20260410_005311_sweep_cen_bbox_inn072_out088/ribbons/126740.npy,,success,,good,0.5867,,0.5401,0.5406,0.3348,0.3371,0.352637,0.1714,0.111591,300,308,300,68.12,0.7095,False,,bbox,sweep_cen_bbox_inn072_out088,False
117371,Septimius Severus,/root/trivalaya-vision/legend_cnn/runs/run_20260410_005311_sweep_cen_bbox_inn072_out088/ribbons/117371.npy,,success,,borderline,0.4229,,0.4839,0.4846,0.2667,0.2877,0.133105,0.1212,0.082145,339,289,274,89.32,0.6125,False,,bbox,sweep_cen_bbox_inn072_out088,False
211579,Septimius Severus,/root/trivalaya-vision/legend_cnn/runs/run_20260410_005311_sweep_cen_bbox_inn072_out088/ribbons/211579.npy,,success,,good,0.6195,,1.0,1.0,0.6077,0.1448,0.301789,0.212,0.020157,250,212,203,44.41,0.607,False,,bbox,sweep_cen_bbox_inn072_out088,False
212408,Septimius Severus,/root/trivalaya-vision/legend_cnn/runs/run_20260410_005311_sweep_cen_bbox_inn072_out088/ribbons/212408.npy,,success,,borderline,0.4972,,0.638,0.6389,0.2591,0.2224,0.221172,0.1782,0.048459,301,252,243,45.18,0.5568,False,,bbox,sweep_cen_bbox_inn072_out088,False
212184,Septimius Severus,/root/trivalaya-vision/legend_cnn/runs/run_20260410_005311_sweep_cen_bbox_inn072_out088/ribbons/212184.npy,,success,,good,0.5512,fallback:center_out_of_bounds,0.7802,0.7817,0.4677,0.3733,0.107678,0.1444,0.13824,256,256,220,0.0,0.6438,True,center_out_of_bounds,bbox,sweep_cen_bbox_inn072_out088,False
114439,Severus Alexander,/root/trivalaya-vision/legend_cnn/runs/run_20260410_005311_sweep_cen_bbox_inn072_out088/ribbons/114439.npy,,success,,borderline,0.5027,fallback:center_out_of_bounds,0.9946,0.9999,0.4406,0.1244,0.212802,0.1901,0.01434,256,256,220,0.0,0.5576,True,center_out_of_bounds,bbox,sweep_cen_bbox_inn072_out088,False
212112,Septimius Severus,/root/trivalaya-vision/legend_cnn/runs/run_20260410_005311_sweep_cen_bbox_inn072_out088/ribbons/212112.npy,,success,,borderline,0.4837,fallback:center_out_of_bounds,1.0,1.0,0.5212,0.1025,0.174583,0.1798,0.010448,256,256,220,0.0,0.6364,True,center_out_of_bounds,bbox,sweep_cen_bbox_inn072_out088,False
214339,Severus Alexander,/root/trivalaya-vision/legend_cnn/runs/run_20260410_005311_sweep_cen_bbox_inn072_out088/ribbons/214339.npy,,success,,good,0.5771,fallback:center_out_of_bounds,0.6522,0.8825,0.446,0.4228,0.213364,0.0437,0.174591,256,256,220,0.0,0.5887,True,center_out_of_bounds,bbox,sweep_cen_bbox_inn072_out088,False
122128,Septimius Severus,/root/trivalaya-vision/legend_cnn/runs/run_20260410_005311_sweep_cen_bbox_inn072_out088/ribbons/122128.npy,,success,,good,0.7086,fallback:center_out_of_bounds,0.926,0.9878,0.5261,0.2609,0.606596,0.2999,0.064657,256,256,220,0.0,0.6029,True,center_out_of_bounds,bbox,sweep_cen_bbox_inn072_out088,False
214342,Severus Alexander,/root/trivalaya-vision/legend_cnn/runs/run_20260410_005311_sweep_cen_bbox_inn072_out088/ribbons/214342.npy,,success,,borderline,0.2513,high_center_offset,0.3861,0.3873,0.0945,0.1279,0.050556,0.073,0.016305,372,332,300,138.68,0.6155,False,,bbox,sweep_cen_bbox_inn072_out088,False
213676,Severus Alexander,/root/trivalaya-vision/legend_cnn/runs/run_20260410_005311_sweep_cen_bbox_inn072_out088/ribbons/213676.npy,,success,,borderline,0.5205,fallback:center_out_of_bounds,0.9999,1.0,0.5284,0.1598,0.217486,0.2931,0.024697,256,256,220,0.0,0.7618,True,center_out_of_bounds,bbox,sweep_cen_bbox_inn072_out088,False
213905,Severus Alexander,/root/trivalaya-vision/legend_cnn/runs/run_20260410_005311_sweep_cen_bbox_inn072_out088/ribbons/213905.npy,,success,,good,0.5696,fallback:center_out_of_bounds,0.9841,0.9846,0.518,0.2023,0.299349,0.2316,0.040281,256,256,220,0.0,0.6895,True,center_out_of_bounds,bbox,sweep_cen_bbox_inn072_out088,False
160522,Severus Alexander,/root/trivalaya-vision/legend_cnn/runs/run_20260410_005311_sweep_cen_bbox_inn072_out088/ribbons/160522.npy,,success,,borderline,0.5193,high_center_offset,0.443,0.4546,0.2892,0.3532,0.315247,0.1202,0.124027,363,311,293,120.31,0.6629,False,,bbox,sweep_cen_bbox_inn072_out088,False
213821,Severus Alexander,/root/trivalaya-vision/legend_cnn/runs/run_20260410_005311_sweep_cen_bbox_inn072_out088/ribbons/213821.npy,,success,,good,0.5827,fallback:center_out_of_bounds,1.0,1.0,0.5633,0.1838,0.339359,0.303,0.033605,256,256,220,0.0,0.6864,True,center_out_of_bounds,bbox,sweep_cen_bbox_inn072_out088,False
213539,Severus Alexander,/root/trivalaya-vision/legend_cnn/runs/run_20260410_005311_sweep_cen_bbox_inn072_out088/ribbons/213539.npy,,success,,borderline,0.4284,high_center_offset,0.6427,0.6428,0.3237,0.2683,0.128805,0.0661,0.071391,176,141,142,140.09,0.6761,False,,bbox,sweep_cen_bbox_inn072_out088,False
160596,Severus Alexander,/root/trivalaya-vision/legend_cnn/runs/run_20260410_005311_sweep_cen_bbox_inn072_out088/ribbons/160596.npy,,success,,good,0.7612,,0.4842,0.4922,0.3066,0.3792,0.73969,0.1289,0.140484,295,289,295,51.09,0.6758,False,,bbox,sweep_cen_bbox_inn072_out088,False
126832,Severus Alexander,/root/trivalaya-vision/legend_cnn/runs/run_20260410_005311_sweep_cen_bbox_inn072_out088/ribbons/126832.npy,,success,,good,0.6283,,0.8485,0.8493,0.5162,0.3324,0.197208,0.1682,0.10985,260,188,210,68.12,0.6429,False,,bbox,sweep_cen_bbox_inn072_out088,False
213046,Severus Alexander,/root/trivalaya-vision/legend_cnn/runs/run_20260410_005311_sweep_cen_bbox_inn072_out088/ribbons/213046.npy,,success,,borderline,0.5313,fallback:center_out_of_bounds,1.0,1.0,0.5151,0.1153,0.282205,0.2984,0.012962,256,256,220,0.0,0.6703,True,center_out_of_bounds,bbox,sweep_cen_bbox_inn072_out088,False
214330,Severus Alexander,/root/trivalaya-vision/legend_cnn/runs/run_20260410_005311_sweep_cen_bbox_inn072_out088/ribbons/214330.npy,,success,,good,0.5868,fallback:center_out_of_bounds,0.6828,0.8746,0.4075,0.4151,0.210891,0.0463,0.166382,256,256,220,0.0,0.5922,True,center_out_of_bounds,bbox,sweep_cen_bbox_inn072_out088,False
114448,Severus Alexander,/root/trivalaya-vision/legend_cnn/runs/run_20260410_005311_sweep_cen_bbox_inn072_out088/ribbons/114448.npy,,success,,good,0.6161,fallback:center_out_of_bounds,0.9985,1.0,0.5933,0.2113,0.40124,0.2851,0.039941,256,256,220,0.0,0.5623,True,center_out_of_bounds,bbox,sweep_cen_bbox_inn072_out088,False
213337,Severus Alexander,/root/trivalaya-vision/legend_cnn/runs/run_20260410_005311_sweep_cen_bbox_inn072_out088/ribbons/213337.npy,,success,,good,0.5803,,0.9908,0.991,0.7491,0.1576,0.224135,0.2475,0.024084,220,210,209,58.41,0.6582,False,,bbox,sweep_cen_bbox_inn072_out088,False
213152,Severus Alexander,/root/trivalaya-vision/legend_cnn/runs/run_20260410_005311_sweep_cen_bbox_inn072_out088/ribbons/213152.npy,,success,,good,0.5512,,0.9999,1.0,0.3967,0.0936,0.139652,0.2431,0.008059,244,233,224,25.94,0.6339,False,,bbox,sweep_cen_bbox_inn072_out088,False
155037,Severus Alexander,/root/trivalaya-vision/legend_cnn/runs/run_20260410_005311_sweep_cen_bbox_inn072_out088/ribbons/155037.npy,,success,,good,0.5809,fallback:center_out_of_bounds,0.9965,1.0,0.413,0.1436,0.381693,0.3073,0.020269,256,256,220,0.0,0.5727,True,center_out_of_bounds,bbox,sweep_cen_bbox_inn072_out088,False
123624,Septimius Severus,/root/trivalaya-vision/legend_cnn/runs/run_20260410_005311_sweep_cen_bbox_inn072_out088/ribbons/123624.npy,,success,,good,0.7568,fallback:center_out_of_bounds,0.9982,1.0,0.6247,0.2323,0.974752,0.3013,0.052513,256,256,220,0.0,0.5879,True,center_out_of_bounds,bbox,sweep_cen_bbox_inn072_out088,False
117440,Severus Alexander,/root/trivalaya-vision/legend_cnn/runs/run_20260410_005311_sweep_cen_bbox_inn072_out088/ribbons/117440.npy,,success,,good,0.5881,,0.4439,0.4443,0.2749,0.3445,0.402645,0.1119,0.115885,296,294,296,55.17,0.671,False,,bbox,sweep_cen_bbox_inn072_out088,False
213587,Severus Alexander,/root/trivalaya-vision/legend_cnn/runs/run_20260410_005311_sweep_cen_bbox_inn072_out088/ribbons/213587.npy,,success,,good,0.5685,fallback:center_out_of_bounds,1.0,1.0,0.4221,0.1541,0.341216,0.27,0.02249,256,256,220,0.0,0.6918,True,center_out_of_bounds,bbox,sweep_cen_bbox_inn072_out088,False
213823,Severus Alexander,/root/trivalaya-vision/legend_cnn/runs/run_20260410_005311_sweep_cen_bbox_inn072_out088/ribbons/213823.npy,,success,,borderline,0.5238,,0.543,0.5435,0.2597,0.2779,0.348146,0.1729,0.076691,343,282,277,90.8,0.6661,False,,bbox,sweep_cen_bbox_inn072_out088,False
213078,Severus Alexander,/root/trivalaya-vision/legend_cnn/runs/run_20260410_005311_sweep_cen_bbox_inn072_out088/ribbons/213078.npy,,success,,good,0.6097,,0.9393,0.9397,0.5601,0.2857,0.216716,0.1964,0.078867,220,170,178,93.23,0.7376,False,,bbox,sweep_cen_bbox_inn072_out088,False
205459,Severus Alexander,/root/trivalaya-vision/legend_cnn/runs/run_20260410_005311_sweep_cen_bbox_inn072_out088/ribbons/205459.npy,,success,,borderline,0.4546,fallback:center_out_of_bounds,1.0,1.0,0.4316,0.0822,0.105788,0.2373,0.006669,256,256,220,0.0,0.6893,True,center_out_of_bounds,bbox,sweep_cen_bbox_inn072_out088,False
214329,Severus Alexander,/root/trivalaya-vision/legend_cnn/runs/run_20260410_005311_sweep_cen_bbox_inn072_out088/ribbons/214329.npy,,success,,good,0.6085,fallback:center_out_of_bounds,0.7348,0.9432,0.4471,0.4217,0.21946,0.0475,0.169269,256,256,220,0.0,0.5861,True,center_out_of_bounds,bbox,sweep_cen_bbox_inn072_out088,False
213463,Severus Alexander,/root/trivalaya-vision/legend_cnn/runs/run_20260410_005311_sweep_cen_bbox_inn072_out088/ribbons/213463.npy,,success,,good,0.6759,fallback:center_out_of_bounds,0.9922,0.9997,0.5679,0.2285,0.512909,0.31,0.051779,256,256,220,0.0,0.6962,True,center_out_of_bounds,bbox,sweep_cen_bbox_inn072_out088,False
213615,Severus Alexander,/root/trivalaya-vision/legend_cnn/runs/run_20260410_005311_sweep_cen_bbox_inn072_out088/ribbons/213615.npy,,success,,good,0.6361,,1.0,1.0,0.3629,0.1451,0.364491,0.3148,0.021017,230,202,186,59.93,0.5715,False,,bbox,sweep_cen_bbox_inn072_out088,False
213132,Severus Alexander,/root/trivalaya-vision/legend_cnn/runs/run_20260410_005311_sweep_cen_bbox_inn072_out088/ribbons/213132.npy,,success,,borderline,0.5427,fallback:center_out_of_bounds,1.0,1.0,0.3808,0.1351,0.293614,0.1928,0.017886,256,256,220,0.0,0.6683,True,center_out_of_bounds,bbox,sweep_cen_bbox_inn072_out088,False
135533,Severus Alexander,/root/trivalaya-vision/legend_cnn/runs/run_20260410_005311_sweep_cen_bbox_inn072_out088/ribbons/135533.npy,,success,,borderline,0.348,high_center_offset,0.3168,0.3173,0.1842,0.2923,0.16478,0.1089,0.0847,356,352,356,138.62,0.6872,False,,bbox,sweep_cen_bbox_inn072_out088,False
145106,Severus Alexander,/root/trivalaya-vision/legend_cnn/runs/run_20260410_005311_sweep_cen_bbox_inn072_out088/ribbons/145106.npy,,success,,borderline,0.4799,fallback:center_out_of_bounds,0.9915,0.999,0.3208,0.1133,0.165395,0.2859,0.012673,256,256,220,0.0,0.6862,True,center_out_of_bounds,bbox,sweep_cen_bbox_inn072_out088,False
208742,Trajan,/root/trivalaya-vision/legend_cnn/runs/run_20260410_005311_sweep_cen_bbox_inn072_out088/ribbons/208742.npy,,success,,borderline,0.45,fallback:center_out_of_bounds,1.0,1.0,0.3396,0.0839,0.082869,0.1748,0.00688,256,256,220,0.0,0.732,True,center_out_of_bounds,bbox,sweep_cen_bbox_inn072_out088,False
108643,Trajan,/root/trivalaya-vision/legend_cnn/runs/run_20260410_005311_sweep_cen_bbox_inn072_out088/ribbons/108643.npy,,success,,good,0.5654,,1.0,1.0,0.5666,0.1816,0.1861,0.1879,0.030117,204,203,204,74.25,0.6611,False,,bbox,sweep_cen_bbox_inn072_out088,False
135452,Trajan,/root/trivalaya-vision/legend_cnn/runs/run_20260410_005311_sweep_cen_bbox_inn072_out088/ribbons/135452.npy,,success,,borderline,0.5144,,0.3798,0.3848,0.3027,0.4253,0.241228,0.0492,0.180733,373,239,301,118.23,0.6019,False,,bbox,sweep_cen_bbox_inn072_out088,False
216073,Trajan,/root/trivalaya-vision/legend_cnn/runs/run_20260410_005311_sweep_cen_bbox_inn072_out088/ribbons/216073.npy,,success,,borderline,0.4752,fallback:center_out_of_bounds,1.0,1.0,0.8172,0.1582,0.107499,0.0936,0.024702,256,256,220,0.0,0.5554,True,center_out_of_bounds,bbox,sweep_cen_bbox_inn072_out088,False
119807,Trajan,/root/trivalaya-vision/legend_cnn/runs/run_20260410_005311_sweep_cen_bbox_inn072_out088/ribbons/119807.npy,,success,,good,0.5676,,0.5317,0.532,0.3257,0.3458,0.321357,0.1312,0.119391,341,282,275,88.89,0.6443,False,,bbox,sweep_cen_bbox_inn072_out088,False
144203,Severus Alexander,/root/trivalaya-vision/legend_cnn/runs/run_20260410_005311_sweep_cen_bbox_inn072_out088/ribbons/144203.npy,,success,,good,0.7301,fallback:center_out_of_bounds,0.9977,1.0,0.5801,0.2039,0.675238,0.3008,0.040962,256,256,220,0.0,0.5118,True,center_out_of_bounds,bbox,sweep_cen_bbox_inn072_out088,False
216036,Trajan,/root/trivalaya-vision/legend_cnn/runs/run_20260410_005311_sweep_cen_bbox_inn072_out088/ribbons/216036.npy,,success,,good,0.5512,fallback:center_out_of_bounds,1.0,1.0,0.4667,0.1487,0.302116,0.2664,0.021656,256,256,220,0.0,0.6803,True,center_out_of_bounds,bbox,sweep_cen_bbox_inn072_out088,False
216026,Trajan,/root/trivalaya-vision/legend_cnn/runs/run_20260410_005311_sweep_cen_bbox_inn072_out088/ribbons/216026.npy,,success,,good,0.6123,,0.6145,0.6157,0.2922,0.3355,0.288572,0.1409,0.112194,278,277,278,30.41,0.6793,False,,bbox,sweep_cen_bbox_inn072_out088,False
153254,Trajan,/root/trivalaya-vision/legend_cnn/runs/run_20260410_005311_sweep_cen_bbox_inn072_out088/ribbons/153254.npy,,success,,good,0.6854,fallback:center_out_of_bounds,0.9535,0.9969,0.4455,0.1996,0.608843,0.2934,0.039586,256,256,220,0.0,0.67,True,center_out_of_bounds,bbox,sweep_cen_bbox_inn072_out088,False
216037,Trajan,/root/trivalaya-vision/legend_cnn/runs/run_20260410_005311_sweep_cen_bbox_inn072_out088/ribbons/216037.npy,,success,,borderline,0.4706,fallback:center_out_of_bounds,1.0,1.0,0.8078,0.1601,0.075852,0.0698,0.025191,256,256,220,0.0,0.5225,True,center_out_of_bounds,bbox,sweep_cen_bbox_inn072_out088,False
109769,Severus Alexander,/root/trivalaya-vision/legend_cnn/runs/run_20260410_005311_sweep_cen_bbox_inn072_out088/ribbons/109769.npy,,success,,good,0.6425,fallback:center_out_of_bounds,0.9984,1.0,0.5256,0.1715,0.501776,0.3088,0.028777,256,256,220,0.0,0.5119,True,center_out_of_bounds,bbox,sweep_cen_bbox_inn072_out088,False
214783,Trajan,/root/trivalaya-vision/legend_cnn/runs/run_20260410_005311_sweep_cen_bbox_inn072_out088/ribbons/214783.npy,,success,,borderline,0.5435,fallback:center_out_of_bounds,1.0,1.0,0.5948,0.1472,0.284005,0.2607,0.021441,256,256,220,0.0,0.6502,True,center_out_of_bounds,bbox,sweep_cen_bbox_inn072_out088,False
109771,Severus Alexander,/root/trivalaya-vision/legend_cnn/runs/run_20260410_005311_sweep_cen_bbox_inn072_out088/ribbons/109771.npy,,success,,good,0.7483,fallback:center_out_of_bounds,0.9966,0.9998,0.6292,0.2373,0.676566,0.2848,0.054409,256,256,220,0.0,0.5112,True,center_out_of_bounds,bbox,sweep_cen_bbox_inn072_out088,False
133775,Trajan,/root/trivalaya-vision/legend_cnn/runs/run_20260410_005311_sweep_cen_bbox_inn072_out088/ribbons/133775.npy,,success,,good,0.6826,,0.4967,0.4969,0.3423,0.3868,0.475887,0.1226,0.146237,293,286,293,47.63,0.6615,False,,bbox,sweep_cen_bbox_inn072_out088,False
131394,Trajan,/root/trivalaya-vision/legend_cnn/runs/run_20260410_005311_sweep_cen_bbox_inn072_out088/ribbons/131394.npy,,success,,good,0.766,fallback:center_out_of_bounds,0.9999,1.0,0.646,0.2443,1.042171,0.3106,0.058969,256,256,220,0.0,0.6624,True,center_out_of_bounds,bbox,sweep_cen_bbox_inn072_out088,False
113867,Trajan,/root/trivalaya-vision/legend_cnn/runs/run_20260410_005311_sweep_cen_bbox_inn072_out088/ribbons/113867.npy,,success,,borderline,0.4634,,0.4688,0.469,0.2553,0.3119,0.239923,0.0898,0.096895,365,297,295,116.46,0.6718,False,,bbox,sweep_cen_bbox_inn072_out088,False
214426,Trajan,/root/trivalaya-vision/legend_cnn/runs/run_20260410_005311_sweep_cen_bbox_inn072_out088/ribbons/214426.npy,,success,,borderline,0.5414,fallback:center_out_of_bounds,1.0,1.0,0.7216,0.315,0.121651,0.118,0.069564,256,256,220,0.0,0.569,True,center_out_of_bounds,bbox,sweep_cen_bbox_inn072_out088,False
126478,Trajan,/root/trivalaya-vision/legend_cnn/runs/run_20260410_005311_sweep_cen_bbox_inn072_out088/ribbons/126478.npy,,success,,borderline,0.449,,0.5621,0.5626,0.2683,0.2528,0.171698,0.137,0.062695,326,285,263,75.77,0.6189,False,,bbox,sweep_cen_bbox_inn072_out088,False
171789,Trajan,/root/trivalaya-vision/legend_cnn/runs/run_20260410_005311_sweep_cen_bbox_inn072_out088/ribbons/171789.npy,,success,,borderline,0.4664,,0.43,0.4339,0.1848,0.266,0.347296,0.1155,0.070589,351,300,283,104.69,0.5905,False,,bbox,sweep_cen_bbox_inn072_out088,False
239957,Trajan,/root/trivalaya-vision/legend_cnn/runs/run_20260410_005311_sweep_cen_bbox_inn072_out088/ribbons/239957.npy,,success,,borderline,0.4794,high_center_offset,0.4589,0.4699,0.2225,0.3169,0.288891,0.1269,0.100156,374,294,302,123.97,0.7192,False,,bbox,sweep_cen_bbox_inn072_out088,False
159950,Trajan,/root/trivalaya-vision/legend_cnn/runs/run_20260410_005311_sweep_cen_bbox_inn072_out088/ribbons/159950.npy,,success,,good,0.6784,,0.5458,0.559,0.3592,0.363,0.521364,0.1645,0.129849,328,276,265,74.73,0.619,False,,bbox,sweep_cen_bbox_inn072_out088,False
171779,Trajan,/root/trivalaya-vision/legend_cnn/runs/run_20260410_005311_sweep_cen_bbox_inn072_out088/ribbons/171779.npy,,success,,borderline,0.5277,,0.4247,0.4284,0.2481,0.3238,0.402523,0.1258,0.104153,357,304,288,111.83,0.606,False,,bbox,sweep_cen_bbox_inn072_out088,False
133786,Trajan,/root/trivalaya-vision/legend_cnn/runs/run_20260410_005311_sweep_cen_bbox_inn072_out088/ribbons/133786.npy,,success,,borderline,0.4798,,0.4626,0.4628,0.277,0.3349,0.234277,0.121,0.110925,365,287,295,113.32,0.6647,False,,bbox,sweep_cen_bbox_inn072_out088,False
159933,Trajan,/root/trivalaya-vision/legend_cnn/runs/run_20260410_005311_sweep_cen_bbox_inn072_out088/ribbons/159933.npy,,success,,borderline,0.5438,,0.447,0.4689,0.2204,0.3109,0.362315,0.0892,0.095227,296,296,296,56.57,0.6778,False,,bbox,sweep_cen_bbox_inn072_out088,False
214482,Trajan,/root/trivalaya-vision/legend_cnn/runs/run_20260410_005311_sweep_cen_bbox_inn072_out088/ribbons/214482.npy,,success,,borderline,0.5214,fallback:center_out_of_bounds,1.0,1.0,0.5699,0.1349,0.241121,0.2439,0.018126,256,256,220,0.0,0.663,True,center_out_of_bounds,bbox,sweep_cen_bbox_inn072_out088,False
129864,Trajan,/root/trivalaya-vision/legend_cnn/runs/run_20260410_005311_sweep_cen_bbox_inn072_out088/ribbons/129864.npy,,success,,good,0.5837,fallback:center_out_of_bounds,0.9894,0.9999,0.4298,0.1346,0.401857,0.2586,0.018039,256,256,220,0.0,0.6511,True,center_out_of_bounds,bbox,sweep_cen_bbox_inn072_out088,False
239960,Trajan,/root/trivalaya-vision/legend_cnn/runs/run_20260410_005311_sweep_cen_bbox_inn072_out088/ribbons/239960.npy,,success,,borderline,0.5075,high_center_offset,0.4952,0.5032,0.299,0.3615,0.22382,0.1075,0.130124,374,284,302,121.28,0.7384,False,,bbox,sweep_cen_bbox_inn072_out088,False
117292,Trajan,/root/trivalaya-vision/legend_cnn/runs/run_20260410_005311_sweep_cen_bbox_inn072_out088/ribbons/117292.npy,,success,,good,0.6652,,0.899,0.8994,0.7153,0.317,0.340542,0.1324,0.090184,270,169,218,88.12,0.6486,False,,bbox,sweep_cen_bbox_inn072_out088,False
110505,Trajan,/root/trivalaya-vision/legend_cnn/runs/run_20260410_005311_sweep_cen_bbox_inn072_out088/ribbons/110505.npy,,success,,borderline,0.5075,fallback:center_out_of_bounds,0.4416,0.4434,0.283,0.3425,0.432623,0.1429,0.094431,256,256,220,0.0,0.3559,True,center_out_of_bounds,bbox,sweep_cen_bbox_inn072_out088,False
216061,Trajan,/root/trivalaya-vision/legend_cnn/runs/run_20260410_005311_sweep_cen_bbox_inn072_out088/ribbons/216061.npy,,success,,borderline,0.45,fallback:center_out_of_bounds,1.0,1.0,0.4526,0.0384,0.026782,0.0403,0.001431,256,256,220,0.0,0.67,True,center_out_of_bounds,bbox,sweep_cen_bbox_inn072_out088,False
215231,Trajan,/root/trivalaya-vision/legend_cnn/runs/run_20260410_005311_sweep_cen_bbox_inn072_out088/ribbons/215231.npy,,success,,borderline,0.5033,fallback:center_out_of_bounds,1.0,1.0,0.5014,0.1007,0.223915,0.2257,0.009931,256,256,220,0.0,0.6946,True,center_out_of_bounds,bbox,sweep_cen_bbox_inn072_out088,False
110502,Trajan,/root/trivalaya-vision/legend_cnn/runs/run_20260410_005311_sweep_cen_bbox_inn072_out088/ribbons/110502.npy,,success,,good,0.7324,fallback:center_out_of_bounds,0.9999,1.0,0.5909,0.1864,0.820299,0.3366,0.033991,256,256,220,0.0,0.5113,True,center_out_of_bounds,bbox,sweep_cen_bbox_inn072_out088,False
110494,Trajan,/root/trivalaya-vision/legend_cnn/runs/run_20260410_005311_sweep_cen_bbox_inn072_out088/ribbons/110494.npy,,success,,borderline,0.5082,fallback:center_out_of_bounds,0.4843,0.4878,0.2963,0.3351,0.496094,0.165,0.06444,256,256,220,0.0,0.358,True,center_out_of_bounds,bbox,sweep_cen_bbox_inn072_out088,False
