id,side,off_value,off_bg_type,on_value,on_bg_type,ring_truth,off_err,on_err,off_thresh,on_thresh,crosses_110,value_changed
755357,full,96.0,mixed,75.0,dark,77.885,18.115,-2.885,BINARY,BINARY,False,True
755362,full,29.687,dark,75.0,dark,77.885,-48.199,-2.885,BINARY,BINARY,False,True
755363,full,96.0,mixed,75.0,dark,77.885,18.115,-2.885,BINARY,BINARY,False,True
755365,full,29.425,dark,75.0,dark,77.885,-48.46,-2.885,BINARY,BINARY,False,True
755366,full,96.0,mixed,75.0,dark,77.885,18.115,-2.885,BINARY,BINARY,False,True
755368,full,96.0,mixed,75.0,dark,77.885,18.115,-2.885,BINARY,BINARY,False,True
755369,full,30.795,dark,75.0,dark,77.885,-47.091,-2.885,BINARY,BINARY,False,True
755377,full,96.0,mixed,75.0,dark,77.885,18.115,-2.885,BINARY,BINARY,False,True
755379,full,31.628,dark,75.0,dark,77.885,-46.257,-2.885,BINARY,BINARY,False,True
755380,full,30.439,dark,75.0,dark,77.885,-47.446,-2.885,BINARY,BINARY,False,True
755381,full,96.0,mixed,75.0,dark,77.885,18.115,-2.885,BINARY,BINARY,False,True
755382,full,96.0,mixed,75.0,dark,77.885,18.115,-2.885,BINARY,BINARY,False,True
755383,full,96.0,mixed,75.0,dark,77.885,18.115,-2.885,BINARY,BINARY,False,True
755384,full,96.0,mixed,75.0,dark,77.885,18.115,-2.885,BINARY,BINARY,False,True
755385,full,96.0,mixed,75.0,dark,77.885,18.115,-2.885,BINARY,BINARY,False,True
755387,full,30.029,dark,75.0,dark,77.885,-47.857,-2.885,BINARY,BINARY,False,True
755391,full,96.0,mixed,75.0,dark,77.885,18.115,-2.885,BINARY,BINARY,False,True
755392,full,30.049,dark,75.0,dark,77.885,-47.836,-2.885,BINARY,BINARY,False,True
755393,full,31.117,dark,75.0,dark,77.885,-46.768,-2.885,BINARY,BINARY,False,True
755394,full,96.0,mixed,75.0,dark,77.885,18.115,-2.885,BINARY,BINARY,False,True
755395,full,96.0,mixed,75.0,dark,77.885,18.115,-2.885,BINARY,BINARY,False,True
755396,full,30.721,dark,75.0,dark,77.885,-47.164,-2.885,BINARY,BINARY,False,True
755397,full,96.0,mixed,75.0,dark,77.885,18.115,-2.885,BINARY,BINARY,False,True
755401,full,28.995,dark,75.0,dark,77.885,-48.89,-2.885,BINARY,BINARY,False,True
755402,full,96.0,mixed,75.0,dark,77.885,18.115,-2.885,BINARY,BINARY,False,True
755403,full,31.624,dark,75.0,dark,77.885,-46.261,-2.885,BINARY,BINARY,False,True
755404,full,31.862,dark,75.0,dark,77.885,-46.023,-2.885,BINARY,BINARY,False,True
755406,full,31.135,dark,75.0,dark,77.885,-46.75,-2.885,BINARY,BINARY,False,True
755407,full,28.948,dark,75.0,dark,77.885,-48.937,-2.885,BINARY,BINARY,False,True
755408,full,27.381,dark,75.0,dark,77.885,-50.504,-2.885,BINARY,BINARY,False,True
755409,full,30.692,dark,75.0,dark,77.885,-47.193,-2.885,BINARY,BINARY,False,True
755410,full,29.53,dark,75.0,dark,77.885,-48.355,-2.885,BINARY,BINARY,False,True
755411,full,32.132,dark,75.0,dark,77.885,-45.753,-2.885,BINARY,BINARY,False,True
755412,full,31.097,dark,75.0,dark,77.885,-46.788,-2.885,BINARY,BINARY,False,True
755413,full,30.303,dark,75.0,dark,77.885,-47.582,-2.885,BINARY,BINARY,False,True
755414,full,29.19,dark,75.0,dark,77.885,-48.695,-2.885,BINARY,BINARY,False,True
755415,full,30.7,dark,75.0,dark,77.885,-47.185,-2.885,BINARY,BINARY,False,True
755416,full,29.493,dark,75.0,dark,77.885,-48.392,-2.885,BINARY,BINARY,False,True
755417,full,28.318,dark,75.0,dark,77.885,-49.567,-2.885,BINARY,BINARY,False,True
755418,full,30.915,dark,75.0,dark,77.885,-46.97,-2.885,BINARY,BINARY,False,True
755419,full,32.843,dark,75.0,dark,77.885,-45.043,-2.885,BINARY,BINARY,False,True
755420,full,34.18,dark,75.0,dark,77.885,-43.705,-2.885,BINARY,BINARY,False,True
755421,full,28.803,dark,75.0,dark,77.885,-49.082,-2.885,BINARY,BINARY,False,True
755422,full,29.3,dark,75.0,dark,77.885,-48.585,-2.885,BINARY,BINARY,False,True
755423,full,32.615,dark,75.0,dark,77.885,-45.27,-2.885,BINARY,BINARY,False,True
755424,full,30.496,dark,75.0,dark,77.885,-47.389,-2.885,BINARY,BINARY,False,True
755425,full,30.366,dark,75.0,dark,77.885,-47.519,-2.885,BINARY,BINARY,False,True
755426,full,31.939,dark,75.0,dark,77.885,-45.947,-2.885,BINARY,BINARY,False,True
755427,full,28.809,dark,75.0,dark,77.885,-49.076,-2.885,BINARY,BINARY,False,True
755428,full,29.14,dark,75.0,dark,77.885,-48.746,-2.885,BINARY,BINARY,False,True
755429,full,31.343,dark,75.0,dark,77.885,-46.542,-2.885,BINARY,BINARY,False,True
755430,full,31.334,dark,75.0,dark,77.885,-46.551,-2.885,BINARY,BINARY,False,True
755431,full,31.525,dark,75.0,dark,77.885,-46.361,-2.885,BINARY,BINARY,False,True
755432,full,31.037,dark,75.0,dark,77.885,-46.849,-2.885,BINARY,BINARY,False,True
755433,full,30.361,dark,75.0,dark,77.885,-47.525,-2.885,BINARY,BINARY,False,True
755434,full,29.529,dark,75.0,dark,77.885,-48.356,-2.885,BINARY,BINARY,False,True
755435,full,30.312,dark,75.0,dark,77.885,-47.574,-2.885,BINARY,BINARY,False,True
755436,full,31.207,dark,75.0,dark,77.885,-46.679,-2.885,BINARY,BINARY,False,True
755437,full,32.761,dark,75.0,dark,77.885,-45.124,-2.885,BINARY,BINARY,False,True
755438,full,32.839,dark,75.0,dark,77.885,-45.046,-2.885,BINARY,BINARY,False,True
755439,full,31.248,dark,75.0,dark,77.885,-46.637,-2.885,BINARY,BINARY,False,True
755440,full,30.052,dark,75.0,dark,77.885,-47.833,-2.885,BINARY,BINARY,False,True
755441,full,31.036,dark,75.0,dark,77.885,-46.849,-2.885,BINARY,BINARY,False,True
755442,full,32.108,dark,75.0,dark,77.885,-45.777,-2.885,BINARY,BINARY,False,True
755443,full,30.37,dark,75.0,dark,77.885,-47.516,-2.885,BINARY,BINARY,False,True
755444,full,28.832,dark,75.0,dark,77.885,-49.054,-2.885,BINARY,BINARY,False,True
755445,full,31.037,dark,75.0,dark,77.885,-46.848,-2.885,BINARY,BINARY,False,True
755446,full,30.35,dark,75.0,dark,77.885,-47.535,-2.885,BINARY,BINARY,False,True
755447,full,31.289,dark,75.0,dark,77.885,-46.596,-2.885,BINARY,BINARY,False,True
755448,full,30.329,dark,75.0,dark,77.885,-47.557,-2.885,BINARY,BINARY,False,True
755449,full,31.32,dark,75.0,dark,77.885,-46.565,-2.885,BINARY,BINARY,False,True
755450,full,34.541,dark,75.0,dark,77.885,-43.344,-2.885,BINARY,BINARY,False,True
755451,full,31.005,dark,75.0,dark,77.885,-46.88,-2.885,BINARY,BINARY,False,True
755452,full,30.356,dark,75.0,dark,77.885,-47.529,-2.885,BINARY,BINARY,False,True
755453,full,30.645,dark,75.0,dark,77.885,-47.24,-2.885,BINARY,BINARY,False,True
755454,full,31.467,dark,75.0,dark,77.885,-46.418,-2.885,BINARY,BINARY,False,True
755455,full,31.947,dark,75.0,dark,77.885,-45.938,-2.885,BINARY,BINARY,False,True
755456,full,31.215,dark,75.0,dark,77.885,-46.67,-2.885,BINARY,BINARY,False,True
755457,full,29.284,dark,75.0,dark,77.885,-48.601,-2.885,BINARY,BINARY,False,True
755458,full,29.807,dark,75.0,dark,77.885,-48.078,-2.885,BINARY,BINARY,False,True
755459,full,29.442,dark,75.0,dark,77.885,-48.444,-2.885,BINARY,BINARY,False,True
755460,full,29.748,dark,75.0,dark,77.885,-48.137,-2.885,BINARY,BINARY,False,True
755461,full,30.03,dark,75.0,dark,77.885,-47.855,-2.885,BINARY,BINARY,False,True
755462,full,30.282,dark,75.0,dark,77.885,-47.604,-2.885,BINARY,BINARY,False,True
755463,full,30.433,dark,75.0,dark,77.885,-47.452,-2.885,BINARY,BINARY,False,True
755464,full,28.373,dark,75.0,dark,77.885,-49.513,-2.885,BINARY,BINARY,False,True
755465,full,30.038,dark,75.0,dark,77.885,-47.847,-2.885,BINARY,BINARY,False,True
755468,full,30.429,dark,75.0,dark,77.885,-47.456,-2.885,BINARY,BINARY,False,True
755469,full,29.305,dark,75.0,dark,77.885,-48.581,-2.885,BINARY,BINARY,False,True
755470,full,30.206,dark,75.0,dark,77.885,-47.679,-2.885,BINARY,BINARY,False,True
755472,full,30.628,dark,75.0,dark,77.885,-47.258,-2.885,BINARY,BINARY,False,True
755473,full,30.752,dark,75.0,dark,77.885,-47.134,-2.885,BINARY,BINARY,False,True
755475,full,33.328,dark,75.0,dark,77.885,-44.558,-2.885,BINARY,BINARY,False,True
755476,full,31.117,dark,75.0,dark,77.885,-46.769,-2.885,BINARY,BINARY,False,True
755477,full,30.759,dark,75.0,dark,77.885,-47.126,-2.885,BINARY,BINARY,False,True
755478,full,34.508,dark,75.0,dark,77.885,-43.377,-2.885,BINARY,BINARY,False,True
755479,full,29.766,dark,75.0,dark,77.885,-48.12,-2.885,BINARY,BINARY,False,True
755480,full,32.659,dark,75.0,dark,77.885,-45.227,-2.885,BINARY,BINARY,False,True
755481,full,32.119,dark,75.0,dark,77.885,-45.766,-2.885,BINARY,BINARY,False,True
755482,full,31.19,dark,75.0,dark,77.885,-46.695,-2.885,BINARY,BINARY,False,True
755483,full,29.294,dark,75.0,dark,77.885,-48.591,-2.885,BINARY,BINARY,False,True
755484,full,30.197,dark,75.0,dark,77.885,-47.688,-2.885,BINARY,BINARY,False,True
755485,full,31.072,dark,75.0,dark,77.885,-46.813,-2.885,BINARY,BINARY,False,True
755486,full,31.465,dark,75.0,dark,77.885,-46.421,-2.885,BINARY,BINARY,False,True
755487,full,29.391,dark,75.0,dark,77.885,-48.494,-2.885,BINARY,BINARY,False,True
755489,full,33.544,dark,75.0,dark,77.885,-44.341,-2.885,BINARY,BINARY,False,True
755490,full,30.772,dark,75.0,dark,77.885,-47.114,-2.885,BINARY,BINARY,False,True
755491,full,30.942,dark,75.0,dark,77.885,-46.944,-2.885,BINARY,BINARY,False,True
755492,full,30.198,dark,75.0,dark,77.885,-47.687,-2.885,BINARY,BINARY,False,True
755493,full,27.537,dark,75.0,dark,77.885,-50.348,-2.885,BINARY,BINARY,False,True
755494,full,27.775,dark,75.0,dark,77.885,-50.11,-2.885,BINARY,BINARY,False,True
755495,full,30.456,dark,75.0,dark,77.885,-47.429,-2.885,BINARY,BINARY,False,True
755496,full,30.502,dark,75.0,dark,77.885,-47.383,-2.885,BINARY,BINARY,False,True
755497,full,32.263,dark,75.0,dark,77.885,-45.622,-2.885,BINARY,BINARY,False,True
755498,full,31.522,dark,75.0,dark,77.885,-46.363,-2.885,BINARY,BINARY,False,True
755499,full,30.933,dark,75.0,dark,77.885,-46.952,-2.885,BINARY,BINARY,False,True
755500,full,28.995,dark,75.0,dark,77.885,-48.891,-2.885,BINARY,BINARY,False,True
755501,full,29.979,dark,75.0,dark,77.885,-47.906,-2.885,BINARY,BINARY,False,True
755502,full,30.456,dark,75.0,dark,77.885,-47.429,-2.885,BINARY,BINARY,False,True
755503,full,30.432,dark,75.0,dark,77.885,-47.454,-2.885,BINARY,BINARY,False,True
755504,full,31.615,dark,75.0,dark,77.885,-46.271,-2.885,BINARY,BINARY,False,True
755505,full,30.972,dark,75.0,dark,77.885,-46.913,-2.885,BINARY,BINARY,False,True
755506,full,30.866,dark,75.0,dark,77.885,-47.019,-2.885,BINARY,BINARY,False,True
755507,full,30.417,dark,75.0,dark,77.885,-47.468,-2.885,BINARY,BINARY,False,True
755508,full,29.834,dark,75.0,dark,77.885,-48.052,-2.885,BINARY,BINARY,False,True
755509,full,33.671,dark,75.0,dark,77.885,-44.214,-2.885,BINARY,BINARY,False,True
755510,full,32.447,dark,75.0,dark,77.885,-45.438,-2.885,BINARY,BINARY,False,True
755511,full,30.615,dark,75.0,dark,77.885,-47.271,-2.885,BINARY,BINARY,False,True
755512,full,31.379,dark,75.0,dark,77.885,-46.506,-2.885,BINARY,BINARY,False,True
755513,full,32.997,dark,75.0,dark,77.885,-44.888,-2.885,BINARY,BINARY,False,True
755514,full,30.727,dark,75.0,dark,77.885,-47.158,-2.885,BINARY,BINARY,False,True
755515,full,29.541,dark,75.0,dark,77.885,-48.344,-2.885,BINARY,BINARY,False,True
755516,full,30.354,dark,75.0,dark,77.885,-47.531,-2.885,BINARY,BINARY,False,True
755517,full,31.875,dark,75.0,dark,77.885,-46.011,-2.885,BINARY,BINARY,False,True
755518,full,31.165,dark,75.0,dark,77.885,-46.72,-2.885,BINARY,BINARY,False,True
755519,full,31.737,dark,75.0,dark,77.885,-46.149,-2.885,BINARY,BINARY,False,True
755521,full,96.0,mixed,75.0,dark,77.885,18.115,-2.885,BINARY,BINARY,False,True
755523,full,31.89,dark,75.0,dark,77.885,-45.996,-2.885,BINARY,BINARY,False,True
755524,full,33.13,dark,75.0,dark,77.885,-44.756,-2.885,BINARY,BINARY,False,True
755525,full,30.642,dark,75.0,dark,77.885,-47.243,-2.885,BINARY,BINARY,False,True
755526,full,31.498,dark,75.0,dark,77.885,-46.387,-2.885,BINARY,BINARY,False,True
755527,full,32.108,dark,75.0,dark,77.885,-45.777,-2.885,BINARY,BINARY,False,True
755528,full,32.377,dark,75.0,dark,77.885,-45.509,-2.885,BINARY,BINARY,False,True
755529,full,29.702,dark,75.0,dark,77.885,-48.183,-2.885,BINARY,BINARY,False,True
755530,full,31.062,dark,75.0,dark,77.885,-46.823,-2.885,BINARY,BINARY,False,True
755531,full,31.614,dark,75.0,dark,77.885,-46.271,-2.885,BINARY,BINARY,False,True
755532,full,28.145,dark,75.0,dark,77.885,-49.74,-2.885,BINARY,BINARY,False,True
755533,full,31.582,dark,75.0,dark,77.885,-46.303,-2.885,BINARY,BINARY,False,True
755534,full,30.627,dark,75.0,dark,77.885,-47.258,-2.885,BINARY,BINARY,False,True
755535,full,29.705,dark,75.0,dark,77.885,-48.18,-2.885,BINARY,BINARY,False,True
755536,full,30.762,dark,75.0,dark,77.885,-47.124,-2.885,BINARY,BINARY,False,True
755537,full,31.24,dark,75.0,dark,77.885,-46.645,-2.885,BINARY,BINARY,False,True
755538,full,30.454,dark,75.0,dark,77.885,-47.431,-2.885,BINARY,BINARY,False,True
755539,full,30.264,dark,75.0,dark,77.885,-47.621,-2.885,BINARY,BINARY,False,True
755540,full,29.294,dark,75.0,dark,77.885,-48.591,-2.885,BINARY,BINARY,False,True
755541,full,30.928,dark,75.0,dark,77.885,-46.958,-2.885,BINARY,BINARY,False,True
755542,full,30.886,dark,75.0,dark,77.885,-46.999,-2.885,BINARY,BINARY,False,True
755543,full,29.445,dark,75.0,dark,77.885,-48.44,-2.885,BINARY,BINARY,False,True
755544,full,29.597,dark,75.0,dark,77.885,-48.288,-2.885,BINARY,BINARY,False,True
755545,full,29.248,dark,75.0,dark,77.885,-48.637,-2.885,BINARY,BINARY,False,True
755546,full,30.027,dark,75.0,dark,77.885,-47.859,-2.885,BINARY,BINARY,False,True
755547,full,30.882,dark,75.0,dark,77.885,-47.003,-2.885,BINARY,BINARY,False,True
755548,full,30.724,dark,75.0,dark,77.885,-47.161,-2.885,BINARY,BINARY,False,True
755549,full,30.072,dark,75.0,dark,77.885,-47.814,-2.885,BINARY,BINARY,False,True
755553,full,96.0,mixed,75.0,dark,77.885,18.115,-2.885,BINARY,BINARY,False,True
755554,full,28.459,dark,75.0,dark,77.885,-49.426,-2.885,BINARY,BINARY,False,True
755556,full,31.76,dark,75.0,dark,77.885,-46.125,-2.885,BINARY,BINARY,False,True
755557,full,33.994,dark,75.0,dark,77.885,-43.891,-2.885,BINARY,BINARY,False,True
755558,full,33.16,dark,75.0,dark,77.885,-44.725,-2.885,BINARY,BINARY,False,True
755559,full,33.09,dark,75.0,dark,77.885,-44.795,-2.885,BINARY,BINARY,False,True
755560,full,31.787,dark,75.0,dark,77.885,-46.098,-2.885,BINARY,BINARY,False,True
755561,full,28.4,dark,75.0,dark,77.885,-49.485,-2.885,BINARY,BINARY,False,True
755562,full,30.545,dark,75.0,dark,77.885,-47.34,-2.885,BINARY,BINARY,False,True
755563,full,33.915,dark,75.0,dark,77.885,-43.97,-2.885,BINARY,BINARY,False,True
755564,full,32.953,dark,75.0,dark,77.885,-44.932,-2.885,BINARY,BINARY,False,True
755565,full,30.914,dark,75.0,dark,77.885,-46.971,-2.885,BINARY,BINARY,False,True
755566,full,32.991,dark,75.0,dark,77.885,-44.894,-2.885,BINARY,BINARY,False,True
755567,full,33.672,dark,75.0,dark,77.885,-44.213,-2.885,BINARY,BINARY,False,True
755568,full,31.066,dark,75.0,dark,77.885,-46.819,-2.885,BINARY,BINARY,False,True
755569,full,31.036,dark,75.0,dark,77.885,-46.849,-2.885,BINARY,BINARY,False,True
755570,full,33.7,dark,75.0,dark,77.885,-44.185,-2.885,BINARY,BINARY,False,True
755571,full,33.058,dark,75.0,dark,77.885,-44.827,-2.885,BINARY,BINARY,False,True
755572,full,32.649,dark,75.0,dark,77.885,-45.236,-2.885,BINARY,BINARY,False,True
755573,full,32.217,dark,75.0,dark,77.885,-45.668,-2.885,BINARY,BINARY,False,True
755574,full,29.512,dark,75.0,dark,77.885,-48.374,-2.885,BINARY,BINARY,False,True
755575,full,30.817,dark,75.0,dark,77.885,-47.068,-2.885,BINARY,BINARY,False,True
755576,full,31.866,dark,75.0,dark,77.885,-46.02,-2.885,BINARY,BINARY,False,True
755577,full,29.603,dark,75.0,dark,77.885,-48.282,-2.885,BINARY,BINARY,False,True
755578,full,32.354,dark,75.0,dark,77.885,-45.531,-2.885,BINARY,BINARY,False,True
755579,full,32.463,dark,75.0,dark,77.885,-45.423,-2.885,BINARY,BINARY,False,True
755580,full,29.582,dark,75.0,dark,77.885,-48.304,-2.885,BINARY,BINARY,False,True
755581,full,31.953,dark,75.0,dark,77.885,-45.932,-2.885,BINARY,BINARY,False,True
755582,full,96.0,mixed,75.0,dark,77.885,18.115,-2.885,BINARY,BINARY,False,True
755583,full,32.766,dark,75.0,dark,77.885,-45.12,-2.885,BINARY,BINARY,False,True
755584,full,31.617,dark,75.0,dark,77.885,-46.268,-2.885,BINARY,BINARY,False,True
755585,full,33.098,dark,75.0,dark,77.885,-44.787,-2.885,BINARY,BINARY,False,True
755586,full,30.258,dark,75.0,dark,77.885,-47.628,-2.885,BINARY,BINARY,False,True
755587,full,29.717,dark,75.0,dark,77.885,-48.168,-2.885,BINARY,BINARY,False,True
755588,full,30.346,dark,75.0,dark,77.885,-47.539,-2.885,BINARY,BINARY,False,True
755589,full,30.932,dark,75.0,dark,77.885,-46.953,-2.885,BINARY,BINARY,False,True
755590,full,32.69,dark,75.0,dark,77.885,-45.195,-2.885,BINARY,BINARY,False,True
755591,full,30.597,dark,75.0,dark,77.885,-47.289,-2.885,BINARY,BINARY,False,True
755592,full,32.534,dark,75.0,dark,77.885,-45.352,-2.885,BINARY,BINARY,False,True
755593,full,30.659,dark,75.0,dark,77.885,-47.226,-2.885,BINARY,BINARY,False,True
755594,full,31.048,dark,75.0,dark,77.885,-46.837,-2.885,BINARY,BINARY,False,True
755595,full,32.581,dark,75.0,dark,77.885,-45.304,-2.885,BINARY,BINARY,False,True
755596,full,34.957,dark,75.0,dark,77.885,-42.928,-2.885,BINARY,BINARY,False,True
755597,full,29.055,dark,75.0,dark,77.885,-48.83,-2.885,BINARY,BINARY,False,True
755598,full,30.488,dark,75.0,dark,77.885,-47.397,-2.885,BINARY,BINARY,False,True
755599,full,30.236,dark,75.0,dark,77.885,-47.65,-2.885,BINARY,BINARY,False,True
755600,full,31.961,dark,75.0,dark,77.885,-45.924,-2.885,BINARY,BINARY,False,True
755601,full,28.776,dark,75.0,dark,77.885,-49.109,-2.885,BINARY,BINARY,False,True
755602,full,30.445,dark,75.0,dark,77.885,-47.44,-2.885,BINARY,BINARY,False,True
755603,full,28.809,dark,75.0,dark,77.885,-49.076,-2.885,BINARY,BINARY,False,True
755604,full,96.0,mixed,75.0,dark,77.885,18.115,-2.885,BINARY,BINARY,False,True
755605,full,28.998,dark,75.0,dark,77.885,-48.887,-2.885,BINARY,BINARY,False,True
755606,full,33.288,dark,75.0,dark,77.885,-44.597,-2.885,BINARY,BINARY,False,True
755607,full,27.638,dark,75.0,dark,77.885,-50.248,-2.885,BINARY,BINARY,False,True
755608,full,31.47,dark,75.0,dark,77.885,-46.415,-2.885,BINARY,BINARY,False,True
755609,full,30.338,dark,75.0,dark,77.885,-47.547,-2.885,BINARY,BINARY,False,True
755610,full,30.893,dark,75.0,dark,77.885,-46.992,-2.885,BINARY,BINARY,False,True
755611,full,30.044,dark,75.0,dark,77.885,-47.841,-2.885,BINARY,BINARY,False,True
755612,full,96.0,mixed,75.0,dark,77.885,18.115,-2.885,BINARY,BINARY,False,True
755613,full,96.0,mixed,75.0,dark,77.885,18.115,-2.885,BINARY,BINARY,False,True
755614,full,214.197,light,75.0,dark,77.885,136.312,-2.885,INV,BINARY,True,True
755615,full,33.303,dark,75.0,dark,77.885,-44.582,-2.885,BINARY,BINARY,False,True
755616,full,96.0,mixed,75.0,dark,77.885,18.115,-2.885,BINARY,BINARY,False,True
755617,full,217.257,light,75.0,dark,77.885,139.372,-2.885,INV,BINARY,True,True
755618,full,213.653,light,75.0,dark,77.885,135.768,-2.885,INV,BINARY,True,True
755619,full,224.921,light,75.0,dark,77.885,147.036,-2.885,INV,BINARY,True,True
755620,full,30.43,dark,75.0,dark,77.885,-47.455,-2.885,BINARY,BINARY,False,True
755621,full,32.226,dark,75.0,dark,77.885,-45.659,-2.885,BINARY,BINARY,False,True
755622,full,28.869,dark,75.0,dark,77.885,-49.016,-2.885,BINARY,BINARY,False,True
755624,full,28.932,dark,75.0,dark,77.885,-48.953,-2.885,BINARY,BINARY,False,True
755625,full,32.775,dark,75.0,dark,77.885,-45.11,-2.885,BINARY,BINARY,False,True
755626,full,32.374,dark,75.0,dark,77.885,-45.511,-2.885,BINARY,BINARY,False,True
755627,full,30.232,dark,75.0,dark,77.885,-47.653,-2.885,BINARY,BINARY,False,True
755628,full,30.122,dark,75.0,dark,77.885,-47.763,-2.885,BINARY,BINARY,False,True
755630,full,31.297,dark,75.0,dark,77.885,-46.588,-2.885,BINARY,BINARY,False,True
755631,full,32.341,dark,75.0,dark,77.885,-45.544,-2.885,BINARY,BINARY,False,True
755632,full,31.617,dark,75.0,dark,77.885,-46.268,-2.885,BINARY,BINARY,False,True
755634,full,32.829,dark,75.0,dark,77.885,-45.056,-2.885,BINARY,BINARY,False,True
755635,full,30.702,dark,75.0,dark,77.885,-47.183,-2.885,BINARY,BINARY,False,True
755636,full,32.069,dark,75.0,dark,77.885,-45.816,-2.885,BINARY,BINARY,False,True
755637,full,31.014,dark,75.0,dark,77.885,-46.871,-2.885,BINARY,BINARY,False,True
755638,full,29.719,dark,75.0,dark,77.885,-48.167,-2.885,BINARY,BINARY,False,True
755639,full,30.89,dark,75.0,dark,77.885,-46.995,-2.885,BINARY,BINARY,False,True
755640,full,31.427,dark,75.0,dark,77.885,-46.458,-2.885,BINARY,BINARY,False,True
755641,full,29.876,dark,75.0,dark,77.885,-48.009,-2.885,BINARY,BINARY,False,True
755642,full,31.694,dark,75.0,dark,77.885,-46.191,-2.885,BINARY,BINARY,False,True
755643,full,30.444,dark,75.0,dark,77.885,-47.441,-2.885,BINARY,BINARY,False,True
755644,full,32.906,dark,75.0,dark,77.885,-44.979,-2.885,BINARY,BINARY,False,True
755645,full,31.138,dark,75.0,dark,77.885,-46.747,-2.885,BINARY,BINARY,False,True
755653,full,29.534,dark,75.0,dark,77.885,-48.351,-2.885,BINARY,BINARY,False,True
755654,full,214.608,light,75.0,dark,77.885,136.723,-2.885,INV,BINARY,True,True
755656,full,32.032,dark,75.0,dark,77.885,-45.853,-2.885,BINARY,BINARY,False,True
755657,full,33.785,dark,75.0,dark,77.885,-44.1,-2.885,BINARY,BINARY,False,True
755658,full,31.614,dark,75.0,dark,77.885,-46.271,-2.885,BINARY,BINARY,False,True
755659,full,30.205,dark,75.0,dark,77.885,-47.68,-2.885,BINARY,BINARY,False,True
755660,full,96.0,mixed,75.0,dark,77.885,18.115,-2.885,BINARY,BINARY,False,True
755661,full,30.978,dark,75.0,dark,77.885,-46.908,-2.885,BINARY,BINARY,False,True
755669,full,33.245,dark,75.0,dark,77.885,-44.641,-2.885,BINARY,BINARY,False,True
755670,full,31.786,dark,75.0,dark,77.885,-46.1,-2.885,BINARY,BINARY,False,True
755673,full,30.927,dark,75.0,dark,77.885,-46.958,-2.885,BINARY,BINARY,False,True
755675,full,32.67,dark,75.0,dark,77.885,-45.215,-2.885,BINARY,BINARY,False,True
755676,full,32.018,dark,75.0,dark,77.885,-45.867,-2.885,BINARY,BINARY,False,True
755677,full,32.524,dark,75.0,dark,77.885,-45.362,-2.885,BINARY,BINARY,False,True
755678,full,32.895,dark,75.0,dark,77.885,-44.99,-2.885,BINARY,BINARY,False,True
755679,full,31.115,dark,75.0,dark,77.885,-46.77,-2.885,BINARY,BINARY,False,True
755680,full,33.169,dark,75.0,dark,77.885,-44.716,-2.885,BINARY,BINARY,False,True
755681,full,32.448,dark,75.0,dark,77.885,-45.437,-2.885,BINARY,BINARY,False,True
755682,full,33.067,dark,75.0,dark,77.885,-44.818,-2.885,BINARY,BINARY,False,True
755683,full,34.005,dark,75.0,dark,77.885,-43.88,-2.885,BINARY,BINARY,False,True
755684,full,31.205,dark,75.0,dark,77.885,-46.68,-2.885,BINARY,BINARY,False,True
755687,full,31.622,dark,75.0,dark,77.885,-46.263,-2.885,BINARY,BINARY,False,True
755688,full,32.214,dark,75.0,dark,77.885,-45.671,-2.885,BINARY,BINARY,False,True
755689,full,31.1,dark,75.0,dark,77.885,-46.785,-2.885,BINARY,BINARY,False,True
755690,full,30.028,dark,75.0,dark,77.885,-47.857,-2.885,BINARY,BINARY,False,True
755691,full,35.205,dark,75.0,dark,77.885,-42.68,-2.885,BINARY,BINARY,False,True
755692,full,32.886,dark,75.0,dark,77.885,-45.0,-2.885,BINARY,BINARY,False,True
755707,full,32.071,dark,75.0,dark,77.885,-45.814,-2.885,BINARY,BINARY,False,True
755708,full,31.788,dark,75.0,dark,77.885,-46.097,-2.885,BINARY,BINARY,False,True
755709,full,96.0,mixed,75.0,dark,77.885,18.115,-2.885,BINARY,BINARY,False,True
755710,full,255.0,light,255.0,light,231.756,23.244,23.244,INV,INV,False,False
755711,full,28.907,dark,75.0,dark,77.885,-48.978,-2.885,BINARY,BINARY,False,True
755712,full,33.689,dark,75.0,dark,77.885,-44.196,-2.885,BINARY,BINARY,False,True
755713,full,34.011,dark,75.0,dark,77.885,-43.875,-2.885,BINARY,BINARY,False,True
