id,side,avg_bg,bg_type,corner_std,bg_path,counterfactual_ring_median,counterfactual_bg_type,error
755357,obv,96.0,mixed,21.6698384857848,mixed_fallback,,,
755357,rev,96.0,mixed,21.904921821362432,mixed_fallback,,,
755363,obv,96.0,mixed,21.6698384857848,mixed_fallback,,,
755363,rev,96.0,mixed,21.904921821362432,mixed_fallback,,,
755362,obv,29.533266507956398,dark,21.6698384857848,dark_fallback,86.0,dark,
755362,rev,29.95269191911797,dark,21.904921821362432,dark_fallback,86.0,dark,
755365,obv,29.99166701001195,dark,21.6698384857848,dark_fallback,86.0,dark,
755365,rev,29.00484075802807,dark,21.904921821362432,dark_fallback,86.0,dark,
755369,obv,31.112033143319938,dark,21.6698384857848,dark_fallback,86.0,dark,
755369,rev,30.36932342431512,dark,21.904921821362432,dark_fallback,86.0,dark,
755377,obv,96.0,mixed,21.6698384857848,mixed_fallback,,,
755377,rev,96.0,mixed,21.904921821362432,mixed_fallback,,,
755366,obv,96.0,mixed,21.6698384857848,mixed_fallback,,,
755366,rev,33.53656675362473,dark,21.904921821362432,dark_fallback,86.0,dark,
755368,obv,96.0,mixed,21.6698384857848,mixed_fallback,,,
755368,rev,96.0,mixed,21.904921821362432,mixed_fallback,,,
755379,obv,31.760964598988544,dark,21.6698384857848,dark_fallback,86.0,dark,
755379,rev,31.52119489778318,dark,21.904921821362432,dark_fallback,86.0,dark,
755382,obv,32.16704591394745,dark,21.6698384857848,dark_fallback,86.0,dark,
755382,rev,96.0,mixed,21.904921821362432,mixed_fallback,,,
755380,obv,31.024859527547402,dark,21.6698384857848,dark_fallback,86.0,dark,
755380,rev,29.751794557550898,dark,21.904921821362432,dark_fallback,86.0,dark,
755381,obv,96.0,mixed,21.6698384857848,mixed_fallback,,,
755381,rev,96.0,mixed,21.904921821362432,mixed_fallback,,,
755383,obv,96.0,mixed,21.6698384857848,mixed_fallback,,,
755383,rev,96.0,mixed,21.904921821362432,mixed_fallback,,,
755387,obv,29.676185277325363,dark,21.6698384857848,dark_fallback,86.0,dark,
755387,rev,30.36377548617978,dark,21.904921821362432,dark_fallback,86.0,dark,
755384,obv,96.0,mixed,21.6698384857848,mixed_fallback,,,
755384,rev,96.0,mixed,21.904921821362432,mixed_fallback,,,
755385,obv,32.87696223225399,dark,21.6698384857848,dark_fallback,86.0,dark,
755385,rev,96.0,mixed,21.904921821362432,mixed_fallback,,,
755391,obv,31.56871566319094,dark,21.6698384857848,dark_fallback,86.0,dark,
755391,rev,96.0,mixed,21.904921821362432,mixed_fallback,,,
755394,obv,96.0,mixed,21.6698384857848,mixed_fallback,,,
755394,rev,96.0,mixed,21.904921821362432,mixed_fallback,,,
755392,obv,30.19372032763508,dark,21.6698384857848,dark_fallback,86.0,dark,
755392,rev,29.942383429314507,dark,21.904921821362432,dark_fallback,86.0,dark,
755393,obv,30.690982565352073,dark,21.6698384857848,dark_fallback,86.0,dark,
755393,rev,31.66902258532916,dark,21.904921821362432,dark_fallback,86.0,dark,
755395,obv,29.805628441904137,dark,21.6698384857848,dark_fallback,86.0,dark,
755395,rev,96.0,mixed,21.904921821362432,mixed_fallback,,,
755396,obv,30.579211556065225,dark,21.6698384857848,dark_fallback,86.0,dark,
755396,rev,30.91176217703452,dark,21.904921821362432,dark_fallback,86.0,dark,
755397,obv,96.0,mixed,21.6698384857848,mixed_fallback,,,
755397,rev,218.15249049667162,light,21.904921821362432,light_fallback,,,
755401,obv,29.521508015777624,dark,21.6698384857848,dark_fallback,86.0,dark,
755401,rev,28.426676676676678,dark,21.904921821362432,dark_fallback,86.0,dark,
755402,obv,96.0,mixed,21.6698384857848,mixed_fallback,,,
755402,rev,96.0,mixed,21.904921821362432,mixed_fallback,,,
755403,obv,31.69021676379613,dark,21.6698384857848,dark_fallback,86.0,dark,
755403,rev,31.55887569315044,dark,21.904921821362432,dark_fallback,86.0,dark,
755404,obv,32.24223931338126,dark,21.6698384857848,dark_fallback,86.0,dark,
755404,rev,31.536362176914434,dark,21.904921821362432,dark_fallback,86.0,dark,
755406,obv,31.46913753770637,dark,21.6698384857848,dark_fallback,86.0,dark,
755406,rev,30.870110693267044,dark,21.904921821362432,dark_fallback,86.0,dark,
755407,obv,29.194853071183562,dark,21.6698384857848,dark_fallback,86.0,dark,
755407,rev,28.73908922003564,dark,21.904921821362432,dark_fallback,86.0,dark,
755408,obv,26.817344430905223,dark,21.6698384857848,dark_fallback,86.0,dark,
755408,rev,27.940237868041276,dark,21.904921821362432,dark_fallback,86.0,dark,
755409,obv,30.536004590226643,dark,21.6698384857848,dark_fallback,86.0,dark,
755409,rev,30.893227961113684,dark,21.904921821362432,dark_fallback,86.0,dark,
755410,obv,29.373257913320348,dark,21.6698384857848,dark_fallback,86.0,dark,
755410,rev,29.739354849865556,dark,21.904921821362432,dark_fallback,86.0,dark,
755411,obv,32.556244236172176,dark,21.6698384857848,dark_fallback,86.0,dark,
755411,rev,31.688987298652002,dark,21.904921821362432,dark_fallback,86.0,dark,
755412,obv,30.883958384147622,dark,21.6698384857848,dark_fallback,86.0,dark,
755412,rev,31.349960242478133,dark,21.904921821362432,dark_fallback,86.0,dark,
755414,obv,29.22542426037565,dark,21.6698384857848,dark_fallback,86.0,dark,
755414,rev,29.160681806699337,dark,21.904921821362432,dark_fallback,86.0,dark,
755413,obv,30.316575173167017,dark,21.6698384857848,dark_fallback,86.0,dark,
755413,rev,30.31011459444963,dark,21.904921821362432,dark_fallback,86.0,dark,
755415,obv,30.71817250828036,dark,21.6698384857848,dark_fallback,86.0,dark,
755415,rev,30.71825339026578,dark,21.904921821362432,dark_fallback,86.0,dark,
755416,obv,29.718081776880364,dark,21.6698384857848,dark_fallback,86.0,dark,
755416,rev,29.27174679157734,dark,21.904921821362432,dark_fallback,86.0,dark,
755417,obv,27.443542389687654,dark,21.6698384857848,dark_fallback,86.0,dark,
755417,rev,29.220393388285576,dark,21.904921821362432,dark_fallback,86.0,dark,
755418,obv,31.386242109530336,dark,21.6698384857848,dark_fallback,86.0,dark,
755418,rev,30.497227532551527,dark,21.904921821362432,dark_fallback,86.0,dark,
755419,obv,33.107682268368926,dark,21.6698384857848,dark_fallback,86.0,dark,
755419,rev,32.63035534300327,dark,21.904921821362432,dark_fallback,86.0,dark,
755421,obv,29.65495918162384,dark,21.6698384857848,dark_fallback,86.0,dark,
755421,rev,28.105267038611842,dark,21.904921821362432,dark_fallback,86.0,dark,
755422,obv,28.49167109029743,dark,21.6698384857848,dark_fallback,86.0,dark,
755422,rev,30.740681006363435,dark,21.904921821362432,dark_fallback,86.0,dark,
755420,obv,33.78159988771203,dark,21.6698384857848,dark_fallback,86.0,dark,
755420,rev,34.52606973276122,dark,21.904921821362432,dark_fallback,86.0,dark,
755423,obv,32.26186408379441,dark,21.6698384857848,dark_fallback,86.0,dark,
755423,rev,33.073864605933544,dark,21.904921821362432,dark_fallback,86.0,dark,
755424,obv,31.08450417199724,dark,21.6698384857848,dark_fallback,86.0,dark,
755424,rev,29.769293522597486,dark,21.904921821362432,dark_fallback,86.0,dark,
755426,obv,32.26635049652875,dark,21.6698384857848,dark_fallback,86.0,dark,
755426,rev,31.54979379531425,dark,21.904921821362432,dark_fallback,86.0,dark,
755427,obv,28.54772415684124,dark,21.6698384857848,dark_fallback,86.0,dark,
755427,rev,29.114241771762536,dark,21.904921821362432,dark_fallback,86.0,dark,
755425,obv,30.60491117816737,dark,21.6698384857848,dark_fallback,86.0,dark,
755425,rev,30.14972449787516,dark,21.904921821362432,dark_fallback,86.0,dark,
755429,obv,30.940529459304962,dark,21.6698384857848,dark_fallback,86.0,dark,
755429,rev,31.738291014063407,dark,21.904921821362432,dark_fallback,86.0,dark,
755428,obv,28.239598488065322,dark,21.6698384857848,dark_fallback,86.0,dark,
755428,rev,30.09803893885273,dark,21.904921821362432,dark_fallback,86.0,dark,
755431,obv,31.720968751893672,dark,21.6698384857848,dark_fallback,86.0,dark,
755431,rev,31.33467050675444,dark,21.904921821362432,dark_fallback,86.0,dark,
755432,obv,31.784566638591425,dark,21.6698384857848,dark_fallback,86.0,dark,
755432,rev,30.184092354900272,dark,21.904921821362432,dark_fallback,86.0,dark,
755430,obv,31.192574538123512,dark,21.6698384857848,dark_fallback,86.0,dark,
755430,rev,31.459609180759035,dark,21.904921821362432,dark_fallback,86.0,dark,
755433,obv,30.55293612496933,dark,21.6698384857848,dark_fallback,86.0,dark,
755433,rev,30.226779772419174,dark,21.904921821362432,dark_fallback,86.0,dark,
755434,obv,29.045184500324968,dark,21.6698384857848,dark_fallback,86.0,dark,
755434,rev,30.033364945958763,dark,21.904921821362432,dark_fallback,86.0,dark,
755436,obv,31.664044923156148,dark,21.6698384857848,dark_fallback,86.0,dark,
755436,rev,30.824569008087614,dark,21.904921821362432,dark_fallback,86.0,dark,
755437,obv,32.97183255228906,dark,21.6698384857848,dark_fallback,86.0,dark,
755437,rev,32.31010555901563,dark,21.904921821362432,dark_fallback,86.0,dark,
755435,obv,31.481229243125696,dark,21.6698384857848,dark_fallback,86.0,dark,
755435,rev,28.277598457848608,dark,21.904921821362432,dark_fallback,86.0,dark,
755438,obv,31.99601845748187,dark,21.6698384857848,dark_fallback,86.0,dark,
755438,rev,33.83717951304137,dark,21.904921821362432,dark_fallback,86.0,dark,
755439,obv,31.230970191495476,dark,21.6698384857848,dark_fallback,86.0,dark,
755439,rev,31.315358455163786,dark,21.904921821362432,dark_fallback,86.0,dark,
755441,obv,31.160404662472907,dark,21.6698384857848,dark_fallback,86.0,dark,
755441,rev,30.926431559533984,dark,21.904921821362432,dark_fallback,86.0,dark,
755442,obv,32.17250641367792,dark,21.6698384857848,dark_fallback,86.0,dark,
755442,rev,32.07209139241332,dark,21.904921821362432,dark_fallback,86.0,dark,
755440,obv,30.0160863975315,dark,21.6698384857848,dark_fallback,86.0,dark,
755440,rev,30.136007287583503,dark,21.904921821362432,dark_fallback,86.0,dark,
755443,obv,31.075983523127054,dark,21.6698384857848,dark_fallback,86.0,dark,
755443,rev,29.78774160049939,dark,21.904921821362432,dark_fallback,86.0,dark,
755444,obv,29.045666168885766,dark,21.6698384857848,dark_fallback,86.0,dark,
755444,rev,28.668541681729447,dark,21.904921821362432,dark_fallback,86.0,dark,
755446,obv,30.166361573437488,dark,21.6698384857848,dark_fallback,86.0,dark,
755446,rev,30.63820303794499,dark,21.904921821362432,dark_fallback,86.0,dark,
755448,obv,30.821479869882978,dark,21.6698384857848,dark_fallback,86.0,dark,
755448,rev,29.905881612619037,dark,21.904921821362432,dark_fallback,86.0,dark,
755447,obv,31.021824744335273,dark,21.6698384857848,dark_fallback,86.0,dark,
755447,rev,31.707632879432012,dark,21.904921821362432,dark_fallback,86.0,dark,
755445,obv,31.206361735717028,dark,21.6698384857848,dark_fallback,86.0,dark,
755445,rev,30.915411206273863,dark,21.904921821362432,dark_fallback,86.0,dark,
755450,obv,34.17036087011191,dark,21.6698384857848,dark_fallback,86.0,dark,
755450,rev,34.99792518232305,dark,21.904921821362432,dark_fallback,86.0,dark,
755449,obv,31.4960513956374,dark,21.6698384857848,dark_fallback,86.0,dark,
755449,rev,31.137482507998545,dark,21.904921821362432,dark_fallback,86.0,dark,
755452,obv,29.995618385205457,dark,21.6698384857848,dark_fallback,86.0,dark,
755452,rev,30.847467103449905,dark,21.904921821362432,dark_fallback,86.0,dark,
755453,obv,30.371411077462806,dark,21.6698384857848,dark_fallback,86.0,dark,
755453,rev,30.975983588935073,dark,21.904921821362432,dark_fallback,86.0,dark,
755454,obv,32.40481610368316,dark,21.6698384857848,dark_fallback,86.0,dark,
755454,rev,30.311194686724814,dark,21.904921821362432,dark_fallback,86.0,dark,
755451,obv,31.129680713910155,dark,21.6698384857848,dark_fallback,86.0,dark,
755451,rev,30.870336366754778,dark,21.904921821362432,dark_fallback,86.0,dark,
755455,obv,31.889026393604205,dark,21.6698384857848,dark_fallback,86.0,dark,
755455,rev,32.010842165487475,dark,21.904921821362432,dark_fallback,86.0,dark,
755456,obv,30.98250956432915,dark,21.6698384857848,dark_fallback,86.0,dark,
755456,rev,31.483598900130435,dark,21.904921821362432,dark_fallback,86.0,dark,
755459,obv,30.512455285954402,dark,21.6698384857848,dark_fallback,86.0,dark,
755459,rev,28.447733785926935,dark,21.904921821362432,dark_fallback,86.0,dark,
755458,obv,30.507463698623503,dark,21.6698384857848,dark_fallback,86.0,dark,
755458,rev,29.231369348497612,dark,21.904921821362432,dark_fallback,86.0,dark,
755457,obv,29.631731287022077,dark,21.6698384857848,dark_fallback,86.0,dark,
755457,rev,29.062331386969216,dark,21.904921821362432,dark_fallback,86.0,dark,
755461,obv,30.31143128303307,dark,21.6698384857848,dark_fallback,86.0,dark,
755461,rev,29.75151708428246,dark,21.904921821362432,dark_fallback,86.0,dark,
755460,obv,30.094676182622955,dark,21.6698384857848,dark_fallback,86.0,dark,
755460,rev,29.464986477933138,dark,21.904921821362432,dark_fallback,86.0,dark,
755462,obv,30.31103467066276,dark,21.6698384857848,dark_fallback,86.0,dark,
755462,rev,30.25950370675453,dark,21.904921821362432,dark_fallback,86.0,dark,
755463,obv,30.760369328880966,dark,21.6698384857848,dark_fallback,86.0,dark,
755463,rev,29.97782418834251,dark,21.904921821362432,dark_fallback,86.0,dark,
755464,obv,28.759501359188782,dark,21.6698384857848,dark_fallback,86.0,dark,
755464,rev,27.998080896343904,dark,21.904921821362432,dark_fallback,86.0,dark,
755468,obv,30.950598124174626,dark,21.6698384857848,dark_fallback,86.0,dark,
755468,rev,29.88863733775868,dark,21.904921821362432,dark_fallback,86.0,dark,
755465,obv,30.501878675520004,dark,21.6698384857848,dark_fallback,86.0,dark,
755465,rev,29.485744320108513,dark,21.904921821362432,dark_fallback,86.0,dark,
755470,obv,30.447219485183346,dark,21.6698384857848,dark_fallback,86.0,dark,
755470,rev,29.998856782097548,dark,21.904921821362432,dark_fallback,86.0,dark,
755469,obv,29.77523260492048,dark,21.6698384857848,dark_fallback,86.0,dark,
755469,rev,28.83403751169874,dark,21.904921821362432,dark_fallback,86.0,dark,
755472,obv,31.209522010202154,dark,21.6698384857848,dark_fallback,86.0,dark,
755472,rev,30.10927179943546,dark,21.904921821362432,dark_fallback,86.0,dark,
755473,obv,30.661819444176583,dark,21.6698384857848,dark_fallback,86.0,dark,
755473,rev,30.899425011467766,dark,21.904921821362432,dark_fallback,86.0,dark,
755475,obv,33.47971677615603,dark,21.6698384857848,dark_fallback,86.0,dark,
755475,rev,33.235241397706055,dark,21.904921821362432,dark_fallback,86.0,dark,
755476,obv,30.384892210009973,dark,21.6698384857848,dark_fallback,86.0,dark,
755476,rev,31.722938828052293,dark,21.904921821362432,dark_fallback,86.0,dark,
755477,obv,31.271027340019103,dark,21.6698384857848,dark_fallback,86.0,dark,
755477,rev,30.34939157877667,dark,21.904921821362432,dark_fallback,86.0,dark,
755478,obv,34.6719138910528,dark,21.6698384857848,dark_fallback,86.0,dark,
755478,rev,34.413123910008096,dark,21.904921821362432,dark_fallback,86.0,dark,
755479,obv,29.815863679206544,dark,21.6698384857848,dark_fallback,86.0,dark,
755479,rev,29.712020174666577,dark,21.904921821362432,dark_fallback,86.0,dark,
755480,obv,33.07696409101257,dark,21.6698384857848,dark_fallback,86.0,dark,
755480,rev,32.26129152883647,dark,21.904921821362432,dark_fallback,86.0,dark,
755481,obv,32.12084929673214,dark,21.6698384857848,dark_fallback,86.0,dark,
755481,rev,32.145027151592586,dark,21.904921821362432,dark_fallback,86.0,dark,
755482,obv,31.043922651933702,dark,21.6698384857848,dark_fallback,86.0,dark,
755482,rev,31.373619238117985,dark,21.904921821362432,dark_fallback,86.0,dark,
755484,obv,31.127794167706796,dark,21.6698384857848,dark_fallback,86.0,dark,
755484,rev,29.023561429813398,dark,21.904921821362432,dark_fallback,86.0,dark,
755483,obv,29.856150257795235,dark,21.6698384857848,dark_fallback,86.0,dark,
755483,rev,28.811964321307553,dark,21.904921821362432,dark_fallback,86.0,dark,
755486,obv,31.057718483875473,dark,21.6698384857848,dark_fallback,86.0,dark,
755486,rev,31.840497651001577,dark,21.904921821362432,dark_fallback,86.0,dark,
755485,obv,31.2623842922408,dark,21.6698384857848,dark_fallback,86.0,dark,
755485,rev,30.925422096824757,dark,21.904921821362432,dark_fallback,86.0,dark,
755489,obv,33.98975029566455,dark,21.6698384857848,dark_fallback,86.0,dark,
755489,rev,33.24023245867821,dark,21.904921821362432,dark_fallback,86.0,dark,
755487,obv,28.708694623042998,dark,21.6698384857848,dark_fallback,86.0,dark,
755487,rev,30.258228215166014,dark,21.904921821362432,dark_fallback,86.0,dark,
755491,obv,31.22390509713667,dark,21.6698384857848,dark_fallback,86.0,dark,
755491,rev,30.696655112651648,dark,21.904921821362432,dark_fallback,86.0,dark,
755490,obv,31.20233918128655,dark,21.6698384857848,dark_fallback,86.0,dark,
755490,rev,30.3515398076819,dark,21.904921821362432,dark_fallback,86.0,dark,
755492,obv,30.626008947926756,dark,21.6698384857848,dark_fallback,86.0,dark,
755492,rev,29.774699391800095,dark,21.904921821362432,dark_fallback,86.0,dark,
755493,obv,27.480069425321886,dark,21.6698384857848,dark_fallback,86.0,dark,
755493,rev,27.65571161048689,dark,21.904921821362432,dark_fallback,86.0,dark,
755495,obv,30.531869585558262,dark,21.6698384857848,dark_fallback,86.0,dark,
755495,rev,30.42452874757878,dark,21.904921821362432,dark_fallback,86.0,dark,
755494,obv,28.034653613109274,dark,21.6698384857848,dark_fallback,86.0,dark,
755494,rev,27.568173943173942,dark,21.904921821362432,dark_fallback,86.0,dark,
755496,obv,30.8525316171854,dark,21.6698384857848,dark_fallback,86.0,dark,
755496,rev,30.248701104807406,dark,21.904921821362432,dark_fallback,86.0,dark,
755497,obv,32.46753697074204,dark,21.6698384857848,dark_fallback,86.0,dark,
755497,rev,32.0538800265869,dark,21.904921821362432,dark_fallback,86.0,dark,
755500,obv,30.247856696007684,dark,21.6698384857848,dark_fallback,86.0,dark,
755500,rev,27.73375373692078,dark,21.904921821362432,dark_fallback,86.0,dark,
755499,obv,31.72250864020001,dark,21.6698384857848,dark_fallback,86.0,dark,
755499,rev,30.02365572013741,dark,21.904921821362432,dark_fallback,86.0,dark,
755498,obv,32.28127731643357,dark,21.6698384857848,dark_fallback,86.0,dark,
755498,rev,30.839324074618194,dark,21.904921821362432,dark_fallback,86.0,dark,
755501,obv,30.231254846365324,dark,21.6698384857848,dark_fallback,86.0,dark,
755501,rev,29.71414501406277,dark,21.904921821362432,dark_fallback,86.0,dark,
755502,obv,30.957558437592034,dark,21.6698384857848,dark_fallback,86.0,dark,
755502,rev,30.008235214047506,dark,21.904921821362432,dark_fallback,86.0,dark,
755503,obv,31.261370702237816,dark,21.6698384857848,dark_fallback,86.0,dark,
755503,rev,29.720208874203447,dark,21.904921821362432,dark_fallback,86.0,dark,
755504,obv,32.220853585031485,dark,21.6698384857848,dark_fallback,86.0,dark,
755504,rev,31.113939978047277,dark,21.904921821362432,dark_fallback,86.0,dark,
755505,obv,30.898195245788138,dark,21.6698384857848,dark_fallback,86.0,dark,
755505,rev,31.12265279147347,dark,21.904921821362432,dark_fallback,86.0,dark,
755508,obv,29.504452045618955,dark,21.6698384857848,dark_fallback,86.0,dark,
755508,rev,30.196295507770916,dark,21.904921821362432,dark_fallback,86.0,dark,
755507,obv,29.814003730775088,dark,21.6698384857848,dark_fallback,86.0,dark,
755507,rev,30.968109339407746,dark,21.904921821362432,dark_fallback,86.0,dark,
755506,obv,30.990568421052632,dark,21.6698384857848,dark_fallback,86.0,dark,
755506,rev,30.795907677750744,dark,21.904921821362432,dark_fallback,86.0,dark,
755509,obv,33.90685456971314,dark,21.6698384857848,dark_fallback,86.0,dark,
755509,rev,33.43850129198967,dark,21.904921821362432,dark_fallback,86.0,dark,
755510,obv,33.00779597777402,dark,21.6698384857848,dark_fallback,86.0,dark,
755510,rev,31.34692285420152,dark,21.904921821362432,dark_fallback,86.0,dark,
755512,obv,31.734721371708513,dark,21.6698384857848,dark_fallback,86.0,dark,
755512,rev,30.988977826846995,dark,21.904921821362432,dark_fallback,86.0,dark,
755513,obv,32.72876946573811,dark,21.6698384857848,dark_fallback,86.0,dark,
755513,rev,33.35498036643252,dark,21.904921821362432,dark_fallback,86.0,dark,
755511,obv,30.63661298183178,dark,21.6698384857848,dark_fallback,86.0,dark,
755511,rev,30.667348303118487,dark,21.904921821362432,dark_fallback,86.0,dark,
755514,obv,30.083868879379768,dark,21.6698384857848,dark_fallback,86.0,dark,
755514,rev,31.61657751233446,dark,21.904921821362432,dark_fallback,86.0,dark,
755515,obv,29.297171767438,dark,21.6698384857848,dark_fallback,86.0,dark,
755515,rev,29.781461783505225,dark,21.904921821362432,dark_fallback,86.0,dark,
755517,obv,31.851814489600788,dark,21.6698384857848,dark_fallback,86.0,dark,
755517,rev,31.951971202179294,dark,21.904921821362432,dark_fallback,86.0,dark,
755518,obv,32.01220073664825,dark,21.6698384857848,dark_fallback,86.0,dark,
755518,rev,30.063201490991922,dark,21.904921821362432,dark_fallback,86.0,dark,
755516,obv,29.755310980291785,dark,21.6698384857848,dark_fallback,86.0,dark,
755516,rev,30.963097584555545,dark,21.904921821362432,dark_fallback,86.0,dark,
755519,obv,32.9262588080613,dark,21.6698384857848,dark_fallback,86.0,dark,
755519,rev,30.785866440372693,dark,21.904921821362432,dark_fallback,86.0,dark,
755521,obv,96.0,mixed,21.6698384857848,mixed_fallback,,,
755521,rev,96.0,mixed,21.904921821362432,mixed_fallback,,,
755523,obv,32.12416435771974,dark,21.6698384857848,dark_fallback,86.0,dark,
755523,rev,31.72750513265951,dark,21.904921821362432,dark_fallback,86.0,dark,
755526,obv,31.05959483239624,dark,21.6698384857848,dark_fallback,86.0,dark,
755526,rev,31.965846170133926,dark,21.904921821362432,dark_fallback,86.0,dark,
755524,obv,33.497629417277686,dark,21.6698384857848,dark_fallback,86.0,dark,
755524,rev,32.79728557976954,dark,21.904921821362432,dark_fallback,86.0,dark,
755525,obv,30.53031756556579,dark,21.6698384857848,dark_fallback,86.0,dark,
755525,rev,30.79064190628905,dark,21.904921821362432,dark_fallback,86.0,dark,
755527,obv,32.24821385361878,dark,21.6698384857848,dark_fallback,86.0,dark,
755527,rev,32.04645974145285,dark,21.904921821362432,dark_fallback,86.0,dark,
755530,obv,31.644794146681377,dark,21.6698384857848,dark_fallback,86.0,dark,
755530,rev,30.518290667204194,dark,21.904921821362432,dark_fallback,86.0,dark,
755528,obv,31.826174170935563,dark,21.6698384857848,dark_fallback,86.0,dark,
755528,rev,32.933858409559456,dark,21.904921821362432,dark_fallback,86.0,dark,
755531,obv,32.47730226927695,dark,21.6698384857848,dark_fallback,86.0,dark,
755531,rev,30.625444181674855,dark,21.904921821362432,dark_fallback,86.0,dark,
755529,obv,28.925969473059705,dark,21.6698384857848,dark_fallback,86.0,dark,
755529,rev,30.613228857828602,dark,21.904921821362432,dark_fallback,86.0,dark,
755533,obv,32.5921892988323,dark,21.6698384857848,dark_fallback,86.0,dark,
755533,rev,29.962991353752155,dark,21.904921821362432,dark_fallback,86.0,dark,
755535,obv,29.435833179456065,dark,21.6698384857848,dark_fallback,86.0,dark,
755535,rev,30.215692927347153,dark,21.904921821362432,dark_fallback,86.0,dark,
755532,obv,29.048040577649985,dark,21.6698384857848,dark_fallback,86.0,dark,
755532,rev,27.092002726798817,dark,21.904921821362432,dark_fallback,86.0,dark,
755534,obv,30.765977957602217,dark,21.6698384857848,dark_fallback,86.0,dark,
755534,rev,30.555067656505027,dark,21.904921821362432,dark_fallback,86.0,dark,
755536,obv,32.88978071142758,dark,21.6698384857848,dark_fallback,86.0,dark,
755536,rev,28.310083264708574,dark,21.904921821362432,dark_fallback,86.0,dark,
755539,obv,30.485038084874866,dark,21.6698384857848,dark_fallback,86.0,dark,
755539,rev,30.055276381909547,dark,21.904921821362432,dark_fallback,86.0,dark,
755537,obv,32.46390565476476,dark,21.6698384857848,dark_fallback,86.0,dark,
755537,rev,29.69496745988375,dark,21.904921821362432,dark_fallback,86.0,dark,
755538,obv,31.36938711146932,dark,21.6698384857848,dark_fallback,86.0,dark,
755538,rev,29.08641921492557,dark,21.904921821362432,dark_fallback,86.0,dark,
755540,obv,29.414284512235234,dark,21.6698384857848,dark_fallback,86.0,dark,
755540,rev,29.184755142528974,dark,21.904921821362432,dark_fallback,86.0,dark,
755543,obv,29.878265260541088,dark,21.6698384857848,dark_fallback,86.0,dark,
755543,rev,28.838576085998767,dark,21.904921821362432,dark_fallback,86.0,dark,
755542,obv,30.001646611779606,dark,21.6698384857848,dark_fallback,86.0,dark,
755542,rev,31.691344642961067,dark,21.904921821362432,dark_fallback,86.0,dark,
755541,obv,31.707835006110145,dark,21.6698384857848,dark_fallback,86.0,dark,
755541,rev,30.394395794335548,dark,21.904921821362432,dark_fallback,86.0,dark,
755544,obv,29.025989578506916,dark,21.6698384857848,dark_fallback,86.0,dark,
755544,rev,30.28170705799683,dark,21.904921821362432,dark_fallback,86.0,dark,
755545,obv,29.459674680793263,dark,21.6698384857848,dark_fallback,86.0,dark,
755545,rev,28.9258402544443,dark,21.904921821362432,dark_fallback,86.0,dark,
755547,obv,31.268257584842306,dark,21.6698384857848,dark_fallback,86.0,dark,
755547,rev,30.632929099783627,dark,21.904921821362432,dark_fallback,86.0,dark,
755546,obv,30.844243165938554,dark,21.6698384857848,dark_fallback,86.0,dark,
755546,rev,28.935547956037006,dark,21.904921821362432,dark_fallback,86.0,dark,
755548,obv,31.44215847392399,dark,21.6698384857848,dark_fallback,86.0,dark,
755548,rev,30.007310330705437,dark,21.904921821362432,dark_fallback,86.0,dark,
755549,obv,30.899827179890025,dark,21.6698384857848,dark_fallback,86.0,dark,
755549,rev,29.221655930723674,dark,21.904921821362432,dark_fallback,86.0,dark,
755554,obv,29.048683545971585,dark,21.6698384857848,dark_fallback,86.0,dark,
755554,rev,27.920169495366068,dark,21.904921821362432,dark_fallback,86.0,dark,
755556,obv,32.37769010469275,dark,21.6698384857848,dark_fallback,86.0,dark,
755556,rev,31.25274654119272,dark,21.904921821362432,dark_fallback,86.0,dark,
755553,obv,96.0,mixed,21.6698384857848,mixed_fallback,,,
755553,rev,96.0,mixed,21.904921821362432,mixed_fallback,,,
755557,obv,34.275661207061376,dark,21.6698384857848,dark_fallback,86.0,dark,
755557,rev,33.79006799917577,dark,21.904921821362432,dark_fallback,86.0,dark,
755558,obv,33.5467356427215,dark,21.6698384857848,dark_fallback,86.0,dark,
755558,rev,32.85961084695922,dark,21.904921821362432,dark_fallback,86.0,dark,
755560,obv,32.084248409445294,dark,21.6698384857848,dark_fallback,86.0,dark,
755560,rev,31.478946148497258,dark,21.904921821362432,dark_fallback,86.0,dark,
755561,obv,29.008061910665315,dark,21.6698384857848,dark_fallback,86.0,dark,
755561,rev,27.80197495183044,dark,21.904921821362432,dark_fallback,86.0,dark,
755559,obv,33.1725609703308,dark,21.6698384857848,dark_fallback,86.0,dark,
755559,rev,33.03102409638554,dark,21.904921821362432,dark_fallback,86.0,dark,
755563,obv,34.30134472976458,dark,21.6698384857848,dark_fallback,86.0,dark,
755563,rev,33.468162506399835,dark,21.904921821362432,dark_fallback,86.0,dark,
755562,obv,29.954458982024303,dark,21.6698384857848,dark_fallback,86.0,dark,
755562,rev,31.213921282798832,dark,21.904921821362432,dark_fallback,86.0,dark,
755564,obv,32.42681578656447,dark,21.6698384857848,dark_fallback,86.0,dark,
755564,rev,33.59973940352362,dark,21.904921821362432,dark_fallback,86.0,dark,
755565,obv,31.12370362911926,dark,21.6698384857848,dark_fallback,86.0,dark,
755565,rev,30.750388662615155,dark,21.904921821362432,dark_fallback,86.0,dark,
755566,obv,32.53907749884566,dark,21.6698384857848,dark_fallback,86.0,dark,
755566,rev,33.58858888176062,dark,21.904921821362432,dark_fallback,86.0,dark,
755568,obv,31.229926891037383,dark,21.6698384857848,dark_fallback,86.0,dark,
755568,rev,30.92327217347161,dark,21.904921821362432,dark_fallback,86.0,dark,
755569,obv,30.452865452978564,dark,21.6698384857848,dark_fallback,86.0,dark,
755569,rev,31.65764997940786,dark,21.904921821362432,dark_fallback,86.0,dark,
755567,obv,33.6336624820126,dark,21.6698384857848,dark_fallback,86.0,dark,
755567,rev,33.763308665552636,dark,21.904921821362432,dark_fallback,86.0,dark,
755570,obv,96.0,mixed,21.6698384857848,mixed_fallback,,,
755570,rev,34.487288982119665,dark,21.904921821362432,dark_fallback,86.0,dark,
755571,obv,32.405388036732,dark,21.6698384857848,dark_fallback,86.0,dark,
755571,rev,33.63983831393051,dark,21.904921821362432,dark_fallback,86.0,dark,
755573,obv,32.72370829710311,dark,21.6698384857848,dark_fallback,86.0,dark,
755573,rev,31.764599812468443,dark,21.904921821362432,dark_fallback,86.0,dark,
755574,obv,29.71832895428271,dark,21.6698384857848,dark_fallback,86.0,dark,
755574,rev,96.0,mixed,21.904921821362432,mixed_fallback,,,
755572,obv,32.97496210762591,dark,21.6698384857848,dark_fallback,86.0,dark,
755572,rev,32.37809928241009,dark,21.904921821362432,dark_fallback,86.0,dark,
755575,obv,30.684168515968317,dark,21.6698384857848,dark_fallback,86.0,dark,
755575,rev,31.026458765003007,dark,21.904921821362432,dark_fallback,86.0,dark,
755576,obv,32.328594297911266,dark,21.6698384857848,dark_fallback,86.0,dark,
755576,rev,31.290474407117625,dark,21.904921821362432,dark_fallback,86.0,dark,
755578,obv,32.45931131269577,dark,21.6698384857848,dark_fallback,86.0,dark,
755578,rev,32.28065992978461,dark,21.904921821362432,dark_fallback,86.0,dark,
755577,obv,29.205945268127167,dark,21.6698384857848,dark_fallback,86.0,dark,
755577,rev,30.07397589663364,dark,21.904921821362432,dark_fallback,86.0,dark,
755579,obv,33.20769892856083,dark,21.6698384857848,dark_fallback,86.0,dark,
755579,rev,31.641861302912037,dark,21.904921821362432,dark_fallback,86.0,dark,
755580,obv,29.7806063528725,dark,21.6698384857848,dark_fallback,86.0,dark,
755580,rev,29.469414614829137,dark,21.904921821362432,dark_fallback,86.0,dark,
755583,obv,32.98831374098587,dark,21.6698384857848,dark_fallback,86.0,dark,
755583,rev,32.575377991902,dark,21.904921821362432,dark_fallback,86.0,dark,
755582,obv,96.0,mixed,21.6698384857848,mixed_fallback,,,
755582,rev,96.0,mixed,21.904921821362432,mixed_fallback,,,
755584,obv,31.891964161918406,dark,21.6698384857848,dark_fallback,86.0,dark,
755584,rev,31.334316768025385,dark,21.904921821362432,dark_fallback,86.0,dark,
755581,obv,32.265468673291466,dark,21.6698384857848,dark_fallback,86.0,dark,
755581,rev,31.689256656804734,dark,21.904921821362432,dark_fallback,86.0,dark,
755585,obv,32.8331325440771,dark,21.6698384857848,dark_fallback,86.0,dark,
755585,rev,33.48145807284868,dark,21.904921821362432,dark_fallback,86.0,dark,
755586,obv,30.32941884974405,dark,21.6698384857848,dark_fallback,86.0,dark,
755586,rev,30.185655313161924,dark,21.904921821362432,dark_fallback,86.0,dark,
755587,obv,29.55358757196555,dark,21.6698384857848,dark_fallback,86.0,dark,
755587,rev,29.919838409711765,dark,21.904921821362432,dark_fallback,86.0,dark,
755588,obv,30.50620981238439,dark,21.6698384857848,dark_fallback,86.0,dark,
755588,rev,30.22967220093657,dark,21.904921821362432,dark_fallback,86.0,dark,
755589,obv,31.03962393672586,dark,21.6698384857848,dark_fallback,86.0,dark,
755589,rev,30.80645851893288,dark,21.904921821362432,dark_fallback,86.0,dark,
755590,obv,32.56365909942128,dark,21.6698384857848,dark_fallback,86.0,dark,
755590,rev,32.95260897911468,dark,21.904921821362432,dark_fallback,86.0,dark,
755591,obv,30.233187789457745,dark,21.6698384857848,dark_fallback,86.0,dark,
755591,rev,31.041278846437965,dark,21.904921821362432,dark_fallback,86.0,dark,
755592,obv,32.856954725035195,dark,21.6698384857848,dark_fallback,86.0,dark,
755592,rev,32.187321169781875,dark,21.904921821362432,dark_fallback,86.0,dark,
755594,obv,30.185284914982677,dark,21.6698384857848,dark_fallback,86.0,dark,
755594,rev,32.36350104197678,dark,21.904921821362432,dark_fallback,86.0,dark,
755593,obv,30.383918330461725,dark,21.6698384857848,dark_fallback,86.0,dark,
755593,rev,31.038506935160974,dark,21.904921821362432,dark_fallback,86.0,dark,
755596,obv,36.02127127322759,dark,21.6698384857848,dark_fallback,86.0,dark,
755596,rev,34.00510875239255,dark,21.904921821362432,dark_fallback,86.0,dark,
755595,obv,32.52203969616565,dark,21.6698384857848,dark_fallback,86.0,dark,
755595,rev,32.690093482003505,dark,21.904921821362432,dark_fallback,86.0,dark,
755598,obv,30.949502742046388,dark,21.6698384857848,dark_fallback,86.0,dark,
755598,rev,29.930984974958264,dark,21.904921821362432,dark_fallback,86.0,dark,
755597,obv,29.56845841490406,dark,21.6698384857848,dark_fallback,86.0,dark,
755597,rev,28.64864569888391,dark,21.904921821362432,dark_fallback,86.0,dark,
755600,obv,31.225468624067325,dark,21.6698384857848,dark_fallback,86.0,dark,
755600,rev,32.85263081289571,dark,21.904921821362432,dark_fallback,86.0,dark,
755599,obv,30.55767980441149,dark,21.6698384857848,dark_fallback,86.0,dark,
755599,rev,29.838886802117123,dark,21.904921821362432,dark_fallback,86.0,dark,
755601,obv,28.923736056008014,dark,21.6698384857848,dark_fallback,86.0,dark,
755601,rev,28.624247021838777,dark,21.904921821362432,dark_fallback,86.0,dark,
755602,obv,30.399987877318463,dark,21.6698384857848,dark_fallback,86.0,dark,
755602,rev,30.50940523578464,dark,21.904921821362432,dark_fallback,86.0,dark,
755604,obv,96.0,mixed,21.6698384857848,mixed_fallback,,,
755604,rev,96.0,mixed,21.904921821362432,mixed_fallback,,,
755605,obv,29.259529999415786,dark,21.6698384857848,dark_fallback,86.0,dark,
755605,rev,28.772137595954888,dark,21.904921821362432,dark_fallback,86.0,dark,
755603,obv,29.960348280814287,dark,21.6698384857848,dark_fallback,86.0,dark,
755603,rev,27.834526329939173,dark,21.904921821362432,dark_fallback,86.0,dark,
755606,obv,33.43530402340824,dark,21.6698384857848,dark_fallback,86.0,dark,
755606,rev,33.08904822342659,dark,21.904921821362432,dark_fallback,86.0,dark,
755607,obv,27.665938212317702,dark,21.6698384857848,dark_fallback,86.0,dark,
755607,rev,27.621493228810394,dark,21.904921821362432,dark_fallback,86.0,dark,
755609,obv,30.29773131115027,dark,21.6698384857848,dark_fallback,86.0,dark,
755609,rev,30.410300895269376,dark,21.904921821362432,dark_fallback,86.0,dark,
755610,obv,31.337267467324406,dark,21.6698384857848,dark_fallback,86.0,dark,
755610,rev,30.42277328640073,dark,21.904921821362432,dark_fallback,86.0,dark,
755608,obv,31.107357437293704,dark,21.6698384857848,dark_fallback,86.0,dark,
755608,rev,31.803152300817263,dark,21.904921821362432,dark_fallback,86.0,dark,
755611,obv,29.68961339027447,dark,21.6698384857848,dark_fallback,86.0,dark,
755611,rev,30.471303241121415,dark,21.904921821362432,dark_fallback,86.0,dark,
755612,obv,96.0,mixed,21.6698384857848,mixed_fallback,,,
755612,rev,96.0,mixed,21.904921821362432,mixed_fallback,,,
755614,obv,213.58370795225545,light,21.6698384857848,light_fallback,,,
755614,rev,214.45752876957727,light,21.904921821362432,light_fallback,,,
755615,obv,33.09134225335789,dark,21.6698384857848,dark_fallback,86.0,dark,
755615,rev,33.49004202081461,dark,21.904921821362432,dark_fallback,86.0,dark,
755613,obv,96.0,mixed,21.6698384857848,mixed_fallback,,,
755613,rev,214.49195220466066,light,21.904921821362432,light_fallback,,,
755616,obv,96.0,mixed,21.6698384857848,mixed_fallback,,,
755616,rev,96.0,mixed,21.904921821362432,mixed_fallback,,,
755617,obv,215.65926795045482,light,21.6698384857848,light_fallback,,,
755617,rev,218.32788049525342,light,21.904921821362432,light_fallback,,,
755619,obv,225.1028791565288,light,21.6698384857848,light_fallback,,,
755619,rev,223.36936833186638,light,21.904921821362432,light_fallback,,,
755618,obv,213.79227151400963,light,21.6698384857848,light_fallback,,,
755618,rev,213.23854672061123,light,21.904921821362432,light_fallback,,,
755620,obv,29.764492384324605,dark,21.6698384857848,dark_fallback,86.0,dark,
755620,rev,31.400790866764464,dark,21.904921821362432,dark_fallback,86.0,dark,
755621,obv,32.68727725511898,dark,21.6698384857848,dark_fallback,86.0,dark,
755621,rev,31.67774106258352,dark,21.904921821362432,dark_fallback,86.0,dark,
755624,obv,27.23623588246918,dark,21.6698384857848,dark_fallback,86.0,dark,
755624,rev,31.177167560643664,dark,21.904921821362432,dark_fallback,86.0,dark,
755625,obv,31.857708658684714,dark,21.6698384857848,dark_fallback,86.0,dark,
755625,rev,34.03131614916599,dark,21.904921821362432,dark_fallback,86.0,dark,
755626,obv,33.012375969521585,dark,21.6698384857848,dark_fallback,86.0,dark,
755626,rev,31.424123547522097,dark,21.904921821362432,dark_fallback,86.0,dark,
755622,obv,29.639151575356344,dark,21.6698384857848,dark_fallback,86.0,dark,
755622,rev,27.879531557333202,dark,21.904921821362432,dark_fallback,86.0,dark,
755627,obv,29.973546027023968,dark,21.6698384857848,dark_fallback,86.0,dark,
755627,rev,30.572328962607546,dark,21.904921821362432,dark_fallback,86.0,dark,
755628,obv,29.142939843125745,dark,21.6698384857848,dark_fallback,86.0,dark,
755628,rev,31.287420408907487,dark,21.904921821362432,dark_fallback,86.0,dark,
755631,obv,32.53408492540336,dark,21.6698384857848,dark_fallback,86.0,dark,
755631,rev,32.14494168971515,dark,21.904921821362432,dark_fallback,86.0,dark,
755630,obv,31.643862068965518,dark,21.6698384857848,dark_fallback,86.0,dark,
755630,rev,30.866008520640516,dark,21.904921821362432,dark_fallback,86.0,dark,
755632,obv,31.53796515191314,dark,21.6698384857848,dark_fallback,86.0,dark,
755632,rev,31.72368665204056,dark,21.904921821362432,dark_fallback,86.0,dark,
755634,obv,33.006657679488555,dark,21.6698384857848,dark_fallback,86.0,dark,
755634,rev,32.71702490748375,dark,21.904921821362432,dark_fallback,86.0,dark,
755636,obv,31.659921422620823,dark,21.6698384857848,dark_fallback,86.0,dark,
755636,rev,32.628464310866235,dark,21.904921821362432,dark_fallback,86.0,dark,
755637,obv,30.752001015277298,dark,21.6698384857848,dark_fallback,86.0,dark,
755637,rev,31.289585128933822,dark,21.904921821362432,dark_fallback,86.0,dark,
755638,obv,29.53972571006945,dark,21.6698384857848,dark_fallback,86.0,dark,
755638,rev,30.047472768931645,dark,21.904921821362432,dark_fallback,86.0,dark,
755635,obv,30.532309762878747,dark,21.6698384857848,dark_fallback,86.0,dark,
755635,rev,30.9397835548759,dark,21.904921821362432,dark_fallback,86.0,dark,
755639,obv,30.589161488628672,dark,21.6698384857848,dark_fallback,86.0,dark,
755639,rev,31.151905495268533,dark,21.904921821362432,dark_fallback,86.0,dark,
755640,obv,31.856749840774533,dark,21.6698384857848,dark_fallback,86.0,dark,
755640,rev,30.801532461476505,dark,21.904921821362432,dark_fallback,86.0,dark,
755642,obv,31.732068828721612,dark,21.6698384857848,dark_fallback,86.0,dark,
755642,rev,31.66404921476443,dark,21.904921821362432,dark_fallback,86.0,dark,
755643,obv,30.124451024546822,dark,21.6698384857848,dark_fallback,86.0,dark,
755643,rev,30.817872948866345,dark,21.904921821362432,dark_fallback,86.0,dark,
755641,obv,29.84517299028081,dark,21.6698384857848,dark_fallback,86.0,dark,
755641,rev,29.928068923327896,dark,21.904921821362432,dark_fallback,86.0,dark,
755644,obv,33.40245482715602,dark,21.6698384857848,dark_fallback,86.0,dark,
755644,rev,32.42104893216383,dark,21.904921821362432,dark_fallback,86.0,dark,
755645,obv,31.229503472254503,dark,21.6698384857848,dark_fallback,86.0,dark,
755645,rev,31.08096531359933,dark,21.904921821362432,dark_fallback,86.0,dark,
755654,obv,214.72827232151408,light,21.6698384857848,light_fallback,,,
755654,rev,213.9890365912496,light,21.904921821362432,light_fallback,,,
755656,obv,29.16355020491803,dark,21.6698384857848,dark_fallback,86.0,dark,
755656,rev,34.01492280633183,dark,21.904921821362432,dark_fallback,86.0,dark,
755657,obv,33.78401683045621,dark,21.6698384857848,dark_fallback,86.0,dark,
755657,rev,33.783548251531705,dark,21.904921821362432,dark_fallback,86.0,dark,
755653,obv,29.455887430939228,dark,21.6698384857848,dark_fallback,86.0,dark,
755653,rev,29.653479058788214,dark,21.904921821362432,dark_fallback,86.0,dark,
755658,obv,32.689552133037274,dark,21.6698384857848,dark_fallback,86.0,dark,
755658,rev,30.393346049771548,dark,21.904921821362432,dark_fallback,86.0,dark,
755659,obv,30.91075081712794,dark,21.6698384857848,dark_fallback,86.0,dark,
755659,rev,29.594963505146186,dark,21.904921821362432,dark_fallback,86.0,dark,
755661,obv,31.413262989808537,dark,21.6698384857848,dark_fallback,86.0,dark,
755661,rev,30.646413983661702,dark,21.904921821362432,dark_fallback,86.0,dark,
755669,obv,33.5644358366349,dark,21.6698384857848,dark_fallback,86.0,dark,
755669,rev,32.98607960164276,dark,21.904921821362432,dark_fallback,86.0,dark,
755670,obv,33.051569586437715,dark,21.6698384857848,dark_fallback,86.0,dark,
755670,rev,30.436376006967123,dark,21.904921821362432,dark_fallback,86.0,dark,
755673,obv,30.692388620805747,dark,21.6698384857848,dark_fallback,86.0,dark,
755673,rev,31.154230153112543,dark,21.904921821362432,dark_fallback,86.0,dark,
755660,obv,96.0,mixed,21.6698384857848,mixed_fallback,,,
755660,rev,96.0,mixed,21.904921821362432,mixed_fallback,,,
755675,obv,32.977282505247516,dark,21.6698384857848,dark_fallback,86.0,dark,
755675,rev,32.263771860839604,dark,21.904921821362432,dark_fallback,86.0,dark,
755676,obv,31.479449419710605,dark,21.6698384857848,dark_fallback,86.0,dark,
755676,rev,32.7762797481413,dark,21.904921821362432,dark_fallback,86.0,dark,
755679,obv,31.37906056417854,dark,21.6698384857848,dark_fallback,86.0,dark,
755679,rev,30.840605742824067,dark,21.904921821362432,dark_fallback,86.0,dark,
755678,obv,33.65444782168186,dark,21.6698384857848,dark_fallback,86.0,dark,
755678,rev,31.57983800273502,dark,21.904921821362432,dark_fallback,86.0,dark,
755677,obv,32.7528351179306,dark,21.6698384857848,dark_fallback,86.0,dark,
755677,rev,32.315454531728896,dark,21.904921821362432,dark_fallback,86.0,dark,
755680,obv,32.671340723305235,dark,21.6698384857848,dark_fallback,86.0,dark,
755680,rev,33.74324814411854,dark,21.904921821362432,dark_fallback,86.0,dark,
755681,obv,32.92502268190891,dark,21.6698384857848,dark_fallback,86.0,dark,
755681,rev,32.06282674211206,dark,21.904921821362432,dark_fallback,86.0,dark,
755683,obv,33.75048872726031,dark,21.6698384857848,dark_fallback,86.0,dark,
755683,rev,34.19563887798,dark,21.904921821362432,dark_fallback,86.0,dark,
755684,obv,30.776315015297715,dark,21.6698384857848,dark_fallback,86.0,dark,
755684,rev,31.66204396176107,dark,21.904921821362432,dark_fallback,86.0,dark,
755682,obv,32.928514847245715,dark,21.6698384857848,dark_fallback,86.0,dark,
755682,rev,33.26617207470503,dark,21.904921821362432,dark_fallback,86.0,dark,
755687,obv,31.562533460580525,dark,21.6698384857848,dark_fallback,86.0,dark,
755687,rev,31.71816287505252,dark,21.904921821362432,dark_fallback,86.0,dark,
755688,obv,32.326777066493854,dark,21.6698384857848,dark_fallback,86.0,dark,
755688,rev,32.1000257083046,dark,21.904921821362432,dark_fallback,86.0,dark,
755690,obv,29.231141054995568,dark,21.6698384857848,dark_fallback,86.0,dark,
755690,rev,31.03125,dark,21.904921821362432,dark_fallback,86.0,dark,
755691,obv,35.18681909885676,dark,21.6698384857848,dark_fallback,86.0,dark,
755691,rev,35.220546082818785,dark,21.904921821362432,dark_fallback,86.0,dark,
755689,obv,30.28456733572083,dark,21.6698384857848,dark_fallback,86.0,dark,
755689,rev,32.16496463354331,dark,21.904921821362432,dark_fallback,86.0,dark,
755692,obv,32.701257250251125,dark,21.6698384857848,dark_fallback,86.0,dark,
755692,rev,33.08265571195554,dark,21.904921821362432,dark_fallback,86.0,dark,
755707,obv,32.6031140714646,dark,21.6698384857848,dark_fallback,86.0,dark,
755707,rev,31.34644158833685,dark,21.904921821362432,dark_fallback,86.0,dark,
755710,obv,251.19197800509264,light,69.1463513137172,light_fallback,,,
755710,rev,248.75702651208547,light,56.513729305364365,light_fallback,,,
755709,obv,35.10574450186276,dark,21.6698384857848,dark_fallback,86.0,dark,
755709,rev,96.0,mixed,21.904921821362432,mixed_fallback,,,
755708,obv,32.40495679484467,dark,21.6698384857848,dark_fallback,86.0,dark,
755708,rev,31.07569534443226,dark,21.904921821362432,dark_fallback,86.0,dark,
755711,obv,96.0,mixed,21.6698384857848,mixed_fallback,,,
755711,rev,29.461583496753804,dark,21.904921821362432,dark_fallback,86.0,dark,
755712,obv,33.97009870875988,dark,21.6698384857848,dark_fallback,86.0,dark,
755712,rev,33.438891683331086,dark,21.904921821362432,dark_fallback,86.0,dark,
755713,obv,34.015272691941,dark,21.6698384857848,dark_fallback,86.0,dark,
755713,rev,34.26208701991583,dark,21.904921821362432,dark_fallback,86.0,dark,
