id,side,lane,config,alpha_iou_vs_baseline,status,wall_s,cpu_s,n_detections,n_rim_recovered,rim_recovered
755357,obv,ingest,baseline,1.0,success,0.077,0.142,1,0,0
755357,obv,ingest,cap800,1.0,success,0.084,0.136,1,0,0
755357,obv,query,baseline,1.0,success,0.086,0.147,1,0,0
755357,obv,query,cap800,1.0,success,0.072,0.13,1,0,0
755357,rev,ingest,baseline,1.0,success,0.111,0.166,1,0,0
755357,rev,ingest,cap800,1.0,success,0.117,0.173,1,0,0
755357,rev,query,baseline,1.0,success,0.135,0.192,1,0,0
755357,rev,query,cap800,1.0,success,0.111,0.163,1,0,0
755377,obv,ingest,baseline,1.0,success,24.692,75.664,2,2,1;1
755377,obv,ingest,cap800,0.9421622870176882,success,5.273,17.028,2,2,1;1
755377,obv,query,baseline,1.0,success,49.619,125.699,2,2,1;1
755377,obv,query,cap800,0.9383352200762257,success,8.676,19.167,2,2,1;1
755377,rev,ingest,baseline,1.0,success,49.796,111.336,2,0,0;0
755377,rev,ingest,cap800,0.5365081129139809,success,19.253,41.154,2,1,1;0
755377,rev,query,baseline,1.0,success,44.755,100.89,2,0,0;0
755377,rev,query,cap800,0.5343464687873909,success,20.373,42.623,2,1,1;0
755385,obv,ingest,baseline,1.0,success,0.128,0.196,1,0,0
755385,obv,ingest,cap800,1.0,success,0.091,0.149,1,0,0
755385,obv,query,baseline,1.0,success,0.129,0.215,1,0,0
755385,obv,query,cap800,1.0,success,0.109,0.171,1,0,0
755385,rev,ingest,baseline,1.0,success,0.139,0.197,1,0,0
755385,rev,ingest,cap800,1.0,success,0.13,0.191,1,0,0
755385,rev,query,baseline,1.0,success,0.143,0.199,1,0,0
755385,rev,query,cap800,1.0,success,0.174,0.215,1,0,0
755396,obv,ingest,baseline,1.0,success,0.111,0.143,1,0,0
755396,obv,ingest,cap800,1.0,success,0.09,0.135,1,0,0
755396,obv,query,baseline,1.0,success,0.099,0.152,1,0,0
755396,obv,query,cap800,1.0,success,0.12,0.184,1,0,0
755396,rev,ingest,baseline,1.0,success,0.106,0.149,1,0,0
755396,rev,ingest,cap800,1.0,success,0.107,0.159,1,0,0
755396,rev,query,baseline,1.0,success,0.106,0.169,1,0,0
755396,rev,query,cap800,1.0,success,0.109,0.158,1,0,0
755407,obv,ingest,baseline,1.0,success,0.323,0.495,1,0,0
755407,obv,ingest,cap800,1.0,success,0.301,0.417,1,0,0
755407,obv,query,baseline,1.0,success,0.282,0.441,1,0,0
755407,obv,query,cap800,1.0,success,0.304,0.427,1,0,0
755407,rev,ingest,baseline,1.0,success,0.474,0.88,3,2,0;1;1
755407,rev,ingest,cap800,1.0,success,0.495,0.945,3,2,0;1;1
755407,rev,query,baseline,1.0,success,0.478,0.894,3,2,0;1;1
755407,rev,query,cap800,1.0,success,0.507,0.923,3,2,0;1;1
755414,obv,ingest,baseline,1.0,success,26.813,70.787,1,1,1
755414,obv,ingest,cap800,0.802124417972405,success,5.322,13.058,4,3,0;1;1;1
755414,obv,query,baseline,1.0,success,31.631,72.007,1,1,1
755414,obv,query,cap800,0.8087507044115294,success,5.609,13.338,4,3,0;1;1;1
755414,rev,ingest,baseline,1.0,success,24.815,60.072,2,2,1;1
755414,rev,ingest,cap800,1.0,success,5.344,12.68,2,2,1;1
755414,rev,query,baseline,1.0,success,31.302,70.171,2,2,1;1
755414,rev,query,cap800,1.0,success,5.49,15.511,2,2,1;1
755421,obv,ingest,baseline,1.0,success,0.236,0.532,1,0,0
755421,obv,ingest,cap800,1.0,success,0.233,0.515,1,0,0
755421,obv,query,baseline,1.0,success,0.242,0.547,1,0,0
755421,obv,query,cap800,1.0,success,0.23,0.517,1,0,0
755421,rev,ingest,baseline,1.0,success,0.18,0.366,2,1,0;1
755421,rev,ingest,cap800,1.0,success,0.173,0.371,2,1,0;1
755421,rev,query,baseline,1.0,success,0.148,0.314,2,1,0;1
755421,rev,query,cap800,1.0,success,0.136,0.313,2,1,0;1
755428,obv,ingest,baseline,1.0,success,0.413,1.065,5,4,0;1;1;1;1
755428,obv,ingest,cap800,1.0,success,0.398,1.01,5,4,0;1;1;1;1
755428,obv,query,baseline,1.0,success,0.381,1.003,5,4,0;1;1;1;1
755428,obv,query,cap800,1.0,success,0.427,1.101,5,4,0;1;1;1;1
755428,rev,ingest,baseline,1.0,success,0.297,0.711,3,2,0;1;1
755428,rev,ingest,cap800,1.0,success,0.284,0.682,3,2,0;1;1
755428,rev,query,baseline,1.0,success,0.253,0.607,3,2,0;1;1
755428,rev,query,cap800,1.0,success,0.247,0.621,3,2,0;1;1
755435,obv,ingest,baseline,1.0,success,36.994,110.665,5,5,1;1;1;1;1
755435,obv,ingest,cap800,1.0,success,7.093,19.889,5,5,1;1;1;1;1
755435,obv,query,baseline,1.0,success,35.334,105.347,5,5,1;1;1;1;1
755435,obv,query,cap800,1.0,success,7.539,16.552,5,5,1;1;1;1;1
755435,rev,ingest,baseline,1.0,success,53.007,136.659,1,1,1
755435,rev,ingest,cap800,1.0,success,8.333,19.135,1,1,1
755435,rev,query,baseline,1.0,success,52.436,137.614,1,1,1
755435,rev,query,cap800,1.0,success,6.274,18.625,1,1,1
755442,obv,ingest,baseline,1.0,success,24.637,79.867,5,5,1;1;1;1;1
755442,obv,ingest,cap800,1.0,success,4.73,12.928,5,5,1;1;1;1;1
755442,obv,query,baseline,1.0,success,21.426,67.829,5,5,1;1;1;1;1
755442,obv,query,cap800,1.0,success,4.191,12.707,5,5,1;1;1;1;1
755442,rev,ingest,baseline,1.0,success,29.649,86.592,5,5,1;1;1;1;1
755442,rev,ingest,cap800,1.0,success,6.67,15.592,5,5,1;1;1;1;1
755442,rev,query,baseline,1.0,success,24.64,72.674,5,5,1;1;1;1;1
755442,rev,query,cap800,1.0,success,6.571,14.711,5,5,1;1;1;1;1
755449,obv,ingest,baseline,1.0,success,7.672,21.104,2,1,0;1
755449,obv,ingest,cap800,1.0,success,1.77,4.078,2,1,0;1
755449,obv,query,baseline,1.0,success,7.163,18.157,2,1,0;1
755449,obv,query,cap800,1.0,success,1.512,3.851,2,1,0;1
755449,rev,ingest,baseline,1.0,success,0.245,0.524,1,0,0
755449,rev,ingest,cap800,1.0,success,0.273,0.532,1,0,0
755449,rev,query,baseline,1.0,success,0.312,0.519,1,0,0
755449,rev,query,cap800,1.0,success,0.257,0.49,1,0,0
755456,obv,ingest,baseline,1.0,success,6.38,18.727,5,4,0;1;1;1;1
755456,obv,ingest,cap800,1.0,success,2.303,5.606,5,4,0;1;1;1;1
755456,obv,query,baseline,1.0,success,6.156,18.792,5,4,0;1;1;1;1
755456,obv,query,cap800,1.0,success,2.232,5.272,5,4,0;1;1;1;1
755456,rev,ingest,baseline,1.0,success,37.451,107.984,4,4,1;1;1;1
755456,rev,ingest,cap800,1.0,success,7.604,23.015,4,4,1;1;1;1
755456,rev,query,baseline,1.0,success,30.574,92.714,4,4,1;1;1;1
755456,rev,query,cap800,1.0,success,7.719,23.15,4,4,1;1;1;1
755463,obv,ingest,baseline,1.0,success,0.08,0.144,1,0,0
755463,obv,ingest,cap800,1.0,success,0.079,0.14,1,0,0
755463,obv,query,baseline,1.0,success,0.082,0.149,1,0,0
755463,obv,query,cap800,1.0,success,0.097,0.163,1,0,0
755463,rev,ingest,baseline,1.0,success,0.645,1.537,4,3,0;1;1;1
755463,rev,ingest,cap800,1.0,success,0.564,1.314,4,3,0;1;1;1
755463,rev,query,baseline,1.0,success,0.52,1.195,4,3,0;1;1;1
755463,rev,query,cap800,1.0,success,0.49,1.179,4,3,0;1;1;1
755473,obv,ingest,baseline,1.0,success,0.226,0.455,1,0,0
755473,obv,ingest,cap800,1.0,success,0.216,0.451,1,0,0
755473,obv,query,baseline,1.0,success,0.158,0.34,1,0,0
755473,obv,query,cap800,1.0,success,0.186,0.363,1,0,0
755473,rev,ingest,baseline,1.0,success,25.612,75.597,1,0,0
755473,rev,ingest,cap800,0.8405894446805086,success,5.777,16.275,1,1,1
755473,rev,query,baseline,1.0,success,25.446,75.341,1,0,0
755473,rev,query,cap800,0.8405894446805086,success,6.85,18.666,1,1,1
755481,obv,ingest,baseline,1.0,success,33.157,108.356,5,5,1;1;1;1;1
755481,obv,ingest,cap800,1.0,success,5.881,18.478,5,5,1;1;1;1;1
755481,obv,query,baseline,1.0,success,48.462,122.48,5,5,1;1;1;1;1
755481,obv,query,cap800,1.0,success,8.595,19.731,5,5,1;1;1;1;1
755481,rev,ingest,baseline,1.0,success,38.549,116.451,5,5,1;1;1;1;1
755481,rev,ingest,cap800,1.0,success,6.549,18.817,5,5,1;1;1;1;1
755481,rev,query,baseline,1.0,success,35.001,110.263,5,5,1;1;1;1;1
755481,rev,query,cap800,1.0,success,6.647,20.495,5,5,1;1;1;1;1
755489,obv,ingest,baseline,1.0,success,36.012,110.52,3,2,1;1;0
755489,obv,ingest,cap800,0.8733647473814227,success,6.643,20.015,3,2,1;1;0
755489,obv,query,baseline,1.0,success,41.93,108.787,3,2,1;1;0
755489,obv,query,cap800,0.8739390611359861,success,6.903,18.088,3,2,1;1;0
755489,rev,ingest,baseline,1.0,success,32.229,83.734,3,2,1;1;0
755489,rev,ingest,cap800,1.0,success,8.616,25.366,3,2,1;1;0
755489,rev,query,baseline,1.0,success,25.753,76.834,3,2,1;1;0
755489,rev,query,cap800,1.0,success,9.432,26.227,3,2,1;1;0
755496,obv,ingest,baseline,1.0,success,18.947,56.35,3,3,1;1;1
755496,obv,ingest,cap800,1.0,success,3.042,7.567,3,3,1;1;1
755496,obv,query,baseline,1.0,success,16.82,51.826,3,3,1;1;1
755496,obv,query,cap800,1.0,success,2.215,7.128,3,3,1;1;1
755496,rev,ingest,baseline,1.0,success,0.241,0.613,3,2,0;1;1
755496,rev,ingest,cap800,1.0,success,0.232,0.596,3,2,0;1;1
755496,rev,query,baseline,1.0,success,0.307,0.616,3,2,0;1;1
755496,rev,query,cap800,1.0,success,0.362,0.702,3,2,0;1;1
755503,obv,ingest,baseline,1.0,success,35.786,110.881,5,5,1;1;1;1;1
755503,obv,ingest,cap800,1.0,success,5.101,14.999,5,5,1;1;1;1;1
755503,obv,query,baseline,1.0,success,59.344,106.745,5,5,1;1;1;1;1
755503,obv,query,cap800,1.0,success,10.017,15.934,5,5,1;1;1;1;1
755503,rev,ingest,baseline,1.0,success,94.857,163.046,4,4,1;1;1;1
755503,rev,ingest,cap800,1.0,success,13.031,22.195,4,4,1;1;1;1
755503,rev,query,baseline,1.0,success,112.722,204.26,4,4,1;1;1;1
755503,rev,query,cap800,1.0,success,13.952,22.586,4,4,1;1;1;1
755510,obv,ingest,baseline,1.0,success,61.524,120.93,5,4,1;1;1;1;0
755510,obv,ingest,cap800,1.0,success,6.529,18.692,5,4,1;1;1;1;0
755510,obv,query,baseline,1.0,success,37.37,118.709,5,4,1;1;1;1;0
755510,obv,query,cap800,1.0,success,6.646,19.751,5,4,1;1;1;1;0
755510,rev,ingest,baseline,1.0,success,0.092,0.167,1,0,0
755510,rev,ingest,cap800,1.0,success,0.09,0.162,1,0,0
755510,rev,query,baseline,1.0,success,0.086,0.155,1,0,0
755510,rev,query,cap800,1.0,success,0.078,0.139,1,0,0
755517,obv,ingest,baseline,1.0,success,27.897,92.535,5,4,1;1;1;0;1
755517,obv,ingest,cap800,1.0,success,4.037,13.305,5,4,1;1;1;0;1
755517,obv,query,baseline,1.0,success,29.63,97.636,5,4,1;1;1;0;1
755517,obv,query,cap800,1.0,success,4.838,14.822,5,4,1;1;1;0;1
755517,rev,ingest,baseline,1.0,success,36.984,120.163,1,1,1
755517,rev,ingest,cap800,0.8720752158215214,success,8.19,28.085,2,1,0;1
755517,rev,query,baseline,1.0,success,40.315,135.82,1,1,1
755517,rev,query,cap800,0.8736660545163218,success,6.414,21.81,2,1,0;1
755526,obv,ingest,baseline,1.0,success,26.807,85.205,2,1,1;0
755526,obv,ingest,cap800,0.9045645873817416,success,6.767,18.778,2,0,0;0
755526,obv,query,baseline,1.0,success,24.843,76.799,2,1,1;0
755526,obv,query,cap800,0.90429592019069,success,6.025,17.939,2,0,0;0
755526,rev,ingest,baseline,1.0,success,24.945,79.313,2,2,1;1
755526,rev,ingest,cap800,1.0,success,5.396,16.323,2,2,1;1
755526,rev,query,baseline,1.0,success,23.757,72.935,2,2,1;1
755526,rev,query,cap800,1.0,success,5.458,16.611,2,2,1;1
755533,obv,ingest,baseline,1.0,success,27.343,70.766,5,4,1;1;1;1;0
755533,obv,ingest,cap800,1.0,success,4.074,12.849,5,4,1;1;1;1;0
755533,obv,query,baseline,1.0,success,20.093,65.275,5,4,1;1;1;1;0
755533,obv,query,cap800,1.0,success,5.288,14.105,5,4,1;1;1;1;0
755533,rev,ingest,baseline,1.0,success,0.171,0.399,1,0,0
755533,rev,ingest,cap800,1.0,success,0.159,0.382,1,0,0
755533,rev,query,baseline,1.0,success,0.177,0.424,1,0,0
755533,rev,query,cap800,1.0,success,0.171,0.393,1,0,0
755540,obv,ingest,baseline,1.0,success,50.974,143.257,4,2,0;0;1;1
755540,obv,ingest,cap800,1.0,success,6.585,20.401,4,2,0;0;1;1
755540,obv,query,baseline,1.0,success,45.828,143.994,4,2,0;0;1;1
755540,obv,query,cap800,1.0,success,7.505,23.022,4,2,0;0;1;1
755540,rev,ingest,baseline,1.0,success,38.458,127.798,1,1,1
755540,rev,ingest,cap800,1.0,success,5.023,16.042,1,1,1
755540,rev,query,baseline,1.0,success,33.373,109.909,1,1,1
755540,rev,query,cap800,1.0,success,5.098,16.479,1,1,1
755547,obv,ingest,baseline,1.0,success,0.193,0.457,1,0,0
755547,obv,ingest,cap800,1.0,success,0.179,0.407,1,0,0
755547,obv,query,baseline,1.0,success,0.178,0.418,1,0,0
755547,obv,query,cap800,1.0,success,0.178,0.417,1,0,0
755547,rev,ingest,baseline,1.0,success,0.189,0.5,3,2,0;1;1
755547,rev,ingest,cap800,1.0,success,0.209,0.525,3,2,0;1;1
755547,rev,query,baseline,1.0,success,0.212,0.54,3,2,0;1;1
755547,rev,query,cap800,1.0,success,0.209,0.526,3,2,0;1;1
755558,obv,ingest,baseline,1.0,success,0.134,0.314,2,0,0;0
755558,obv,ingest,cap800,1.0,success,0.127,0.29,2,0,0;0
755558,obv,query,baseline,1.0,success,0.123,0.289,2,0,0;0
755558,obv,query,cap800,1.0,success,0.129,0.298,2,0,0;0
755558,rev,ingest,baseline,1.0,success,0.087,0.158,1,0,0
755558,rev,ingest,cap800,1.0,success,0.079,0.147,1,0,0
755558,rev,query,baseline,1.0,success,0.083,0.153,1,0,0
755558,rev,query,cap800,1.0,success,0.062,0.124,1,0,0
755565,obv,ingest,baseline,1.0,success,0.081,0.147,1,0,0
755565,obv,ingest,cap800,1.0,success,0.079,0.146,1,0,0
755565,obv,query,baseline,1.0,success,0.082,0.151,1,0,0
755565,obv,query,cap800,1.0,success,0.083,0.148,1,0,0
755565,rev,ingest,baseline,1.0,success,0.169,0.425,2,1,0;1
755565,rev,ingest,cap800,1.0,success,0.15,0.382,2,1,0;1
755565,rev,query,baseline,1.0,success,0.154,0.379,2,1,0;1
755565,rev,query,cap800,1.0,success,0.163,0.399,2,1,0;1
755572,obv,ingest,baseline,1.0,success,15.762,51.272,5,4,1;1;1;0;1
755572,obv,ingest,cap800,1.0,success,3.281,9.701,5,4,1;1;1;0;1
755572,obv,query,baseline,1.0,success,15.134,46.701,5,4,1;1;1;0;1
755572,obv,query,cap800,1.0,success,2.625,9.032,5,4,1;1;1;0;1
755572,rev,ingest,baseline,1.0,success,12.013,40.338,3,2,0;1;1
755572,rev,ingest,cap800,1.0,success,2.001,6.258,3,2,0;1;1
755572,rev,query,baseline,1.0,success,12.874,41.326,3,2,0;1;1
755572,rev,query,cap800,1.0,success,1.849,6.106,3,2,0;1;1
755579,obv,ingest,baseline,1.0,success,0.22,0.46,1,0,0
755579,obv,ingest,cap800,1.0,success,0.198,0.392,1,0,0
755579,obv,query,baseline,1.0,success,0.23,0.396,1,0,0
755579,obv,query,cap800,1.0,success,0.186,0.376,1,0,0
755579,rev,ingest,baseline,1.0,success,0.104,0.197,1,0,0
755579,rev,ingest,cap800,1.0,success,0.1,0.192,1,0,0
755579,rev,query,baseline,1.0,success,0.103,0.185,1,0,0
755579,rev,query,cap800,1.0,success,0.111,0.208,1,0,0
755586,obv,ingest,baseline,1.0,success,39.547,129.218,5,5,1;1;1;1;1
755586,obv,ingest,cap800,1.0,success,8.534,26.816,5,5,1;1;1;1;1
755586,obv,query,baseline,1.0,success,45.944,148.49,5,5,1;1;1;1;1
755586,obv,query,cap800,1.0,success,7.18,22.329,5,5,1;1;1;1;1
755586,rev,ingest,baseline,1.0,success,39.975,123.699,4,3,1;1;1;0
755586,rev,ingest,cap800,1.0,success,5.187,15.738,4,3,1;1;1;0
755586,rev,query,baseline,1.0,success,34.915,113.441,4,3,1;1;1;0
755586,rev,query,cap800,1.0,success,4.335,14.773,4,3,1;1;1;0
755593,obv,ingest,baseline,1.0,success,42.786,140.112,1,1,1
755593,obv,ingest,cap800,1.0,success,7.354,23.837,1,1,1
755593,obv,query,baseline,1.0,success,41.735,134.119,1,1,1
755593,obv,query,cap800,1.0,success,7.594,23.956,1,1,1
755593,rev,ingest,baseline,1.0,success,0.12,0.258,1,0,0
755593,rev,ingest,cap800,1.0,success,0.118,0.252,1,0,0
755593,rev,query,baseline,1.0,success,0.129,0.275,1,0,0
755593,rev,query,cap800,1.0,success,0.124,0.265,1,0,0
755600,obv,ingest,baseline,1.0,success,30.466,98.137,4,4,1;1;1;1
755600,obv,ingest,cap800,1.0,success,5.491,16.879,4,4,1;1;1;1
755600,obv,query,baseline,1.0,success,28.804,92.532,4,4,1;1;1;1
755600,obv,query,cap800,1.0,success,4.718,16.22,4,4,1;1;1;1
755600,rev,ingest,baseline,1.0,success,21.982,74.799,1,1,1
755600,rev,ingest,cap800,1.0,success,4.408,13.308,1,1,1
755600,rev,query,baseline,1.0,success,25.835,85.462,1,1,1
755600,rev,query,cap800,1.0,success,10.787,27.73,1,1,1
755607,obv,ingest,baseline,1.0,success,33.996,108.042,1,1,1
755607,obv,ingest,cap800,0.8446423961502874,success,9.974,28.439,2,2,1;1
755607,obv,query,baseline,1.0,success,32.58,102.528,1,1,1
755607,obv,query,cap800,0.8464440391735965,success,8.559,25.54,2,2,1;1
755607,rev,ingest,baseline,1.0,success,8.054,23.429,5,4,0;1;1;1;1
755607,rev,ingest,cap800,1.0,success,6.137,19.422,5,4,0;1;1;1;1
755607,rev,query,baseline,1.0,success,9.568,29.214,5,4,0;1;1;1;1
755607,rev,query,cap800,1.0,success,5.694,17.401,5,4,0;1;1;1;1
755614,obv,ingest,baseline,1.0,success,0.079,0.156,1,0,0
755614,obv,ingest,cap800,1.0,success,0.069,0.134,1,0,0
755614,obv,query,baseline,1.0,success,0.078,0.148,1,0,0
755614,obv,query,cap800,1.0,success,0.067,0.131,1,0,0
755614,rev,ingest,baseline,1.0,success,0.072,0.133,1,0,0
755614,rev,ingest,cap800,1.0,success,0.084,0.152,1,0,0
755614,rev,query,baseline,1.0,success,0.08,0.141,1,0,0
755614,rev,query,cap800,1.0,success,0.087,0.153,1,0,0
755621,obv,ingest,baseline,1.0,success,27.821,91.621,3,2,0;1;1
755621,obv,ingest,cap800,0.8594856310888322,success,4.576,13.571,5,5,1;1;1;1;1
755621,obv,query,baseline,1.0,success,26.574,88.949,3,2,0;1;1
755621,obv,query,cap800,0.8612044844043972,success,4.233,13.421,5,5,1;1;1;1;1
755621,rev,ingest,baseline,1.0,success,28.83,97.202,1,0,0
755621,rev,ingest,cap800,1.0,success,3.091,11.258,1,0,0
755621,rev,query,baseline,1.0,success,30.13,101.738,1,0,0
755621,rev,query,cap800,1.0,success,4.203,12.021,1,0,0
755630,obv,ingest,baseline,1.0,success,65.768,208.309,5,5,1;1;1;1;1
755630,obv,ingest,cap800,1.0,success,10.902,31.783,5,5,1;1;1;1;1
755630,obv,query,baseline,1.0,success,64.715,207.76,5,5,1;1;1;1;1
755630,obv,query,cap800,1.0,success,9.851,28.826,5,5,1;1;1;1;1
755630,rev,ingest,baseline,1.0,success,56.989,184.324,5,5,1;1;1;1;1
755630,rev,ingest,cap800,1.0,success,10.983,30.359,5,5,1;1;1;1;1
755630,rev,query,baseline,1.0,success,49.749,162.814,5,5,1;1;1;1;1
755630,rev,query,cap800,1.0,success,10.875,32.342,5,5,1;1;1;1;1
755638,obv,ingest,baseline,1.0,success,31.998,103.006,5,4,1;1;1;1;0
755638,obv,ingest,cap800,1.0,success,6.4,15.932,5,4,1;1;1;1;0
755638,obv,query,baseline,1.0,success,24.592,80.726,5,4,1;1;1;1;0
755638,obv,query,cap800,1.0,success,4.74,14.843,5,4,1;1;1;1;0
755638,rev,ingest,baseline,1.0,success,25.379,83.63,4,4,1;1;1;1
755638,rev,ingest,cap800,1.0,success,5.231,15.62,4,4,1;1;1;1
755638,rev,query,baseline,1.0,success,24.905,83.08,4,4,1;1;1;1
755638,rev,query,cap800,1.0,success,5.002,15.91,4,4,1;1;1;1
755645,obv,ingest,baseline,1.0,success,0.33,0.678,2,1,0;1
755645,obv,ingest,cap800,1.0,success,0.351,0.683,2,1,0;1
755645,obv,query,baseline,1.0,success,0.316,0.643,2,1,0;1
755645,obv,query,cap800,1.0,success,0.365,0.703,2,1,0;1
755645,rev,ingest,baseline,1.0,success,0.306,0.825,4,2,0;1;0;1
755645,rev,ingest,cap800,1.0,success,0.298,0.819,4,2,0;1;0;1
755645,rev,query,baseline,1.0,success,0.294,0.8,4,2,0;1;0;1
755645,rev,query,cap800,1.0,success,0.388,0.865,4,2,0;1;0;1
755660,obv,ingest,baseline,1.0,success,0.086,0.153,1,0,0
755660,obv,ingest,cap800,1.0,success,0.081,0.15,1,0,0
755660,obv,query,baseline,1.0,success,0.084,0.153,1,0,0
755660,obv,query,cap800,1.0,success,0.083,0.148,1,0,0
755660,rev,ingest,baseline,1.0,success,0.073,0.129,1,0,0
755660,rev,ingest,cap800,1.0,success,0.082,0.156,1,0,0
755660,rev,query,baseline,1.0,success,0.083,0.148,1,0,0
755660,rev,query,cap800,1.0,success,0.087,0.159,1,0,0
755677,obv,ingest,baseline,1.0,success,31.361,99.395,1,1,1
755677,obv,ingest,cap800,1.0,success,4.579,15.12,1,1,1
755677,obv,query,baseline,1.0,success,30.985,98.97,1,1,1
755677,obv,query,cap800,1.0,success,4.713,15.075,1,1,1
755677,rev,ingest,baseline,1.0,success,29.281,96.471,1,1,1
755677,rev,ingest,cap800,1.0,success,6.025,18.378,1,1,1
755677,rev,query,baseline,1.0,success,30.102,100.87,1,1,1
755677,rev,query,cap800,1.0,success,5.717,18.218,1,1,1
755684,obv,ingest,baseline,1.0,success,30.648,91.814,1,1,1
755684,obv,ingest,cap800,0.9882241088406224,success,13.496,39.188,1,1,1
755684,obv,query,baseline,1.0,success,29.031,90.177,1,1,1
755684,obv,query,cap800,0.9882241088406224,success,7.373,21.536,1,1,1
755684,rev,ingest,baseline,1.0,success,36.206,116.853,1,1,1
755684,rev,ingest,cap800,1.0,success,5.598,17.436,1,1,1
755684,rev,query,baseline,1.0,success,30.458,96.232,1,1,1
755684,rev,query,cap800,1.0,success,6.81,19.579,1,1,1
755707,obv,ingest,baseline,1.0,success,24.052,77.672,4,4,1;1;1;1
755707,obv,ingest,cap800,0.8941271274898459,success,4.95,13.847,5,5,1;1;1;1;1
755707,obv,query,baseline,1.0,success,24.752,82.808,4,4,1;1;1;1
755707,obv,query,cap800,0.8949048342761206,success,4.998,13.838,5,5,1;1;1;1;1
755707,rev,ingest,baseline,1.0,success,32.076,99.036,2,1,1;0
755707,rev,ingest,cap800,0.8262717047787145,success,6.544,20.321,1,1,1
755707,rev,query,baseline,1.0,success,31.794,102.805,2,1,1;0
755707,rev,query,cap800,0.8250366642896546,success,6.413,18.543,1,1,1
