id,side,h,w,avg_bg,polarity,otsu_t,close_k,n_valid,n_need_recovery,n_will_hough,max_hough_roi_px,scan_wall_s,scan_cpu_s
755357,obv,1440,1500,96.0,BIN,134.0,7,1,0,0,0,0.158,0.246
755357,rev,1440,1500,96.0,BIN,132.0,7,1,0,0,0,0.269,0.34
755362,obv,1440,1500,29.53,BIN,135.0,7,15,15,15,762188,0.738,1.267
755362,rev,1440,1500,29.93,BIN,131.0,7,6,6,6,1487814,0.512,0.762
755363,obv,1440,1500,96.0,BIN,134.0,7,3,3,3,1381794,0.297,0.474
755363,rev,1440,1500,96.0,BIN,131.0,7,1,0,0,0,0.151,0.237
755365,obv,1440,1500,29.97,BIN,130.0,7,1,0,0,0,0.145,0.218
755365,rev,1440,1500,28.99,BIN,129.0,7,2,1,1,2992,0.441,0.529
755366,obv,1440,1500,96.0,BIN,132.0,7,6,6,6,1358388,1.334,1.558
755366,rev,1440,1500,33.53,BIN,133.0,7,2,1,1,11704,0.566,0.647
755368,obv,1440,1500,96.0,BIN,134.0,7,1,0,0,0,0.243,0.265
755368,rev,1440,1500,96.0,BIN,130.0,7,3,2,2,7760,0.497,0.623
755369,obv,1440,1500,31.12,BIN,131.0,7,3,3,3,1463700,0.449,0.677
755369,rev,1440,1500,30.36,BIN,129.0,7,4,4,4,1433994,0.701,0.952
755377,obv,1440,1500,96.0,BIN,132.0,7,6,5,5,1341837,0.639,0.918
755377,rev,1440,1500,96.0,BIN,133.0,7,4,4,4,1202448,2.201,2.438
755379,obv,1440,1500,31.75,BIN,133.0,7,1,0,0,0,0.113,0.193
755379,rev,1440,1500,31.49,BIN,133.0,7,1,0,0,0,0.163,0.249
755380,obv,1440,1500,31.03,BIN,135.0,7,20,19,19,1222536,1.378,2.268
755380,rev,1440,1500,29.74,BIN,135.0,7,1,0,0,0,0.12,0.193
755381,obv,1440,1500,96.0,BIN,137.0,7,1,0,0,0,0.146,0.23
755381,rev,1440,1500,96.0,BIN,134.0,7,1,1,1,1502115,0.324,0.428
755382,obv,1440,1500,32.14,BIN,131.0,7,1,0,0,0,0.116,0.185
755382,rev,1440,1500,96.0,BIN,135.0,7,1,0,0,0,0.121,0.202
755383,obv,1440,1500,96.0,BIN,133.0,7,8,8,8,1365302,1.803,2.096
755383,rev,1440,1500,96.0,BIN,135.0,7,1,0,0,0,0.143,0.219
755384,obv,1440,1500,96.0,BIN,136.0,7,4,3,3,6250,0.236,0.415
755384,rev,1440,1500,96.0,BIN,132.0,7,1,0,0,0,0.194,0.26
755385,obv,1440,1500,32.88,BIN,133.0,7,1,0,0,0,0.097,0.166
755385,rev,1440,1500,96.0,BIN,133.0,7,1,0,0,0,0.273,0.356
755387,obv,1440,1500,29.66,BIN,123.0,7,5,5,5,1406496,0.452,0.703
755387,rev,1440,1500,30.35,BIN,122.0,7,7,7,7,1498880,0.547,0.857
755391,obv,1440,1500,31.57,BIN,131.0,7,2,1,1,6006,0.148,0.251
755391,rev,1440,1500,96.0,BIN,134.0,7,1,0,0,0,0.13,0.198
755392,obv,1440,1500,30.18,BIN,130.0,7,7,6,6,831168,0.384,0.673
755392,rev,1440,1500,29.9,BIN,133.0,7,1,0,0,0,0.139,0.213
755393,obv,1440,1500,30.66,BIN,131.0,7,6,5,5,187068,0.411,0.64
755393,rev,1440,1500,31.65,BIN,128.0,7,1,0,0,0,0.137,0.223
755394,obv,1440,1500,96.0,BIN,138.0,7,6,6,6,1477927,0.511,0.801
755394,rev,1440,1500,96.0,BIN,137.0,7,1,0,0,0,0.205,0.274
755395,obv,1440,1500,29.8,BIN,133.0,7,3,3,3,1461357,0.267,0.453
755395,rev,1440,1500,96.0,BIN,135.0,7,2,1,1,1485,0.216,0.326
755396,obv,1440,1500,30.57,BIN,131.0,7,1,0,0,0,0.14,0.211
755396,rev,1440,1500,30.89,BIN,129.0,7,1,0,0,0,0.129,0.198
755397,obv,1440,1500,96.0,BIN,133.0,7,1,0,0,0,0.141,0.195
755397,rev,1440,1500,218.12,INV,131.0,7,1,0,0,0,0.138,0.168
755401,obv,1440,1500,29.51,BIN,123.0,7,12,12,12,1479222,0.78,1.248
755401,rev,1440,1500,28.39,BIN,123.0,7,2,1,1,63206,0.216,0.317
755402,obv,1440,1500,96.0,BIN,135.0,7,4,3,3,1405398,1.993,2.144
755402,rev,1440,1500,96.0,BIN,138.0,7,3,3,3,1438044,0.281,0.46
755403,obv,1440,1500,31.69,BIN,134.0,7,18,18,18,1369872,1.353,1.993
755403,rev,1440,1500,31.56,BIN,136.0,7,10,9,9,1364215,0.654,0.97
755404,obv,1440,1500,32.23,BIN,130.0,7,3,2,2,25132,0.18,0.312
755404,rev,1440,1500,31.51,BIN,133.0,7,1,0,0,0,0.142,0.207
755406,obv,1440,1500,31.45,BIN,126.0,7,5,4,4,3256,0.455,0.647
755406,rev,1440,1500,30.83,BIN,128.0,7,8,8,8,1360894,0.647,0.994
755407,obv,1440,1500,29.18,BIN,130.0,7,6,5,5,22253,0.331,0.556
755407,rev,1440,1500,28.7,BIN,126.0,7,11,10,10,93555,0.666,1.044
755408,obv,1440,1500,26.79,BIN,126.0,7,10,10,10,1487772,0.626,1.002
755408,rev,1440,1500,27.94,BIN,129.0,7,5,5,5,1414804,0.343,0.496
755409,obv,1440,1500,30.51,BIN,121.0,7,5,4,4,16642,0.254,0.437
755409,rev,1440,1500,30.86,BIN,126.0,7,4,4,4,1355068,0.226,0.413
755410,obv,1440,1500,29.35,BIN,132.0,7,8,8,8,1475784,0.411,0.737
755410,rev,1440,1500,29.7,BIN,133.0,7,13,13,13,1290172,0.812,1.266
755411,obv,1440,1500,32.54,BIN,120.0,7,12,12,12,1348723,0.536,0.954
755411,rev,1440,1500,31.67,BIN,117.0,7,19,19,19,1509432,1.208,1.829
755412,obv,1440,1500,30.87,BIN,121.0,7,15,15,15,1573936,0.776,1.338
755412,rev,1440,1500,31.33,BIN,116.0,7,11,11,11,1726196,0.976,1.345
755413,obv,1440,1500,30.3,BIN,125.0,7,8,8,8,1554479,0.449,0.766
755413,rev,1440,1500,30.31,BIN,121.0,7,16,16,16,1529326,1.117,1.639
755414,obv,1440,1500,29.22,BIN,128.0,7,13,13,13,1526580,0.659,1.071
755414,rev,1440,1500,29.16,BIN,128.0,7,15,15,15,1386084,0.659,1.205
755415,obv,1440,1500,30.7,BIN,131.0,7,4,3,3,6096,0.215,0.372
755415,rev,1440,1500,30.7,BIN,129.0,7,5,4,4,5040,0.284,0.499
755416,obv,1440,1500,29.7,BIN,125.0,7,6,5,5,6853,0.286,0.523
755416,rev,1440,1500,29.26,BIN,120.0,7,13,13,13,1466172,0.636,1.105
755417,obv,1440,1500,27.42,BIN,122.0,7,8,7,7,62928,0.358,0.634
755417,rev,1440,1500,29.2,BIN,124.0,7,7,6,6,17820,0.334,0.585
755418,obv,1440,1500,31.37,BIN,122.0,7,12,12,12,1454267,0.648,1.108
755418,rev,1440,1500,30.46,BIN,125.0,7,11,11,11,1333735,0.705,1.132
755419,obv,1440,1500,33.1,BIN,116.0,7,13,13,13,1980370,1.75,2.218
755419,rev,1440,1500,32.64,BIN,108.0,7,8,8,8,2160000,1.29,1.6
755420,obv,1440,1500,33.76,BIN,125.0,7,3,3,3,1432114,0.254,0.411
755420,rev,1440,1500,34.53,BIN,132.0,7,1,0,0,0,0.124,0.183
755421,obv,1440,1500,29.63,BIN,129.0,7,7,6,6,8208,0.328,0.582
755421,rev,1440,1500,28.1,BIN,127.0,7,1,0,0,0,0.118,0.183
755422,obv,1440,1500,28.41,BIN,114.0,7,17,17,17,2103000,1.051,1.71
755422,rev,1440,1500,30.72,BIN,114.0,7,30,30,30,1572624,1.377,2.389
755423,obv,1440,1500,32.25,BIN,132.0,7,2,1,1,2967,0.135,0.236
755423,rev,1440,1500,33.07,BIN,133.0,7,1,0,0,0,0.121,0.193
755424,obv,1440,1500,31.05,BIN,133.0,7,1,0,0,0,0.149,0.217
755424,rev,1440,1500,29.7,BIN,132.0,7,1,0,0,0,0.116,0.189
755425,obv,1440,1500,30.59,BIN,122.0,7,7,7,7,1501173,0.535,0.83
755425,rev,1440,1500,30.15,BIN,123.0,7,6,6,6,1413428,0.304,0.55
755426,obv,1440,1500,32.26,BIN,128.0,7,3,3,3,1548708,0.23,0.389
755426,rev,1440,1500,31.53,BIN,131.0,7,5,5,5,1397024,0.682,0.913
755427,obv,1440,1500,28.51,BIN,114.0,7,31,31,31,1592014,1.624,2.465
755427,rev,1440,1500,29.08,BIN,106.0,7,13,13,13,2029500,1.385,1.745
755428,obv,1440,1500,28.21,BIN,123.0,7,10,9,9,55784,0.484,0.873
755428,rev,1440,1500,30.08,BIN,128.0,7,6,5,5,4872,0.305,0.536
755429,obv,1440,1500,30.92,BIN,125.0,7,3,2,2,5940,0.173,0.315
755429,rev,1440,1500,31.71,BIN,119.0,7,9,9,9,1917528,2.323,2.685
755430,obv,1440,1500,31.19,BIN,125.0,7,9,9,9,1516086,0.427,0.779
755430,rev,1440,1500,31.48,BIN,123.0,7,10,10,10,1693770,0.422,0.786
755431,obv,1440,1500,31.72,BIN,122.0,7,7,7,7,1639174,1.487,1.736
755431,rev,1440,1500,31.33,BIN,117.0,7,12,12,12,1925096,0.977,1.376
755432,obv,1440,1500,31.77,BIN,116.0,7,12,11,11,1025433,1.489,1.905
755432,rev,1440,1500,30.18,BIN,116.0,7,22,22,22,1551956,1.41,2.203
755433,obv,1440,1500,30.53,BIN,124.0,7,5,4,4,17967,0.34,0.592
755433,rev,1440,1500,30.19,BIN,123.0,7,7,6,6,16236,0.379,0.663
755434,obv,1440,1500,29.02,BIN,117.0,7,17,17,17,1765457,1.258,1.927
755434,rev,1440,1500,29.98,BIN,114.0,7,17,17,17,1928952,1.738,2.348
755435,obv,1440,1500,31.46,BIN,115.0,7,18,18,18,1981376,1.203,1.847
755435,rev,1440,1500,28.24,BIN,122.0,7,11,11,11,1568546,0.579,1.059
755436,obv,1440,1500,31.65,BIN,132.0,7,9,8,8,1448658,1.117,1.473
755436,rev,1440,1500,30.81,BIN,129.0,7,8,8,8,1206150,1.407,1.763
755437,obv,1440,1500,32.98,BIN,134.0,7,22,19,19,933300,1.276,2.054
755437,rev,1440,1500,32.3,BIN,129.0,7,4,4,4,1543960,1.294,1.424
755438,obv,1440,1500,31.98,BIN,134.0,7,1,0,0,0,0.125,0.191
755438,rev,1440,1500,33.82,BIN,136.0,7,1,0,0,0,0.097,0.158
755439,obv,1440,1500,31.21,BIN,132.0,7,5,5,5,1299519,0.972,1.196
755439,rev,1440,1500,31.29,BIN,134.0,7,1,0,0,0,0.137,0.207
755440,obv,1440,1500,29.99,BIN,131.0,7,5,4,4,32342,0.308,0.516
755440,rev,1440,1500,30.1,BIN,136.0,7,5,5,5,1373496,1.601,1.83
755441,obv,1440,1500,31.14,BIN,126.0,7,11,10,10,18648,0.492,0.903
755441,rev,1440,1500,30.91,BIN,125.0,7,7,6,6,18144,0.44,0.711
755442,obv,1440,1500,32.15,BIN,111.0,7,44,44,44,1975500,3.241,4.829
755442,rev,1440,1500,32.07,BIN,109.0,7,17,16,16,2130000,4.876,5.377
755443,obv,1440,1500,31.06,BIN,130.0,7,8,8,8,1320798,0.381,0.704
755443,rev,1440,1500,29.78,BIN,127.0,7,11,11,11,1367268,0.478,0.874
755444,obv,1440,1500,29.01,BIN,128.0,7,1,0,0,0,0.123,0.187
755444,rev,1440,1500,28.62,BIN,130.0,7,1,0,0,0,0.086,0.141
755445,obv,1440,1500,31.18,BIN,110.0,7,35,35,35,1975500,2.895,3.95
755445,rev,1440,1500,30.86,BIN,110.0,7,40,39,39,1598546,3.794,5.047
755446,obv,1440,1500,30.14,BIN,130.0,7,8,8,8,1389150,0.442,0.789
755446,rev,1440,1500,30.59,BIN,133.0,7,2,2,2,1353807,0.184,0.33
755447,obv,1440,1500,31.0,BIN,126.0,7,4,3,3,9512,0.255,0.432
755447,rev,1440,1500,31.68,BIN,123.0,7,6,5,5,9408,0.394,0.586
755448,obv,1440,1500,30.79,BIN,125.0,7,4,3,3,11692,0.26,0.426
755448,rev,1440,1500,29.87,BIN,125.0,7,6,6,6,1402984,0.343,0.594
755449,obv,1440,1500,31.49,BIN,122.0,7,4,3,3,1191424,0.939,1.094
755449,rev,1440,1500,31.14,BIN,128.0,7,7,6,6,12040,0.388,0.641
755450,obv,1440,1500,34.17,BIN,137.0,7,8,8,8,1394661,1.353,1.658
755450,rev,1440,1500,35.0,BIN,136.0,7,1,0,0,0,0.092,0.16
755451,obv,1440,1500,31.12,BIN,119.0,7,14,14,14,1229800,1.272,1.761
755451,rev,1440,1500,30.84,BIN,129.0,7,8,8,8,1335168,0.53,0.828
755452,obv,1440,1500,29.97,BIN,126.0,7,5,5,5,1454640,0.298,0.507
755452,rev,1440,1500,30.84,BIN,127.0,7,3,2,2,3721,0.144,0.263
755453,obv,1440,1500,30.35,BIN,121.0,7,11,11,11,1564479,0.656,1.071
755453,rev,1440,1500,30.96,BIN,123.0,7,9,8,8,17136,0.385,0.686
755454,obv,1440,1500,32.39,BIN,111.0,7,41,41,41,1992000,2.284,3.417
755454,rev,1440,1500,30.26,BIN,104.0,7,8,8,8,2151000,0.807,1.084
755455,obv,1440,1500,31.89,BIN,111.0,7,37,37,37,2095500,2.376,3.749
755455,rev,1440,1500,32.01,BIN,104.0,7,6,6,6,2155500,1.044,1.323
755456,obv,1440,1500,30.95,BIN,117.0,7,19,17,17,831147,1.358,1.945
755456,rev,1440,1500,31.46,BIN,121.0,7,15,15,15,1288189,1.38,1.903
755457,obv,1440,1500,29.62,BIN,124.0,7,9,9,9,1545786,0.458,0.801
755457,rev,1440,1500,29.06,BIN,111.0,7,37,37,37,2103000,2.213,3.331
755458,obv,1440,1500,30.49,BIN,133.0,7,1,0,0,0,0.137,0.202
755458,rev,1440,1500,29.19,BIN,131.0,7,2,1,1,3762,0.127,0.215
755459,obv,1440,1500,30.49,BIN,128.0,7,6,5,5,10854,0.305,0.502
755459,rev,1440,1500,28.43,BIN,129.0,7,1,0,0,0,0.13,0.198
755460,obv,1440,1500,30.07,BIN,133.0,7,6,6,6,1356830,0.401,0.667
755460,rev,1440,1500,29.42,BIN,125.0,7,13,13,13,1351100,0.594,1.065
755461,obv,1440,1500,30.29,BIN,121.0,7,9,9,9,1591926,0.628,0.998
755461,rev,1440,1500,29.74,BIN,120.0,7,14,14,14,1501250,0.964,1.47
755462,obv,1440,1500,30.3,BIN,128.0,7,1,0,0,0,0.14,0.199
755462,rev,1440,1500,30.27,BIN,119.0,7,8,8,8,1980875,0.822,1.121
755463,obv,1440,1500,30.75,BIN,128.0,7,1,0,0,0,0.119,0.178
755463,rev,1440,1500,29.95,BIN,122.0,7,10,9,9,14250,0.448,0.766
755464,obv,1440,1500,28.74,BIN,128.0,7,1,0,0,0,0.089,0.151
755464,rev,1440,1500,27.97,BIN,123.0,7,7,6,6,10712,0.348,0.602
755465,obv,1440,1500,30.5,BIN,130.0,7,3,2,2,9879,0.187,0.306
755465,rev,1440,1500,29.47,BIN,125.0,7,3,2,2,6570,0.214,0.348
755468,obv,1440,1500,30.92,BIN,121.0,7,15,15,15,1500429,0.841,1.405
755468,rev,1440,1500,29.87,BIN,119.0,7,14,13,13,44460,0.822,1.342
755469,obv,1440,1500,29.77,BIN,130.0,7,9,9,9,1516924,0.878,1.224
755469,rev,1440,1500,28.81,BIN,131.0,7,4,4,4,1411319,0.28,0.479
755470,obv,1440,1500,30.42,BIN,120.0,7,14,14,14,1527500,0.713,1.313
755470,rev,1440,1500,29.98,BIN,123.0,7,4,3,3,5559,0.248,0.423
755472,obv,1440,1500,31.18,BIN,123.0,7,5,5,5,1701630,0.38,0.588
755472,rev,1440,1500,30.08,BIN,121.0,7,14,14,14,1631304,2.409,2.941
755473,obv,1440,1500,30.65,BIN,135.0,7,4,3,3,12540,0.269,0.435
755473,rev,1440,1500,30.87,BIN,136.0,7,3,2,2,1311790,0.429,0.574
755475,obv,1440,1500,33.45,BIN,105.0,7,8,8,8,2040000,0.769,1.09
755475,rev,1440,1500,33.23,BIN,117.0,7,19,19,19,1601370,1.64,2.269
755476,obv,1440,1500,30.36,BIN,131.0,7,3,2,2,8424,0.169,0.302
755476,rev,1440,1500,31.69,BIN,130.0,7,10,10,10,1234880,1.039,1.447
755477,obv,1440,1500,31.26,BIN,113.0,7,36,36,36,1984500,2.611,3.84
755477,rev,1440,1500,30.34,BIN,120.0,7,13,13,13,1316156,1.646,2.152
755478,obv,1440,1500,34.66,BIN,124.0,7,13,13,13,1613677,1.319,1.842
755478,rev,1440,1500,34.42,BIN,103.0,7,3,3,3,2160000,0.355,0.525
755479,obv,1440,1500,29.81,BIN,116.0,7,7,7,7,2085000,0.806,1.127
755479,rev,1440,1500,29.72,BIN,124.0,7,5,4,4,5529,0.392,0.608
755480,obv,1440,1500,33.07,BIN,119.0,7,7,7,7,1964556,0.867,1.192
755480,rev,1440,1500,32.26,BIN,124.0,7,10,10,10,1419395,1.031,1.365
755481,obv,1440,1500,32.11,BIN,109.0,7,15,15,15,2154000,2.015,2.503
755481,rev,1440,1500,32.12,BIN,114.0,7,20,20,20,1976390,1.379,2.106
755482,obv,1440,1500,31.02,BIN,123.0,7,13,12,12,445588,0.906,1.416
755482,rev,1440,1500,31.35,BIN,126.0,7,5,4,4,330154,0.333,0.534
755483,obv,1440,1500,29.81,BIN,125.0,7,2,1,1,1591,0.201,0.305
755483,rev,1440,1500,28.77,BIN,124.0,7,3,2,2,3968,0.224,0.356
755484,obv,1440,1500,31.11,BIN,132.0,7,4,4,4,1338120,0.288,0.484
755484,rev,1440,1500,28.97,BIN,125.0,7,9,9,9,1307528,0.526,0.879
755485,obv,1440,1500,31.23,BIN,120.0,7,14,14,14,1333990,1.108,1.605
755485,rev,1440,1500,30.88,BIN,130.0,7,10,10,10,1268010,0.635,1.039
755486,obv,1440,1500,31.05,BIN,123.0,7,7,7,7,1507408,0.51,0.689
755486,rev,1440,1500,31.82,BIN,125.0,7,7,7,7,1489380,0.386,0.666
755487,obv,1440,1500,28.7,BIN,125.0,7,12,12,12,1525209,1.214,1.645
755487,rev,1440,1500,30.25,BIN,132.0,7,6,6,6,1368836,0.256,0.486
755489,obv,1440,1500,33.98,BIN,128.0,7,7,7,7,1370520,0.334,0.626
755489,rev,1440,1500,33.26,BIN,136.0,7,6,6,6,1167138,0.547,0.806
755490,obv,1440,1500,31.19,BIN,121.0,7,12,12,12,1568812,0.629,1.106
755490,rev,1440,1500,30.31,BIN,125.0,7,14,14,14,1360590,0.692,1.208
755491,obv,1440,1500,31.21,BIN,115.0,7,18,18,18,1958996,1.226,1.937
755491,rev,1440,1500,30.67,BIN,116.0,7,13,13,13,1945368,1.137,1.583
755492,obv,1440,1500,30.61,BIN,120.0,7,9,8,8,18360,0.407,0.748
755492,rev,1440,1500,29.75,BIN,119.0,7,7,6,6,13328,0.372,0.586
755493,obv,1440,1500,27.46,BIN,122.0,7,12,12,12,1380988,0.714,1.127
755493,rev,1440,1500,27.62,BIN,123.0,7,9,8,8,58156,0.517,0.876
755494,obv,1440,1500,28.02,BIN,113.0,7,42,41,41,898455,2.697,4.014
755494,rev,1440,1500,27.51,BIN,115.0,7,33,32,32,309725,1.529,2.559
755495,obv,1440,1500,30.51,BIN,108.0,7,15,15,15,2137500,1.964,2.451
755495,rev,1440,1500,30.4,BIN,114.0,7,20,20,20,1971905,1.129,1.825
755496,obv,1440,1500,30.83,BIN,118.0,7,14,14,14,1437240,0.585,1.049
755496,rev,1440,1500,30.21,BIN,122.0,7,5,4,4,19584,0.232,0.436
755497,obv,1440,1500,32.45,BIN,117.0,7,15,15,15,1732830,2.036,2.704
755497,rev,1440,1500,32.05,BIN,123.0,7,9,8,8,8400,0.488,0.862
755498,obv,1440,1500,32.26,BIN,113.0,7,40,40,40,1952079,2.472,3.846
755498,rev,1440,1500,30.82,BIN,119.0,7,10,10,10,1708245,0.904,1.241
755499,obv,1440,1500,31.71,BIN,112.0,7,41,41,41,1989000,2.607,4.042
755499,rev,1440,1500,29.98,BIN,121.0,7,4,4,4,1683464,0.808,1.001
755500,obv,1440,1500,30.24,BIN,124.0,7,8,7,7,42550,0.334,0.617
755500,rev,1440,1500,27.68,BIN,123.0,7,5,5,5,1407205,0.251,0.483
755501,obv,1440,1500,30.21,BIN,126.0,7,8,8,8,1477434,0.547,0.885
755501,rev,1440,1500,29.68,BIN,131.0,7,3,2,2,20475,0.267,0.385
755502,obv,1440,1500,30.92,BIN,116.0,7,13,13,13,1370016,1.79,2.186
755502,rev,1440,1500,29.97,BIN,117.0,7,13,13,13,1731456,1.267,1.696
755503,obv,1440,1500,31.25,BIN,118.0,7,9,9,9,1875920,0.82,1.177
755503,rev,1440,1500,29.7,BIN,120.0,7,10,10,10,1625000,0.636,1.05
755504,obv,1440,1500,32.22,BIN,121.0,7,8,8,8,1731792,0.646,1.02
755504,rev,1440,1500,31.11,BIN,120.0,7,7,7,7,1910166,0.57,0.885
755505,obv,1440,1500,30.87,BIN,124.0,7,15,14,14,165005,0.797,1.376
755505,rev,1440,1500,31.08,BIN,123.0,7,7,7,7,1511250,0.421,0.794
755506,obv,1440,1500,30.96,BIN,111.0,7,42,41,41,1990500,3.081,4.583
755506,rev,1440,1500,30.77,BIN,114.0,7,22,22,22,1972500,1.819,2.736
755507,obv,1440,1500,29.78,BIN,118.0,7,11,11,11,1730034,1.217,1.726
755507,rev,1440,1500,30.95,BIN,133.0,7,4,4,4,1414868,0.518,0.721
755508,obv,1440,1500,29.48,BIN,131.0,7,4,4,4,1405620,0.32,0.545
755508,rev,1440,1500,30.17,BIN,135.0,7,1,0,0,0,0.136,0.204
755509,obv,1440,1500,33.89,BIN,99.0,7,4,4,4,2160000,0.248,0.419
755509,rev,1440,1500,33.42,BIN,116.0,7,19,19,19,1775400,1.565,2.231
755510,obv,1440,1500,33.0,BIN,116.0,7,7,7,7,1995336,1.051,1.308
755510,rev,1440,1500,31.33,BIN,129.0,7,1,0,0,0,0.168,0.217
755511,obv,1440,1500,30.61,BIN,112.0,7,44,44,44,1969268,2.717,4.144
755511,rev,1440,1500,30.62,BIN,113.0,7,43,43,43,1654026,1.813,3.16
755512,obv,1440,1500,31.72,BIN,121.0,7,12,12,12,1688505,0.769,1.224
755512,rev,1440,1500,30.95,BIN,120.0,7,9,9,9,1819072,0.657,0.996
755513,obv,1440,1500,32.72,BIN,126.0,7,8,8,8,1574474,0.509,0.726
755513,rev,1440,1500,33.34,BIN,135.0,7,8,8,8,1373295,0.383,0.69
755514,obv,1440,1500,30.07,BIN,130.0,7,5,4,4,4002,0.25,0.435
755514,rev,1440,1500,31.6,BIN,128.0,7,1,0,0,0,0.129,0.196
755515,obv,1440,1500,29.28,BIN,127.0,7,3,2,2,6375,0.262,0.347
755515,rev,1440,1500,29.76,BIN,138.0,7,7,7,7,1305920,0.431,0.7
755516,obv,1440,1500,29.74,BIN,121.0,7,17,17,17,1271832,1.622,2.208
755516,rev,1440,1500,30.93,BIN,130.0,7,9,9,9,1203276,1.412,1.764
755517,obv,1440,1500,31.84,BIN,119.0,7,13,13,13,1731532,0.872,1.373
755517,rev,1440,1500,31.92,BIN,126.0,7,7,7,7,1456849,0.363,0.675
755518,obv,1440,1500,32.0,BIN,133.0,7,7,5,5,1492843,1.36,1.59
755518,rev,1440,1500,30.04,BIN,132.0,7,1,0,0,0,0.126,0.2
755519,obv,1440,1500,32.91,BIN,124.0,7,1,0,0,0,0.172,0.237
755519,rev,1440,1500,30.75,BIN,130.0,7,10,9,9,1516592,1.45,1.857
755521,obv,1440,1500,96.0,BIN,134.0,7,7,7,7,1432280,0.356,0.655
755521,rev,1440,1500,96.0,BIN,130.0,7,1,0,0,0,0.122,0.193
755523,obv,1440,1500,32.1,BIN,124.0,7,3,2,2,13724,0.669,0.807
755523,rev,1440,1500,31.71,BIN,122.0,7,6,5,5,13167,0.32,0.558
755524,obv,1440,1500,33.51,BIN,121.0,7,10,10,10,1895184,1.02,1.438
755524,rev,1440,1500,32.81,BIN,129.0,7,8,8,8,1796995,0.726,1.1
755525,obv,1440,1500,30.51,BIN,129.0,7,8,7,7,10033,0.501,0.815
755525,rev,1440,1500,30.78,BIN,128.0,7,9,9,9,1266478,0.526,0.919
755526,obv,1440,1500,31.04,BIN,130.0,7,2,2,2,1193292,0.16,0.273
755526,rev,1440,1500,31.95,BIN,129.0,7,4,4,4,1209012,0.257,0.445
755527,obv,1440,1500,32.23,BIN,108.0,7,25,25,25,2145000,2.51,3.188
755527,rev,1440,1500,32.01,BIN,116.0,7,13,13,13,1892160,1.221,1.677
755528,obv,1440,1500,31.8,BIN,117.0,7,14,14,14,1704330,0.771,1.286
755528,rev,1440,1500,32.92,BIN,111.0,7,49,49,49,2103000,3.14,4.855
755529,obv,1440,1500,28.89,BIN,123.0,7,4,3,3,21780,0.24,0.385
755529,rev,1440,1500,30.59,BIN,130.0,7,2,1,1,6693,0.211,0.302
755530,obv,1440,1500,31.63,BIN,122.0,7,11,11,11,1444800,0.63,1.022
755530,rev,1440,1500,30.51,BIN,123.0,7,13,13,13,1535120,0.8,1.204
755531,obv,1440,1500,32.47,BIN,124.0,7,13,13,13,1349052,0.741,1.239
755531,rev,1440,1500,30.57,BIN,125.0,7,7,7,7,1467712,0.392,0.712
755532,obv,1440,1500,29.03,BIN,130.0,7,2,2,2,1380678,0.225,0.377
755532,rev,1440,1500,27.04,BIN,133.0,7,9,9,9,1385954,0.55,0.935
755533,obv,1440,1500,32.59,BIN,127.0,7,10,10,10,1288326,0.61,1.057
755533,rev,1440,1500,29.92,BIN,125.0,7,4,4,4,1460382,0.305,0.49
755534,obv,1440,1500,30.75,BIN,118.0,7,25,24,24,87230,1.169,2.079
755534,rev,1440,1500,30.49,BIN,111.0,7,49,49,49,1995000,3.127,4.725
755535,obv,1440,1500,29.42,BIN,129.0,7,16,16,16,1331942,0.784,1.313
755535,rev,1440,1500,30.17,BIN,126.0,7,13,13,13,1367397,0.598,1.073
755536,obv,1440,1500,32.89,BIN,127.0,7,9,8,8,120320,0.493,0.832
755536,rev,1440,1500,28.29,BIN,124.0,7,5,4,4,7018,0.234,0.435
755537,obv,1440,1500,32.46,BIN,126.0,7,10,10,10,1359488,0.585,0.993
755537,rev,1440,1500,29.65,BIN,126.0,7,5,5,5,1404858,1.013,1.222
755538,obv,1440,1500,31.36,BIN,112.0,7,40,39,39,2127000,1.91,3.092
755538,rev,1440,1500,29.04,BIN,120.0,7,11,10,10,11658,0.476,0.798
755539,obv,1440,1500,30.46,BIN,120.0,7,18,18,18,1231076,1.057,1.681
755539,rev,1440,1500,30.03,BIN,124.0,7,12,12,12,1388590,1.025,1.395
755540,obv,1440,1500,29.4,BIN,125.0,7,10,10,10,1289330,0.703,1.079
755540,rev,1440,1500,29.14,BIN,122.0,7,6,6,6,1505304,0.491,0.779
755541,obv,1440,1500,31.69,BIN,125.0,7,5,5,5,1419642,0.503,0.744
755541,rev,1440,1500,30.38,BIN,124.0,7,6,5,5,13110,0.374,0.623
755542,obv,1440,1500,29.98,BIN,121.0,7,17,17,17,1260600,0.958,1.627
755542,rev,1440,1500,31.67,BIN,124.0,7,8,8,8,1605744,0.54,0.863
755543,obv,1440,1500,29.87,BIN,128.0,7,14,14,14,1437248,1.09,1.7
755543,rev,1440,1500,28.8,BIN,132.0,7,3,3,3,1402440,0.328,0.501
755544,obv,1440,1500,29.02,BIN,112.0,7,45,45,45,2127000,3.959,5.521
755544,rev,1440,1500,30.26,BIN,122.0,7,9,9,9,1600890,0.702,1.11
755545,obv,1440,1500,29.45,BIN,130.0,7,9,9,9,1188510,0.53,0.907
755545,rev,1440,1500,28.89,BIN,131.0,7,4,3,3,1187760,1.348,1.509
755546,obv,1440,1500,30.84,BIN,130.0,7,21,21,21,1288104,1.01,1.805
755546,rev,1440,1500,28.9,BIN,131.0,7,6,5,5,27360,0.376,0.57
755547,obv,1440,1500,31.24,BIN,125.0,7,6,5,5,26586,0.334,0.569
755547,rev,1440,1500,30.58,BIN,124.0,7,4,3,3,11439,0.224,0.386
755548,obv,1440,1500,31.44,BIN,126.0,7,4,3,3,20125,0.265,0.422
755548,rev,1440,1500,30.02,BIN,127.0,7,3,3,3,1492960,0.237,0.392
755549,obv,1440,1500,30.87,BIN,122.0,7,5,4,4,18375,0.347,0.496
755549,rev,1440,1500,29.17,BIN,124.0,7,9,9,9,1340400,0.45,0.775
755553,obv,1440,1500,96.0,BIN,135.0,7,1,0,0,0,0.112,0.178
755553,rev,1440,1500,96.0,BIN,136.0,7,2,1,1,1736,0.145,0.246
755554,obv,1440,1500,29.03,BIN,127.0,7,1,0,0,0,0.189,0.252
755554,rev,1440,1500,27.87,BIN,125.0,7,2,1,1,14497,0.124,0.215
755556,obv,1440,1500,32.36,BIN,131.0,7,1,0,0,0,0.115,0.181
755556,rev,1440,1500,31.22,BIN,132.0,7,1,0,0,0,0.107,0.171
755557,obv,1440,1500,34.27,BIN,130.0,7,8,8,8,1261744,0.577,0.88
755557,rev,1440,1500,33.77,BIN,128.0,7,1,0,0,0,0.094,0.153
755558,obv,1440,1500,33.54,BIN,128.0,7,2,1,1,1768,0.124,0.219
755558,rev,1440,1500,32.82,BIN,129.0,7,1,0,0,0,0.11,0.183
755559,obv,1440,1500,33.16,BIN,128.0,7,7,7,7,1536358,0.371,0.656
755559,rev,1440,1500,33.0,BIN,128.0,7,1,0,0,0,0.125,0.193
755560,obv,1440,1500,32.08,BIN,127.0,7,9,9,9,1547724,0.439,0.796
755560,rev,1440,1500,31.47,BIN,128.0,7,4,3,3,5000,0.346,0.51
755561,obv,1440,1500,28.99,BIN,126.0,7,5,4,4,20125,0.278,0.488
755561,rev,1440,1500,27.77,BIN,123.0,7,3,2,2,18816,0.269,0.395
755562,obv,1440,1500,29.94,BIN,129.0,7,2,1,1,14525,0.14,0.243
755562,rev,1440,1500,31.19,BIN,128.0,7,1,0,0,0,0.092,0.149
755563,obv,1440,1500,34.3,BIN,126.0,7,11,11,11,1265706,1.323,1.718
755563,rev,1440,1500,33.44,BIN,131.0,7,9,9,9,1443392,1.312,1.557
755564,obv,1440,1500,32.42,BIN,128.0,7,4,3,3,85827,0.285,0.395
755564,rev,1440,1500,33.6,BIN,128.0,7,1,0,0,0,0.154,0.212
755565,obv,1440,1500,31.11,BIN,134.0,7,1,0,0,0,0.127,0.19
755565,rev,1440,1500,30.73,BIN,134.0,7,4,3,3,23230,0.215,0.368
755566,obv,1440,1500,32.51,BIN,124.0,7,1,0,0,0,0.096,0.159
755566,rev,1440,1500,33.55,BIN,122.0,7,1,0,0,0,0.106,0.167
755567,obv,1440,1500,33.63,BIN,124.0,7,11,10,10,23562,0.599,0.987
755567,rev,1440,1500,33.72,BIN,122.0,7,9,8,8,18468,0.487,0.846
755568,obv,1440,1500,31.21,BIN,128.0,7,5,4,4,51471,0.416,0.636
755568,rev,1440,1500,30.9,BIN,122.0,7,5,5,5,1462548,0.383,0.648
755569,obv,1440,1500,30.45,BIN,125.0,7,13,13,13,1639668,0.966,1.563
755569,rev,1440,1500,31.66,BIN,95.0,7,2,2,2,2160000,0.157,0.266
755570,obv,1440,1500,96.0,BIN,132.0,7,1,0,0,0,0.133,0.206
755570,rev,1440,1500,34.46,BIN,129.0,7,1,0,0,0,0.164,0.237
755571,obv,1440,1500,32.39,BIN,128.0,7,2,1,1,39060,0.194,0.299
755571,rev,1440,1500,33.65,BIN,128.0,7,3,2,2,11253,0.243,0.381
755572,obv,1440,1500,32.97,BIN,117.0,7,11,11,11,1630200,0.854,1.257
755572,rev,1440,1500,32.36,BIN,120.0,7,12,12,12,1472540,1.185,1.589
755573,obv,1440,1500,32.7,BIN,126.0,7,5,4,4,17563,0.356,0.56
755573,rev,1440,1500,31.71,BIN,124.0,7,1,0,0,0,0.155,0.238
755574,obv,1440,1500,29.68,BIN,127.0,7,6,6,6,1370880,0.385,0.663
755574,rev,1440,1500,96.0,BIN,127.0,7,2,1,1,2585,0.211,0.314
755575,obv,1440,1500,30.66,BIN,132.0,7,2,1,1,3783,0.18,0.285
755575,rev,1440,1500,30.98,BIN,129.0,7,3,2,2,3445,0.219,0.367
755576,obv,1440,1500,32.32,BIN,119.0,7,12,12,12,1858738,1.215,1.721
755576,rev,1440,1500,31.26,BIN,122.0,7,6,5,5,17820,0.374,0.616
755577,obv,1440,1500,29.19,BIN,128.0,7,2,1,1,87360,0.239,0.37
755577,rev,1440,1500,30.01,BIN,126.0,7,5,4,4,7008,0.394,0.636
755578,obv,1440,1500,32.44,BIN,124.0,7,2,1,1,2765,0.159,0.286
755578,rev,1440,1500,32.25,BIN,123.0,7,3,2,2,102960,0.218,0.382
755579,obv,1440,1500,33.19,BIN,135.0,7,5,4,4,28320,0.354,0.605
755579,rev,1440,1500,31.58,BIN,131.0,7,2,1,1,8051,0.177,0.302
755580,obv,1440,1500,29.75,BIN,126.0,7,6,5,5,98550,0.418,0.679
755580,rev,1440,1500,29.43,BIN,125.0,7,4,3,3,114444,0.36,0.531
755581,obv,1440,1500,32.25,BIN,123.0,7,12,12,12,1464496,0.562,1.014
755581,rev,1440,1500,31.68,BIN,125.0,7,8,8,8,1440465,0.458,0.769
755582,obv,1440,1500,96.0,BIN,136.0,7,1,0,0,0,0.183,0.227
755582,rev,1440,1500,96.0,BIN,137.0,7,3,2,2,24752,0.179,0.314
755583,obv,1440,1500,32.97,BIN,131.0,7,1,0,0,0,0.119,0.193
755583,rev,1440,1500,32.55,BIN,130.0,7,2,1,1,6204,0.146,0.246
755584,obv,1440,1500,31.89,BIN,125.0,7,10,10,10,1761984,0.782,1.167
755584,rev,1440,1500,31.33,BIN,123.0,7,14,14,14,1278000,0.924,1.38
755585,obv,1440,1500,32.81,BIN,125.0,7,2,1,1,4300,0.899,1.001
755585,rev,1440,1500,33.44,BIN,120.0,7,4,3,3,14365,0.3,0.457
755586,obv,1440,1500,30.32,BIN,124.0,7,11,11,11,1682694,0.595,1.06
755586,rev,1440,1500,30.17,BIN,122.0,7,13,13,13,1506132,0.579,1.085
755587,obv,1440,1500,29.55,BIN,129.0,7,8,8,8,1455612,0.431,0.795
755587,rev,1440,1500,29.91,BIN,126.0,7,4,3,3,11088,0.309,0.48
755588,obv,1440,1500,30.49,BIN,124.0,7,5,4,4,62556,0.41,0.613
755588,rev,1440,1500,30.2,BIN,122.0,7,9,8,8,59985,0.639,1.017
755589,obv,1440,1500,31.04,BIN,131.0,7,6,5,5,64960,0.355,0.601
755589,rev,1440,1500,30.81,BIN,130.0,7,4,3,3,55461,0.23,0.415
755590,obv,1440,1500,32.56,BIN,132.0,7,7,7,7,1420860,0.521,0.781
755590,rev,1440,1500,32.93,BIN,130.0,7,3,2,2,5734,0.203,0.348
755591,obv,1440,1500,30.22,BIN,129.0,7,1,0,0,0,0.135,0.203
755591,rev,1440,1500,31.04,BIN,126.0,7,3,3,3,1498750,0.378,0.53
755592,obv,1440,1500,32.85,BIN,130.0,7,3,2,2,6408,0.203,0.345
755592,rev,1440,1500,32.17,BIN,128.0,7,6,5,5,20336,0.653,0.898
755593,obv,1440,1500,30.38,BIN,125.0,7,5,5,5,1595026,1.457,1.984
755593,rev,1440,1500,31.03,BIN,129.0,7,2,1,1,13650,0.612,0.889
755594,obv,1440,1500,30.17,BIN,133.0,7,1,0,0,0,0.383,0.522
755594,rev,1440,1500,32.35,BIN,125.0,7,2,1,1,45024,0.548,0.871
755595,obv,1440,1500,32.51,BIN,132.0,7,11,11,11,1430092,3.442,4.549
755595,rev,1440,1500,32.67,BIN,133.0,7,11,11,11,1442365,1.737,2.683
755596,obv,1440,1500,36.02,BIN,132.0,7,2,2,2,1515261,0.427,0.64
755596,rev,1440,1500,34.01,BIN,134.0,7,1,0,0,0,0.084,0.133
755597,obv,1440,1500,29.56,BIN,124.0,7,4,4,4,1872225,1.367,1.537
755597,rev,1440,1500,28.65,BIN,122.0,7,7,7,7,1935024,0.564,0.837
755598,obv,1440,1500,30.94,BIN,121.0,7,12,12,12,1548344,0.588,1.014
755598,rev,1440,1500,29.89,BIN,123.0,7,10,10,10,1448832,0.432,0.804
755599,obv,1440,1500,30.55,BIN,126.0,7,12,12,12,1714875,1.263,1.675
755599,rev,1440,1500,29.83,BIN,126.0,7,2,1,1,2009,0.162,0.258
755600,obv,1440,1500,31.23,BIN,121.0,7,18,18,18,1840488,0.97,1.589
755600,rev,1440,1500,32.86,BIN,119.0,7,5,5,5,1991820,0.578,0.79
755601,obv,1440,1500,28.92,BIN,134.0,7,3,2,2,40836,0.214,0.348
755601,rev,1440,1500,28.62,BIN,135.0,7,3,3,3,1279904,0.602,0.754
755602,obv,1440,1500,30.4,BIN,127.0,7,21,21,21,1444446,1.5,2.145
755602,rev,1440,1500,30.51,BIN,126.0,7,16,16,16,1292193,0.908,1.436
755603,obv,1440,1500,29.95,BIN,127.0,7,8,8,8,1626768,0.587,0.99
755603,rev,1440,1500,27.82,BIN,129.0,7,9,9,9,1547095,0.695,1.088
755604,obv,1440,1500,96.0,BIN,136.0,7,4,3,3,12580,0.236,0.41
755604,rev,1440,1500,96.0,BIN,134.0,7,1,0,0,0,0.157,0.23
755605,obv,1440,1500,29.25,BIN,134.0,7,6,6,6,1237566,0.587,0.902
755605,rev,1440,1500,28.76,BIN,132.0,7,9,8,8,1177216,0.713,1.025
755606,obv,1440,1500,33.44,BIN,113.0,7,35,35,35,2098500,1.858,3.144
755606,rev,1440,1500,33.09,BIN,124.0,7,14,14,14,1212480,2.171,2.686
755607,obv,1440,1500,27.66,BIN,129.0,7,8,8,8,1201965,0.563,0.899
755607,rev,1440,1500,27.62,BIN,131.0,7,17,16,16,656632,0.857,1.474
755608,obv,1440,1500,31.1,BIN,129.0,7,5,5,5,1452724,0.782,1.011
755608,rev,1440,1500,31.8,BIN,129.0,7,15,15,15,1497500,1.371,1.941
755609,obv,1440,1500,30.28,BIN,124.0,7,10,10,10,1407726,0.668,1.078
755609,rev,1440,1500,30.39,BIN,117.0,7,10,10,10,1768314,1.886,2.298
755610,obv,1440,1500,31.34,BIN,136.0,7,7,6,6,28462,0.367,0.601
755610,rev,1440,1500,30.41,BIN,136.0,7,15,13,13,1423168,1.088,1.467
755611,obv,1440,1500,29.69,BIN,125.0,7,9,9,9,1415484,0.94,1.282
755611,rev,1440,1500,30.47,BIN,123.0,7,6,6,6,1496712,0.502,0.748
755612,obv,1440,1500,96.0,BIN,133.0,7,2,1,1,4715,0.221,0.311
755612,rev,1440,1500,96.0,BIN,134.0,7,1,0,0,0,0.122,0.186
755613,obv,1440,1500,96.0,BIN,138.0,7,1,0,0,0,0.155,0.224
755613,rev,1440,1500,214.72,INV,138.0,7,1,0,0,0,0.088,0.163
755614,obv,1440,1500,213.71,INV,138.0,7,1,0,0,0,0.081,0.147
755614,rev,1440,1500,214.54,INV,139.0,7,1,0,0,0,0.085,0.153
755615,obv,1440,1500,33.08,BIN,121.0,7,10,10,10,1793836,0.666,1.062
755615,rev,1440,1500,33.48,BIN,121.0,7,12,11,11,1904768,1.221,1.674
755616,obv,1440,1500,96.0,BIN,136.0,7,1,0,0,0,0.142,0.214
755616,rev,1440,1500,96.0,BIN,135.0,7,2,1,1,14162,0.176,0.264
755617,obv,1440,1500,215.77,INV,135.0,7,1,0,0,0,0.078,0.14
755617,rev,1440,1500,218.5,INV,135.0,7,1,0,0,0,0.087,0.16
755618,obv,1440,1500,213.98,INV,138.0,7,1,0,0,0,0.091,0.16
755618,rev,1440,1500,213.36,INV,139.0,7,1,0,0,0,0.1,0.171
755619,obv,1440,1500,225.77,INV,132.0,7,1,0,0,0,0.105,0.179
755619,rev,1440,1500,224.06,INV,133.0,7,1,0,0,0,0.134,0.179
755620,obv,1440,1500,29.76,BIN,126.0,7,16,16,16,1613240,0.874,1.439
755620,rev,1440,1500,31.4,BIN,126.0,7,9,9,9,1454432,1.136,1.481
755621,obv,1440,1500,32.69,BIN,117.0,7,13,13,13,1972236,1.021,1.58
755621,rev,1440,1500,31.67,BIN,100.0,7,2,2,2,2160000,0.22,0.344
755622,obv,1440,1500,29.64,BIN,120.0,7,13,13,13,1861275,1.439,1.947
755622,rev,1440,1500,27.9,BIN,124.0,7,9,9,9,1895865,0.995,1.346
755624,obv,1440,1500,27.23,BIN,115.0,7,16,15,15,2116500,0.843,1.392
755624,rev,1440,1500,31.18,BIN,116.0,7,7,7,7,2077614,0.596,0.858
755625,obv,1440,1500,31.87,BIN,120.0,7,4,4,4,1994648,0.533,0.672
755625,rev,1440,1500,34.04,BIN,124.0,7,8,8,8,1857410,0.644,0.943
755626,obv,1440,1500,33.01,BIN,121.0,7,6,5,5,1782940,1.14,1.313
755626,rev,1440,1500,31.41,BIN,121.0,7,10,9,9,1895859,1.563,1.916
755627,obv,1440,1500,29.98,BIN,117.0,7,4,4,4,2085000,0.482,0.66
755627,rev,1440,1500,30.57,BIN,107.0,7,5,5,5,2152500,0.965,1.149
755628,obv,1440,1500,29.14,BIN,121.0,7,13,12,12,1977135,1.405,1.861
755628,rev,1440,1500,31.28,BIN,114.0,7,18,18,18,2007000,1.583,2.19
755630,obv,1440,1500,31.64,BIN,114.0,7,24,24,24,2089500,2.135,2.87
755630,rev,1440,1500,30.86,BIN,112.0,7,37,37,37,2095500,2.136,3.362
755631,obv,1440,1500,32.53,BIN,112.0,7,44,44,44,2113500,3.421,4.874
755631,rev,1440,1500,32.14,BIN,112.0,7,39,39,39,1872000,2.451,3.663
755632,obv,1440,1500,31.53,BIN,131.0,7,10,10,10,1288980,1.293,1.669
755632,rev,1440,1500,31.72,BIN,135.0,7,6,5,5,17340,0.48,0.72
755634,obv,1440,1500,32.99,BIN,103.0,7,8,8,8,2151000,0.593,0.886
755634,rev,1440,1500,32.71,BIN,128.0,7,9,9,9,1485792,0.452,0.806
755635,obv,1440,1500,30.53,BIN,120.0,7,8,7,7,1784135,1.355,1.637
755635,rev,1440,1500,30.93,BIN,121.0,7,15,14,14,965461,1.308,1.794
755636,obv,1440,1500,31.66,BIN,117.0,7,7,7,7,1777256,1.261,1.539
755636,rev,1440,1500,32.63,BIN,112.0,7,40,40,40,2001000,1.923,3.194
755637,obv,1440,1500,30.76,BIN,115.0,7,17,17,17,2103000,1.07,1.661
755637,rev,1440,1500,31.29,BIN,115.0,7,14,14,14,2097000,1.739,2.181
755638,obv,1440,1500,29.54,BIN,116.0,7,6,6,6,2094000,0.613,0.811
755638,rev,1440,1500,30.03,BIN,120.0,7,16,16,16,1573581,0.747,1.288
755639,obv,1440,1500,30.59,BIN,109.0,7,19,18,18,2130000,6.467,7.048
755639,rev,1440,1500,31.15,BIN,115.0,7,14,13,13,2094000,1.122,1.575
755640,obv,1440,1500,31.87,BIN,112.0,7,44,44,44,2125500,2.828,4.411
755640,rev,1440,1500,30.8,BIN,128.0,7,7,7,7,1520640,0.398,0.726
755641,obv,1440,1500,29.84,BIN,119.0,7,5,5,5,1982200,0.997,1.217
755641,rev,1440,1500,29.92,BIN,123.0,7,13,12,12,1139193,0.849,1.3
755642,obv,1440,1500,31.74,BIN,107.0,7,4,4,4,2160000,0.743,0.901
755642,rev,1440,1500,31.63,BIN,107.0,7,5,5,5,2121000,1.131,1.301
755643,obv,1440,1500,30.11,BIN,124.0,7,11,11,11,1669263,0.684,1.12
755643,rev,1440,1500,30.81,BIN,125.0,7,9,8,8,262944,0.544,0.873
755644,obv,1440,1500,33.42,BIN,106.0,7,5,5,5,2160000,0.545,0.756
755644,rev,1440,1500,32.44,BIN,103.0,7,4,4,4,2160000,0.512,0.714
755645,obv,1440,1500,31.21,BIN,124.0,7,6,5,5,18327,0.543,0.765
755645,rev,1440,1500,31.07,BIN,121.0,7,8,7,7,22326,0.362,0.667
755653,obv,1440,1500,29.44,BIN,120.0,7,11,11,11,1705611,0.49,0.898
755653,rev,1440,1500,29.63,BIN,119.0,7,11,10,10,1008098,1.027,1.398
755654,obv,1440,1500,215.01,INV,134.0,7,1,0,0,0,0.078,0.145
755654,rev,1440,1500,214.2,INV,133.0,7,1,0,0,0,0.081,0.143
755656,obv,1440,1500,29.11,BIN,125.0,7,9,9,9,1424100,0.543,0.835
755656,rev,1440,1500,34.0,BIN,124.0,7,6,6,6,1264200,0.671,0.897
755657,obv,1440,1500,33.79,BIN,117.0,7,10,10,10,1935990,0.813,1.144
755657,rev,1440,1500,33.78,BIN,111.0,7,46,46,46,2001000,3.378,4.796
755658,obv,1440,1500,32.7,BIN,120.0,7,6,6,6,1955100,0.553,0.805
755658,rev,1440,1500,30.39,BIN,126.0,7,9,9,9,1684704,0.57,0.896
755659,obv,1440,1500,30.9,BIN,120.0,7,11,11,11,1914625,1.396,1.803
755659,rev,1440,1500,29.6,BIN,122.0,7,9,9,9,1631406,0.55,0.896
755660,obv,1440,1500,96.0,BIN,130.0,7,1,0,0,0,0.106,0.165
755660,rev,1440,1500,96.0,BIN,133.0,7,1,0,0,0,0.27,0.31
755661,obv,1440,1500,31.38,BIN,127.0,7,1,1,1,1487104,0.519,0.6
755661,rev,1440,1500,30.59,BIN,128.0,7,3,2,2,48501,0.243,0.376
755669,obv,1440,1500,33.56,BIN,127.0,7,5,4,4,1541913,0.681,0.879
755669,rev,1440,1500,32.99,BIN,128.0,7,5,3,3,1579949,0.548,0.708
755670,obv,1440,1500,33.05,BIN,125.0,7,7,7,7,1669200,1.512,1.826
755670,rev,1440,1500,30.44,BIN,129.0,7,9,9,9,1603950,0.383,0.751
755673,obv,1440,1500,30.68,BIN,133.0,7,9,9,9,1427814,0.742,1.086
755673,rev,1440,1500,31.15,BIN,135.0,7,4,4,4,1425632,0.208,0.387
755675,obv,1440,1500,32.97,BIN,116.0,7,15,15,15,1756894,0.939,1.4
755675,rev,1440,1500,32.24,BIN,123.0,7,1,0,0,0,0.121,0.192
755676,obv,1440,1500,31.47,BIN,108.0,7,12,12,12,2089500,5.772,6.133
755676,rev,1440,1500,32.75,BIN,102.0,7,5,5,5,2160000,0.523,0.745
755677,obv,1440,1500,32.74,BIN,128.0,7,10,10,10,1580604,0.454,0.836
755677,rev,1440,1500,32.3,BIN,126.0,7,4,4,4,1548724,0.526,0.708
755678,obv,1440,1500,33.66,BIN,135.0,7,26,26,26,1536340,1.147,1.972
755678,rev,1440,1500,31.57,BIN,135.0,7,2,1,1,3888,0.225,0.321
755679,obv,1440,1500,31.38,BIN,134.0,7,3,2,2,14790,0.202,0.322
755679,rev,1440,1500,30.84,BIN,137.0,7,2,1,1,1936,0.149,0.252
755680,obv,1440,1500,32.66,BIN,132.0,7,8,8,8,1480605,0.378,0.685
755680,rev,1440,1500,33.73,BIN,131.0,7,5,4,4,7866,0.233,0.42
755681,obv,1440,1500,32.92,BIN,132.0,7,14,14,14,1559805,1.521,2.037
755681,rev,1440,1500,32.05,BIN,130.0,7,6,6,6,1581174,0.299,0.58
755682,obv,1440,1500,32.91,BIN,133.0,7,8,7,7,1464440,0.919,1.214
755682,rev,1440,1500,33.25,BIN,130.0,7,2,2,2,1404904,0.167,0.285
755683,obv,1440,1500,33.75,BIN,120.0,7,18,18,18,1716000,0.936,1.554
755683,rev,1440,1500,34.2,BIN,117.0,7,16,16,16,1716156,1.765,2.254
755684,obv,1440,1500,30.78,BIN,130.0,7,11,11,11,1364124,0.514,0.881
755684,rev,1440,1500,31.67,BIN,128.0,7,15,15,15,1502787,1.689,2.194
755687,obv,1440,1500,31.55,BIN,130.0,7,2,1,1,2691,0.122,0.212
755687,rev,1440,1500,31.71,BIN,130.0,7,2,1,1,22274,0.159,0.258
755688,obv,1440,1500,32.32,BIN,122.0,7,6,6,6,1949915,0.512,0.759
755688,rev,1440,1500,32.11,BIN,127.0,7,17,17,17,1321670,1.193,1.793
755689,obv,1440,1500,30.27,BIN,132.0,7,1,0,0,0,0.107,0.167
755689,rev,1440,1500,32.17,BIN,132.0,7,4,3,3,139612,0.201,0.36
755690,obv,1440,1500,29.22,BIN,130.0,7,3,2,2,139232,0.173,0.293
755690,rev,1440,1500,31.02,BIN,134.0,7,1,0,0,0,0.093,0.16
755691,obv,1440,1500,35.19,BIN,100.0,7,2,2,2,2160000,0.184,0.282
755691,rev,1440,1500,35.22,BIN,99.0,7,3,3,3,2160000,0.222,0.352
755692,obv,1440,1500,32.7,BIN,135.0,7,1,0,0,0,0.097,0.164
755692,rev,1440,1500,33.1,BIN,134.0,7,2,1,1,1330,0.168,0.264
755707,obv,1440,1500,32.6,BIN,127.0,7,19,18,18,1874691,1.742,2.285
755707,rev,1440,1500,31.35,BIN,133.0,7,11,11,11,1385174,1.388,1.811
755708,obv,1440,1500,32.39,BIN,124.0,7,11,11,11,1379784,0.737,1.137
755708,rev,1440,1500,31.05,BIN,118.0,7,19,19,19,1680900,1.106,1.769
755709,obv,1440,1500,35.06,BIN,136.0,7,1,0,0,0,0.102,0.173
755709,rev,1440,1500,96.0,BIN,140.0,7,1,0,0,0,0.196,0.263
755710,obv,1111,529,251.22,INV,164.0,7,1,1,1,587719,0.072,0.107
755710,rev,1111,530,248.78,INV,159.0,7,2,2,2,588830,0.078,0.124
755711,obv,1440,1500,96.0,BIN,137.0,7,1,0,0,0,0.117,0.196
755711,rev,1440,1500,29.29,BIN,135.0,7,2,1,1,9179,0.204,0.32
755712,obv,1440,1500,33.96,BIN,132.0,7,6,6,6,1378195,0.31,0.566
755712,rev,1440,1500,33.45,BIN,130.0,7,11,10,10,160167,0.648,1.104
755713,obv,1440,1500,33.89,BIN,135.0,7,1,0,0,0,0.133,0.222
755713,rev,1440,1500,34.15,BIN,135.0,7,1,0,0,0,0.264,0.343
