id,side,contour_idx,roi_px,area_frac_frame,ar@0.25,ar@0.33,ar@0.5,ar@1.0,ar_approx1pct,ar_hull,ar_morph_k17,ar_morph_k19,ar_morph_k21,ar_morph_k23,ar_morph_k25,ar_morph_k27,ar_morph_k29,ar_morph_k35,circ@0.25,circ@0.33,circ@0.5,circ@1.0,circ_approx1pct,circ_hull,circ_morph_k17,circ_morph_k19,circ_morph_k21,circ_morph_k23,circ_morph_k25,circ_morph_k27,circ_morph_k29,circ_morph_k35,trig@0.25,trig@0.33,trig@0.5,trig@1.0,trig_approx1pct,trig_hull,trig_morph_k17,trig_morph_k19,trig_morph_k21,trig_morph_k23,trig_morph_k25,trig_morph_k27,trig_morph_k29,trig_morph_k35
755362,obv,103,762188,0.05482,,,,0.1662,0.138,0.4251,,0.1739,,,,,,,,,,0.0824,0.1129,0.7028,,0.1542,,,,,,,,,,True,True,False,,True,,,,,,
755362,obv,106,728330,0.08064,,,,0.3028,0.3052,0.6453,0.2632,,,,,,,,,,,0.023,0.0783,0.8874,0.1246,,,,,,,,,,,True,True,False,True,,,,,,,
755377,obv,115,1341837,0.2079,0.7523,0.7334,0.7363,0.5582,0.459,0.8509,,,0.5369,,,,,,0.2821,0.2289,0.1699,0.0225,0.1283,0.9738,,,0.0885,,,,,,True,True,True,True,True,False,,,True,,,,,
755387,rev,146,1498880,0.33877,0.8129,0.8057,0.8086,0.7842,0.7894,0.8466,,,,0.8406,,,,,0.6573,0.5525,0.3606,0.22,0.6886,0.9798,,,,0.6182,,,,,False,True,True,True,False,False,,,,True,,,,
755402,rev,33,1438044,0.32231,0.9013,0.9003,0.7992,0.8017,0.7421,0.8866,,,0.8164,,,,,,0.817,0.6889,0.148,0.2293,0.4002,0.9806,,,0.3775,,,,,,False,False,True,True,True,False,,,True,,,,,
755409,rev,163,1355068,0.29296,0.8375,0.8438,0.8169,0.8094,0.8063,0.8915,,,0.8556,,,,,,0.4747,0.5006,0.3303,0.149,0.5468,0.9836,,,0.4295,,,,,,True,True,True,True,True,False,,,False,,,,,
755412,rev,419,1726196,0.39383,0.8095,0.7886,0.7197,0.6635,0.6835,0.8023,,,,,,0.7932,,,0.5664,0.3238,0.1642,0.0551,0.3595,0.9588,,,,,,0.3303,,,True,True,True,True,True,False,,,,,,True,,
755418,obv,241,1454267,0.33709,0.8799,0.8661,0.841,0.8207,0.794,0.8808,,,0.8987,,,,,,0.6407,0.53,0.3455,0.1809,0.5968,0.9787,,,0.6431,,,,,,False,False,True,True,True,False,,,False,,,,,
755422,rev,111,618639,0.02801,,,0.1219,0.0989,0.1111,0.328,,0.1453,,,,,,,,,0.1212,0.0526,0.1637,0.6169,,0.1994,,,,,,,,,True,True,True,True,,True,,,,,,
755422,rev,439,1572624,0.35726,0.7063,0.7185,0.6473,0.6975,0.6377,0.7542,,,,,0.772,,,,0.7068,0.6587,0.1813,0.1904,0.5383,0.9531,,,,,0.5835,,,,False,False,True,True,True,False,,,,,True,,,
755427,rev,285,2029500,0.5941,0.6702,0.6678,,0.5737,0.5358,0.6594,,,,,,,,0.606,0.3425,0.2249,,0.0733,0.3434,0.8401,,,,,,,,0.4976,True,True,,True,True,False,,,,,,,,True
755432,obv,449,1025433,0.06542,,0.1109,0.1411,0.1205,0.1345,0.3805,,,,,0.1505,,,,,0.104,0.0985,0.0337,0.1907,0.6842,,,,,0.154,,,,,True,True,True,True,False,,,,,True,,,
755436,obv,132,1448658,0.26608,0.8648,0.8486,0.851,0.6692,0.4797,0.9028,,,0.7515,,,,,,0.6197,0.4333,0.4528,0.0208,0.0818,0.9848,,,0.1827,,,,,,False,True,False,True,True,False,,,True,,,,,
755442,obv,511,1975500,0.44225,0.693,0.7443,0.6686,0.6475,0.6957,0.8018,,,,,,0.7705,,,0.6753,0.3339,0.0795,0.0433,0.3118,0.9561,,,,,,0.3605,,,False,True,True,True,True,False,,,,,,True,,
755446,obv,83,1389150,0.31367,0.8525,0.8547,0.8326,0.825,0.8167,0.881,,,0.8348,,,,,,0.6734,0.6129,0.4722,0.2786,0.8794,0.9817,,,0.6138,,,,,,False,False,True,True,False,False,,,True,,,,,
755451,rev,74,1335168,0.2902,0.8882,0.8464,0.8571,0.8023,0.7687,0.9265,,,0.8354,,,,,,0.4579,0.3627,0.4764,0.0998,0.3289,0.9899,,,0.5041,,,,,,False,True,False,True,True,False,,,True,,,,,
755455,rev,169,2155500,0.67398,0.7055,0.7097,0.7066,0.6055,0.6497,0.7032,,,,,,,,0.6326,0.7246,0.639,0.4955,0.0555,0.2533,0.8651,,,,,,,,0.2894,False,True,True,True,True,False,,,,,,,,True
755460,rev,168,1351100,0.30352,0.8995,0.8926,0.8737,0.8338,0.8257,0.9099,,,0.8542,,,,,,0.7926,0.6802,0.591,0.2504,0.6656,0.9859,,,0.6193,,,,,,False,False,False,True,False,False,,,False,,,,,
755469,rev,41,1411319,0.32263,0.8783,0.8748,0.8662,0.8372,0.8019,0.9149,,,0.8597,,,,,,0.5046,0.4163,0.4244,0.1676,0.3171,0.9891,,,0.4655,,,,,,False,False,False,True,True,False,,,False,,,,,
755475,rev,454,1601370,0.35258,0.7967,0.799,0.7439,0.7717,0.7233,0.8895,,,,0.791,,,,,0.3536,0.2473,0.1741,0.1027,0.3147,0.9732,,,,0.3224,,,,,True,True,True,True,True,False,,,,True,,,,
755479,obv,338,2085000,0.48825,0.7468,0.7436,0.7313,0.7214,0.7123,0.8394,,,,,,0.7587,,,0.3423,0.2799,0.1515,0.0847,0.2762,0.9508,,,,,,0.2796,,,True,True,True,True,True,False,,,,,,True,,
755484,rev,87,1307528,0.29199,0.8537,0.8494,0.8397,0.7907,0.7676,0.8924,,,0.8004,,,,,,0.5728,0.5674,0.4038,0.168,0.4191,0.9779,,,0.3338,,,,,,False,True,True,True,True,False,,,True,,,,,
755487,rev,101,1368836,0.30767,0.8215,0.8035,0.8607,0.8224,0.8094,0.923,,,0.8342,,,,,,0.5212,0.2486,0.2135,0.1249,0.3593,0.99,,,0.5573,,,,,,True,True,False,True,True,False,,,True,,,,,
755491,rev,417,1945368,0.40404,0.7731,0.6633,0.717,0.702,0.7304,0.8346,,,,,0.7352,,,,0.4963,0.1373,0.1146,0.0542,0.3279,0.9627,,,,,0.2087,,,,True,True,True,True,True,False,,,,,True,,,
755497,obv,401,1732830,0.37255,0.8036,0.7827,0.6875,0.6975,0.6738,0.8275,,,,,0.7526,,,,0.5695,0.3782,0.0842,0.0577,0.2884,0.9544,,,,,0.22,,,,True,True,True,True,True,False,,,,,True,,,
755501,obv,180,1477434,0.34535,0.8683,0.8633,0.7972,0.8461,0.8049,0.8971,,,0.9093,,,,,,0.5025,0.4348,0.184,0.3249,0.7275,0.9827,,,0.691,,,,,,False,False,True,True,False,False,,,False,,,,,
755504,rev,258,1910166,0.43151,0.8319,0.7954,0.7686,0.7906,0.7383,0.8676,,,,,0.847,,,,0.6135,0.5473,0.2605,0.1705,0.6082,0.9715,,,,,0.5513,,,,True,True,True,True,True,False,,,,,True,,,
755508,obv,62,1405620,0.3267,0.8466,0.8367,0.8339,0.8252,0.8113,0.8818,,,0.8704,,,,,,0.7714,0.7044,0.5618,0.273,0.8765,0.9856,,,0.6644,,,,,,False,False,True,True,False,False,,,False,,,,,
755512,obv,279,1688505,0.36479,0.7601,0.7273,0.7475,0.7095,0.7164,0.8469,,,,,0.7437,,,,0.4599,0.1929,0.1578,0.0656,0.335,0.9596,,,,,0.2402,,,,True,True,True,True,True,False,,,,,True,,,
755516,rev,126,1203276,0.25595,0.7818,0.7679,0.7562,0.7122,0.6677,0.845,,,0.7069,,,,,,0.4309,0.494,0.3057,0.0696,0.2277,0.968,,,0.1552,,,,,,True,True,True,True,True,False,,,True,,,,,
755524,obv,300,1895184,0.43142,0.7084,0.782,0.7677,0.7571,0.7397,0.8336,,,,,0.7984,,,,0.7188,0.3148,0.2314,0.1558,0.5191,0.9645,,,,,0.5005,,,,False,True,True,True,True,False,,,,,True,,,
755527,rev,484,1892160,0.35462,0.6969,0.6661,0.7243,0.6437,0.6695,0.8177,,,,,0.693,,,,0.6787,0.1592,0.2056,0.0352,0.2147,0.9592,,,,,0.1644,,,,False,True,True,True,True,False,,,,,True,,,
755531,rev,179,1467712,0.32204,0.8101,0.8417,0.7852,0.8378,0.7948,0.9079,,,0.858,,,,,,0.3725,0.498,0.2063,0.2099,0.64,0.9794,,,0.5995,,,,,,True,True,True,True,True,False,,,False,,,,,
755535,obv,174,1331942,0.2793,0.7268,0.7406,0.7966,0.7188,0.7281,0.7875,,,0.8368,,,,,,0.2685,0.369,0.3208,0.2904,0.7187,0.9634,,,0.671,,,,,,True,True,True,True,False,False,,,False,,,,,
755539,rev,193,1388590,0.28784,0.7211,0.6729,0.6761,0.7894,0.805,0.9039,,,0.7888,,,,,,0.2591,0.1648,0.1156,0.1453,0.5368,0.9747,,,0.3934,,,,,,True,True,True,True,True,False,,,True,,,,,
755543,obv,159,1437248,0.27598,0.6579,0.6451,0.6173,0.5995,0.5915,0.7186,,,,0.7158,,,,,0.2716,0.1636,0.194,0.1209,0.3286,0.9394,,,,0.4215,,,,,True,True,True,True,True,False,,,,True,,,,
755546,obv,158,1288104,0.27322,0.753,0.6659,0.732,0.7681,0.7695,0.863,,,0.8561,,,,,,0.4538,0.3188,0.2604,0.1767,0.807,0.9651,,,0.4534,,,,,,True,True,True,True,False,False,,,False,,,,,
755563,obv,121,1265706,0.24822,,,0.6732,0.677,0.6663,0.8368,,,0.6928,,,,,,,,0.0812,0.0729,0.2076,0.9571,,,0.1896,,,,,,,,True,True,True,False,,,True,,,,,
755563,obv,201,811805,0.05032,,,,0.1443,0.17,0.3802,,,0.1558,,,,,,,,,0.034,0.2515,0.6667,,,0.1614,,,,,,,,,True,True,False,,,True,,,,,
755572,rev,261,1472540,0.32058,0.8987,0.8692,0.8566,0.8002,0.7526,0.9151,,,0.8285,,,,,,0.7153,0.6824,0.5276,0.1059,0.2453,0.9852,,,0.3043,,,,,,False,False,False,True,True,False,,,True,,,,,
755584,rev,187,1278000,0.26549,0.8235,0.8199,0.7815,0.7712,0.7753,0.8895,,0.7696,,,,,,,0.6812,0.4932,0.42,0.1485,0.5573,0.9809,,0.3295,,,,,,,False,True,True,True,True,False,,True,,,,,,
755593,obv,208,1595026,0.36412,0.8136,0.7986,0.8102,0.8324,0.8289,0.9029,,,,0.8437,,,,,0.5723,0.2886,0.3147,0.1793,0.6021,0.987,,,,0.5834,,,,,True,True,True,True,True,False,,,,True,,,,
755598,obv,346,1548344,0.3364,0.7645,0.7482,0.756,0.7406,0.7222,0.8466,,,,0.7856,,,,,0.3443,0.3991,0.3112,0.1273,0.3593,0.9668,,,,0.3264,,,,,True,True,True,True,True,False,,,,True,,,,
755602,obv,266,1444446,0.21753,0.7066,0.5969,0.6187,0.4977,0.5846,0.8289,,,,0.6268,,,,,0.7164,0.1276,0.0941,0.0167,0.1287,0.9614,,,,0.2214,,,,,False,True,True,True,True,False,,,,True,,,,
755606,obv,439,2098500,0.49017,0.7062,0.7321,0.6499,0.6834,0.6399,0.8262,,,,,,,0.7533,,0.7097,0.2109,0.1143,0.0516,0.2043,0.9493,,,,,,,0.2289,,False,True,True,True,True,False,,,,,,,True,
755609,obv,226,1407726,0.32504,0.9046,0.8233,0.8102,0.8131,0.795,0.8748,,,0.8982,,,,,,0.7528,0.5894,0.436,0.2323,0.7437,0.9754,,,0.5741,,,,,,False,True,True,True,False,False,,,False,,,,,
755615,rev,273,1904768,0.34515,0.7076,0.7059,0.6528,0.6158,0.5414,0.8323,,,,,0.6342,,,,0.7206,0.6661,0.0598,0.0239,0.1493,0.9702,,,,,0.1228,,,,False,False,True,True,True,False,,,,,True,,,
755622,rev,167,1895865,0.41475,0.6916,0.8065,0.5848,0.7059,0.6906,0.7901,,,,,0.7454,,,,0.1283,0.3582,0.0527,0.125,0.5033,0.9595,,,,,0.4178,,,,True,True,True,True,True,False,,,,,True,,,
755626,rev,276,1895859,0.0705,,,,0.1274,0.2046,0.8175,,,,,0.1274,,,,,,,0.0153,0.1016,0.9499,,,,,0.1204,,,,,,,True,True,False,,,,,True,,,
755630,rev,205,1369420,0.31415,,0.7403,0.6539,0.847,0.8175,0.9127,,,0.8616,,,,,,,0.2126,0.1382,0.2267,0.3663,0.9865,,,0.7819,,,,,,,True,True,True,True,False,,,False,,,,,
755630,rev,395,2095500,0.15152,0.666,,,0.208,0.2964,0.8246,,,,,,,0.2168,,0.3202,,,0.0215,0.1659,0.939,,,,,,,0.0981,,True,,,True,True,False,,,,,,,True,
755635,obv,303,1784135,0.10864,0.1614,,,0.1774,0.2202,0.8038,,,,,,0.1771,,,0.0761,,,0.0237,0.1461,0.9244,,,,,,0.0757,,,True,,,True,True,False,,,,,,True,,
755638,obv,359,2094000,0.49668,0.8099,0.7945,0.795,0.7696,0.7821,0.8769,,,,,,0.8034,,,0.6101,0.4721,0.2259,0.0919,0.3251,0.9647,,,,,,0.4252,,,True,True,True,True,True,False,,,,,,True,,
755641,obv,310,1982200,0.3899,0.8902,0.8735,0.8903,0.6233,0.3873,0.8403,,,,,,0.8308,,,0.6649,0.6242,0.5968,0.0235,0.0652,0.961,,,,,,0.4165,,,False,False,False,True,True,False,,,,,,True,,
755644,rev,124,2160000,0.71373,0.7103,0.7128,0.7149,0.6398,0.6385,0.7167,,,,,,,,0.6537,0.7157,0.6709,0.6115,0.0892,0.2743,0.8677,,,,,,,,0.3581,False,False,True,True,True,False,,,,,,,,True
755657,rev,472,2001000,0.4404,0.7005,0.7086,0.657,0.6325,0.4698,0.8197,,,,,,,0.7549,,0.7223,0.662,0.132,0.0273,0.1303,0.9626,,,,,,,0.3093,,False,False,True,True,True,False,,,,,,,True,
755669,obv,217,1541913,0.3094,0.7108,0.6904,0.7241,0.7173,0.7282,0.851,,,,0.712,,,,,0.2789,0.2001,0.1772,0.0706,0.4459,0.9665,,,,0.2232,,,,,True,True,True,True,True,False,,,,True,,,,
755675,obv,483,1756894,0.37636,0.7056,0.7137,0.6394,0.759,0.7266,0.8613,,,,0.822,,,,,0.7265,0.6731,0.0413,0.1094,0.4138,0.971,,,,0.5179,,,,,False,False,True,True,True,False,,,,True,,,,
755680,obv,141,1480605,0.23053,0.752,0.8667,0.7892,0.5817,0.609,0.9236,,,0.585,,,,,,0.1464,0.3322,0.1304,0.0428,0.1614,0.9881,,,0.2036,,,,,,True,False,True,True,True,False,,,True,,,,,
755683,rev,228,1339800,0.27597,,,0.6485,0.7265,0.6735,0.8392,,,0.7218,,,,,,,,0.0683,0.1004,0.4359,0.9754,,,0.3144,,,,,,,,True,True,True,False,,,True,,,,,
755683,rev,412,1716156,0.088,,,,0.1451,0.172,0.5976,,,,,,0.1516,,,,,,0.027,0.1343,0.8273,,,,,,0.1273,,,,,,True,True,False,,,,,,True,,
755691,rev,93,2160000,0.789,0.7144,0.7151,0.718,0.6989,0.7085,0.7302,,,,,,,,0.7015,0.7255,0.6794,0.5795,0.2416,0.7208,0.8697,,,,,,,,0.694,False,False,True,True,False,False,,,,,,,,False
