house,sale_id,lot_id,lot_number,w,h,outcome_changed,binary_iou,alpha_iou,control.ndets,control.hough,control.blobs_post_close,control.bboxes,control.sliver_pairs,control.sliver_contour_px,control.sliver_contour_frac,control.sliver_circle_px,control.sliver_circle_frac,auto.ndets,auto.hough,auto.blobs_post_close,auto.bboxes,auto.sliver_pairs,auto.sliver_contour_px,auto.sliver_contour_frac,auto.sliver_circle_px,auto.sliver_circle_frac
leu,75,686743,1,1200,545,1,0.93094,0.92672,2,0,2,"7,8,583,529;633,4,538,538",2,0,0.0,0,0.0,2,0,2,"7,8,582,529;601,13,592,522",2,0,0.0,0,0.0
leu,75,686761,19,1110,600,1,0.93453,0.92153,2,0,2,"13,17,539,563;568,20,529,568",2,0,0.0,3344,0.01526,3,0,3,"568,20,529,568;42,77,502,501;212,17,202,88",6,0,0.0,15147,0.07677
leu,75,686780,38,1193,600,0,0.9513,0.99599,2,0,2,"608,38,557,532;28,28,549,542",2,0,0.0,0,0.0,2,0,2,"608,38,557,532;28,28,549,542",2,0,0.0,0,0.0
leu,75,686799,57,1200,572,1,0.93208,0.98613,2,0,2,"8,15,586,549;603,15,589,545",2,0,0.0,0,0.0,2,0,2,"8,15,586,549;603,17,589,543",2,0,0.0,0,0.0
leu,75,686818,76,1159,600,1,0.9352,0.99903,2,0,2,"10,38,588,531;612,15,537,575",2,0,0.0,1434,0.00607,2,0,2,"10,38,588,531;612,24,537,566",2,0,0.0,1419,0.00601
leu,75,686836,94,1200,594,1,0.92601,0.89764,2,1,1,"0,0,587,594;591,0,609,594",2,0,0.0,0,0.0,2,0,2,"606,27,584,558;9,22,586,557",2,0,0.0,0,0.0
leu,75,686855,113,1200,595,0,0.92148,0.99861,2,0,2,"606,14,584,572;11,21,582,558",2,0,0.0,0,0.0,2,0,2,"606,14,584,572;11,21,582,558",2,0,0.0,0,0.0
leu,75,686874,132,1200,583,1,0.94028,0.91986,2,1,1,"0,0,616,583;587,0,613,583",2,0,0.0,0,0.0,2,0,2,"604,13,591,561;6,9,591,567",2,0,0.0,0,0.0
leu,75,686893,151,1177,600,1,0.92831,0.8688,2,1,1,"0,15,577,585;565,0,612,600",2,0,0.0,0,0.0,2,0,2,"585,8,586,586;6,21,577,566",2,1,0.0,360,0.00143
leu,75,686911,169,1168,600,1,0.92404,0.86924,2,1,1,"0,1,555,588;554,0,614,600",2,0,0.0,0,0.0,2,0,2,"583,6,579,588;6,17,569,567",2,0,0.0,66,0.00026
leu,75,686930,188,1200,579,1,0.93627,0.86797,2,1,1,"0,0,617,579;600,0,600,579",2,0,0.0,0,0.0,2,0,2,"607,25,584,545;9,24,587,541",2,0,0.0,267,0.0011
leu,75,686949,207,1200,544,0,0.94597,0.99828,2,0,2,"604,22,586,511;11,14,580,517",2,0,0.0,44,0.00019,2,0,2,"604,22,586,511;11,14,580,517",2,0,0.0,44,0.00019
leu,75,686968,226,1200,592,1,0.94851,0.89616,2,1,1,"0,0,578,592;604,0,596,592",2,0,0.0,0,0.0,2,0,2,"607,17,584,566;10,18,585,562",2,0,0.0,0,0.0
leu,75,686986,244,1200,596,0,0.92841,0.9939,2,0,2,"9,11,581,575;602,21,589,555",2,0,0.0,0,0.0,2,0,2,"9,11,581,575;602,21,589,555",2,0,0.0,0,0.0
leu,75,687005,263,1200,597,1,0.93639,0.87264,2,1,1,"0,0,602,597;571,0,616,587",2,0,0.0,0,0.0,2,0,2,"598,13,595,577;8,9,581,578",2,0,0.0,0,0.0
leu,75,687024,282,1200,593,1,0.9384,0.84344,2,1,1,"0,0,565,569;592,0,608,593",2,0,0.0,0,0.0,2,0,2,"606,12,587,574;8,20,589,555",2,0,0.0,28,0.00011
leu,75,687043,301,1200,589,1,0.95539,0.93465,2,1,1,"0,0,605,589;577,0,623,589",2,0,0.0,0,0.0,2,0,2,"608,8,585,574;8,17,591,556",2,0,0.0,0,0.0
leu,75,687061,319,1200,584,1,0.95484,0.89392,2,1,1,"0,0,614,584;602,0,598,580",2,0,0.0,0,0.0,2,0,2,"603,12,590,566;7,12,588,560",2,0,0.0,0,0.0
leu,75,687080,338,1200,579,1,0.94877,0.87739,2,1,1,"0,0,575,579;615,0,585,579",2,0,0.0,0,0.0,2,0,2,"601,9,592,563;9,15,583,548",2,0,0.0,0,0.0
leu,75,687099,357,1187,600,1,0.92866,0.90818,2,1,1,"0,0,625,600;577,0,610,600",2,0,0.0,0,0.0,2,0,2,"590,20,590,574;8,21,581,565",2,4,2e-05,148,0.00056
leu,75,687118,376,1196,600,1,0.94589,0.90864,2,1,1,"0,0,601,600;588,0,608,600",2,0,0.0,0,0.0,2,0,2,"8,12,589,575;606,9,583,584",2,0,0.0,0,0.0
leu,75,687136,394,1200,588,0,0.93699,1.0,2,1,1,"0,0,586,588;576,0,624,588",2,0,0.0,0,0.0,2,1,1,"0,0,586,588;576,0,624,588",2,0,0.0,0,0.0
leu,75,687155,413,1200,562,0,0.92532,1.0,2,1,1,"1,0,586,562;634,0,566,562",2,0,0.0,0,0.0,2,1,1,"1,0,586,562;634,0,566,562",2,0,0.0,0,0.0
leu,75,687174,432,1197,600,0,0.94504,0.99692,2,0,2,"13,24,585,558;612,15,570,572",2,0,0.0,0,0.0,2,0,2,"13,24,585,558;612,15,570,572",2,0,0.0,0,0.0
leu,75,687193,451,1116,600,1,0.92354,0.99406,2,0,2,"9,12,546,580;566,12,541,579",2,0,0.0,2269,0.00925,2,0,2,"9,12,546,580;566,13,541,578",2,0,0.0,2269,0.00933
leu,75,687212,470,1198,600,1,0.93947,0.99149,2,0,2,"8,32,591,538;615,17,572,575",2,0,0.0,9,4e-05,2,0,2,"615,17,572,575;8,32,591,538",2,0,0.0,0,0.0
leu,75,687230,488,1200,600,0,0.92533,0.99793,2,0,2,"9,10,581,582;600,31,593,554",2,0,0.0,649,0.00254,2,0,2,"9,10,581,582;600,31,593,554",2,0,0.0,649,0.00254
leu,75,687249,507,1200,597,0,0.95405,0.99893,2,0,2,"15,21,594,556;627,24,558,557",2,0,0.0,286,0.00114,2,0,2,"15,21,594,556;627,24,558,557",2,0,0.0,286,0.00114
leu,75,687268,526,1186,600,1,0.91962,0.80918,2,1,1,"0,0,578,569;607,0,579,596",2,0,0.0,0,0.0,2,0,2,"9,22,578,570;598,25,580,553",2,0,0.0,92,0.00036
leu,75,687287,545,1200,590,0,0.93948,0.99739,2,0,2,"605,11,586,569;10,13,581,564",2,0,0.0,0,0.0,2,0,2,"605,11,586,569;10,13,581,564",2,0,0.0,0,0.0
leu,75,687305,563,1200,467,1,0.93494,0.98914,1,0,1,"12,13,1178,444",0,,,,,2,0,2,"606,13,584,444;12,19,582,435",2,0,0.0,0,0.0
leu,75,687324,582,1081,600,1,0.9559,0.99567,2,0,3,"10,10,523,580;521,35,524,523",2,1352,0.00625,10977,0.05104,2,0,3,"10,10,523,580;521,36,521,522",2,1436,0.00669,11120,0.05205
leu,75,687343,601,1182,600,1,0.94236,0.90373,2,1,1,"3,0,618,598;571,0,611,600",2,0,0.0,0,0.0,2,0,2,"596,7,580,586;7,14,581,572",2,0,0.0,520,0.00199
leu,75,687362,620,1182,600,0,0.96061,0.99549,2,0,2,"19,17,555,564;603,27,551,535",2,0,0.0,0,0.0,2,0,2,"19,17,555,564;603,27,551,535",2,0,0.0,0,0.0
leu,75,687380,638,1142,600,0,0.9342,0.99629,2,0,2,"588,28,540,549;14,15,557,571",2,0,0.0,301,0.0013,2,0,2,"588,28,540,549;14,15,557,571",2,0,0.0,301,0.0013
leu,75,687399,657,1134,600,1,0.95102,0.88874,2,1,1,"0,5,575,595;557,14,577,586",2,0,0.0,0,0.0,2,0,2,"573,12,550,580;9,21,553,570",2,0,0.0,1002,0.00412
leu,75,687418,676,1200,587,1,0.94772,0.95544,2,0,2,"15,23,582,549;613,31,571,538",2,0,0.0,81,0.00034,2,0,2,"15,23,582,549;625,27,545,545",2,0,0.0,0,0.0
leu,75,687437,695,1200,581,0,0.97675,0.99929,2,0,2,"599,14,590,556;11,12,575,558",2,0,0.0,0,0.0,2,0,2,"599,14,590,556;11,12,575,558",2,0,0.0,0,0.0
leu,75,687455,713,1109,600,1,0.94683,0.97144,2,0,2,"564,10,535,577;15,37,551,551",2,223,0.00094,6246,0.0262,2,0,2,"564,10,535,577;30,51,537,537",2,273,0.0012,6379,0.02809
leu,75,687474,732,1191,600,1,0.91143,0.8744,2,1,1,"0,0,629,600;593,0,594,592",2,0,0.0,0,0.0,3,0,4,"8,28,582,564;598,18,585,563;269,10,81,13",6,0,0.0,1494,1.0
leu,75,687493,751,1193,600,1,0.9275,0.94179,2,0,2,"13,21,587,567;601,16,581,568",2,4,2e-05,2,1e-05,2,0,3,"606,16,576,568;34,48,535,535",2,0,0.0,0,0.0
leu,75,687512,770,1107,600,0,0.93806,1.0,2,1,1,"0,0,572,562;527,0,580,578",2,0,0.0,0,0.0,2,1,1,"0,0,572,562;527,0,580,578",2,0,0.0,0,0.0
leu,75,687530,788,1175,600,1,0.97263,0.94848,2,0,2,"9,15,583,571;604,10,562,581",2,0,0.0,2920,0.0113,2,0,2,"9,19,572,572;604,10,562,581",2,0,0.0,1657,0.00646
leu,75,687549,807,1200,590,0,0.94911,1.0,2,1,1,"0,0,586,590;563,0,636,590",2,0,0.0,0,0.0,2,1,1,"0,0,586,590;563,0,636,590",2,0,0.0,0,0.0
leu,75,687568,826,1200,576,1,0.93091,0.83129,2,1,1,"23,0,596,576;597,0,600,576",2,0,0.0,0,0.0,2,0,2,"603,14,590,556;7,11,587,554",2,0,0.0,3,1e-05
leu,75,687587,845,1200,585,0,0.95637,1.0,2,1,1,"0,0,589,585;614,0,586,585",2,0,0.0,0,0.0,2,1,1,"0,0,589,585;614,0,586,585",2,0,0.0,0,0.0
leu,75,687605,863,1175,600,0,0.92462,1.0,2,1,1,"0,13,577,587;561,0,614,600",2,0,0.0,0,0.0,2,1,1,"0,13,577,587;561,0,614,600",2,0,0.0,0,0.0
leu,75,687624,882,1200,583,1,0.93138,0.89997,2,1,1,"8,0,622,583;575,0,625,583",2,0,0.0,0,0.0,2,0,2,"6,8,584,569;599,7,595,570",2,0,0.0,0,0.0
leu,75,687643,901,1200,539,1,0.95436,0.94805,2,0,2,"610,26,571,492;19,26,565,495",2,0,0.0,0,0.0,2,0,2,"610,26,571,492;41,18,523,524",2,0,0.0,0,0.0
leu,75,687662,920,1180,600,1,0.9135,0.98886,2,0,2,"599,23,565,561;16,15,565,567",2,0,0.0,14,6e-05,2,0,2,"599,28,565,556;16,15,565,567",2,0,0.0,14,6e-05
leu,75,687681,939,1189,600,1,0.96317,0.87307,2,1,1,"0,0,595,597;581,0,608,600",2,0,0.0,0,0.0,2,0,2,"5,10,586,584;593,9,586,586",2,1,0.0,16,6e-05
leu,75,687699,957,1200,585,1,0.92983,0.88912,2,1,1,"0,0,574,585;586,0,614,585",2,0,0.0,0,0.0,2,0,2,"600,14,592,564;8,10,583,567",2,0,0.0,158,0.00061
leu,75,687718,976,1186,600,1,0.95918,0.9991,2,0,2,"595,8,583,585;19,22,556,562",2,0,0.0,0,0.0,2,0,2,"595,15,583,578;19,22,556,562",2,0,0.0,0,0.0
leu,75,687737,995,1047,600,1,0.9502,0.91677,2,0,2,"14,17,484,569;512,45,517,517",2,0,0.0,7872,0.03748,2,0,2,"2,41,520,519;507,43,519,518",2,1526,0.00724,1522,0.00719
leu,75,687756,1014,1197,600,1,0.94299,0.99165,2,0,2,"608,19,572,564;19,28,569,551",2,0,0.0,0,0.0,2,0,2,"608,22,572,561;19,28,569,551",2,0,0.0,0,0.0
leu,75,687774,1032,1200,593,0,0.95705,0.99877,2,0,2,"12,14,579,566;604,17,586,566",2,0,0.0,0,0.0,2,0,2,"12,14,579,566;604,17,586,566",2,0,0.0,0,0.0
leu,75,687793,1051,1200,576,1,0.91421,0.82642,2,1,1,"0,17,549,559;618,0,582,576",2,0,0.0,0,0.0,2,0,2,"608,8,584,557;9,14,588,550",2,0,0.0,0,0.0
leu,75,687812,1070,1200,587,1,0.96766,0.92346,2,1,1,"0,0,606,587;594,0,606,587",2,0,0.0,0,0.0,2,0,2,"607,9,586,571;7,18,593,562",2,0,0.0,103,0.0004
leu,75,687831,1089,1200,593,1,0.91356,0.94451,2,1,1,"0,0,622,593;586,0,614,593",2,0,0.0,0,0.0,2,0,2,"602,14,590,568;8,11,585,574",2,0,0.0,0,0.0
leu,75,687849,1107,1199,600,0,0.9256,1.0,2,1,1,"0,0,617,600;573,0,626,600",2,0,0.0,0,0.0,2,1,1,"0,0,617,600;573,0,626,600",2,0,0.0,0,0.0
leu,75,687868,1126,1200,567,1,0.93248,0.99844,2,0,2,"611,18,581,537;9,11,589,548",2,0,0.0,0,0.0,2,0,2,"611,19,581,536;9,11,589,548",2,0,0.0,0,0.0
leu,75,687887,1145,1200,580,1,0.89844,0.87724,2,1,1,"7,0,624,580;584,0,614,580",2,0,0.0,0,0.0,2,0,2,"7,9,587,564;603,14,590,558",2,0,0.0,0,0.0
leu,75,687906,1164,1200,555,1,0.93185,0.92567,2,1,1,"0,0,603,555;594,0,606,555",2,0,0.0,0,0.0,2,0,2,"609,12,581,533;11,13,586,530",2,0,0.0,0,0.0
leu,75,687924,1182,1157,600,1,0.92333,0.87354,2,1,1,"0,0,594,600;586,0,571,583",2,0,0.0,0,0.0,2,0,2,"583,10,566,583;7,17,566,569",2,0,0.0,349,0.00138
leu,75,687943,1201,1200,595,1,0.91373,0.99772,2,0,2,"602,13,588,570;11,12,587,572",2,0,0.0,0,0.0,2,0,2,"606,13,584,570;11,12,583,572",2,0,0.0,0,0.0
leu,75,687962,1220,1200,571,1,0.91548,0.88636,2,1,1,"0,0,589,571;566,0,604,571",2,0,0.0,0,0.0,2,0,2,"7,14,586,550;601,18,593,544",2,0,0.0,840,0.00334
leu,75,687981,1239,1200,581,0,0.91629,1.0,2,1,1,"17,0,596,581;598,0,602,581",2,0,0.0,0,0.0,2,1,1,"17,0,596,581;598,0,602,581",2,0,0.0,0,0.0
leu,75,687999,1257,1200,579,1,0.89463,0.78877,2,1,1,"0,3,554,576;600,0,582,572",2,0,0.0,0,0.0,2,0,2,"7,9,592,563;608,13,585,557",2,0,0.0,3,1e-05
leu,75,688018,1276,1200,581,1,0.91242,0.90904,2,1,1,"6,0,618,581;567,0,633,581",2,0,0.0,0,0.0,2,0,2,"604,10,589,564;7,13,588,555",2,0,0.0,0,0.0
leu,75,688037,1295,1200,564,0,0.92037,1.0,2,1,1,"0,0,598,564;608,0,592,564",2,0,0.0,0,0.0,2,1,1,"0,0,598,564;608,0,592,564",2,0,0.0,0,0.0
leu,75,688056,1314,1200,584,0,0.94431,1.0,2,1,1,"0,0,576,576;625,0,575,571",2,0,0.0,0,0.0,2,1,1,"0,0,576,576;625,0,575,571",2,0,0.0,0,0.0
leu,75,688074,1332,1200,540,1,0.91856,0.80245,2,1,1,"0,0,570,540;634,0,566,540",2,0,0.0,0,0.0,2,0,2,"612,7,581,526;6,16,597,512",2,0,0.0,3259,0.01369
leu,75,688093,1351,1197,600,1,0.91762,0.83526,2,1,1,"20,29,590,571;589,0,608,598",2,0,0.0,0,0.0,2,0,2,"598,14,592,579;7,17,583,567",2,0,0.0,0,0.0
leu,75,688112,1370,1162,600,1,0.89932,0.85384,2,1,1,"0,0,603,600;598,36,564,564",2,0,0.0,0,0.0,2,0,2,"8,10,572,581;590,8,565,585",2,0,0.0,28,0.00011
leu,75,688131,1389,1200,551,1,0.92243,0.76983,2,1,1,"46,0,568,538;625,0,562,546",2,0,0.0,0,0.0,2,0,2,"605,8,588,536;7,10,589,533",2,0,0.0,0,0.0
leu,75,688150,1408,1200,559,1,0.92438,0.86086,2,1,1,"17,0,600,559;561,0,604,559",2,0,0.0,0,0.0,2,0,2,"601,12,592,540;7,9,586,542",2,0,0.0,0,0.0
leu,75,688168,1426,1200,564,1,0.91668,0.83706,2,1,1,"5,0,588,559;637,0,563,559",2,0,0.0,0,0.0,2,0,2,"604,13,590,544;7,9,589,547",2,0,0.0,0,0.0
leu,75,688187,1445,1200,548,1,0.9069,0.85136,2,1,1,"26,0,600,548;595,0,578,548",2,0,0.0,0,0.0,2,0,2,"608,8,585,533;7,13,592,528",2,0,0.0,0,0.0
leu,75,688206,1464,1200,559,1,0.90923,0.84941,2,1,1,"0,0,591,559;638,0,562,559",2,0,0.0,0,0.0,2,0,2,"603,13,590,539;7,14,588,536",2,0,0.0,0,0.0
leu,75,688225,1483,1159,600,1,0.92146,0.8916,2,1,1,"0,0,611,597;576,7,583,593",2,0,0.0,0,0.0,2,0,2,"598,10,554,584;7,22,581,561",2,0,0.0,1003,0.00405
leu,75,688243,1501,1200,568,0,0.90895,1.0,2,1,1,"0,0,602,568;583,0,617,568",2,0,0.0,0,0.0,2,1,1,"0,0,602,568;583,0,617,568",2,0,0.0,0,0.0
leu,75,688262,1520,1200,556,1,0.92938,0.90056,2,1,1,"0,0,607,556;588,0,612,556",2,0,0.0,0,0.0,2,0,2,"7,15,591,534;603,11,591,537",2,0,0.0,0,0.0
leu,75,688281,1539,1200,549,1,0.94178,0.76485,2,1,1,"74,9,548,540;587,0,548,548",2,0,0.0,0,0.0,2,0,2,"7,12,587,526;620,6,547,547",2,0,0.0,0,0.0
leu,75,688300,1558,1200,596,1,0.92309,0.9073,2,1,1,"15,0,612,596;587,0,613,596",2,0,0.0,0,0.0,2,0,2,"614,10,574,577;10,21,593,556",2,0,0.0,0,0.0
leu,75,688318,1576,1200,591,1,0.91294,0.94419,2,0,2,"585,16,605,560;10,13,573,568",2,1,0.0,619,0.00245,2,0,2,"589,16,601,560;7,17,562,562",2,0,0.0,0,0.0
leu,75,688337,1595,1200,591,0,0.9163,0.99573,2,0,2,"9,27,592,538;614,10,576,572",2,0,0.0,0,0.0,2,0,2,"9,27,592,538;614,10,576,572",2,0,0.0,0,0.0
leu,75,688356,1614,1133,600,1,0.92467,0.99791,2,0,2,"597,11,527,580;9,40,579,521",2,0,0.0,2481,0.01061,2,0,2,"598,11,526,580;9,40,577,521",2,0,0.0,2427,0.01039
leu,75,688375,1633,1138,600,1,0.93146,0.99701,2,0,2,"14,22,562,556;592,14,533,574",2,0,0.0,132,0.00056,2,0,2,"14,22,562,556;592,17,533,571",2,0,0.0,132,0.00056
leu,75,688393,1651,1180,600,0,0.90085,0.99644,2,0,2,"602,11,567,579;10,19,580,561",2,0,0.0,326,0.00129,2,0,2,"602,11,567,579;10,19,580,561",2,0,0.0,326,0.00129
leu,75,688412,1670,1169,600,1,0.93773,0.84267,2,1,1,"17,0,602,594;588,0,581,577",2,0,0.0,0,0.0,2,0,2,"594,17,567,575;9,13,575,578",2,0,0.0,72,0.00029
leu,75,688431,1689,1177,600,1,0.9212,0.99621,2,0,2,"9,13,576,574;596,11,572,580",2,0,0.0,3,1e-05,2,0,2,"9,14,576,573;596,11,572,580",2,0,0.0,3,1e-05
leu,75,688450,1708,1180,600,1,0.91396,0.89543,2,1,1,"0,0,589,600;576,0,604,599",2,0,0.0,0,0.0,2,0,2,"9,27,597,550;616,11,556,581",2,0,0.0,615,0.00239
leu,75,688468,1726,1116,600,1,0.92171,0.99824,2,0,2,"9,10,542,581;555,18,552,564",2,0,0.0,3113,0.01292,2,0,2,"9,10,539,581;559,18,548,564",2,0,0.0,3056,0.01271
leu,75,688487,1745,1186,600,1,0.90584,0.99657,2,0,2,"592,11,585,579;9,9,571,582",2,0,0.0,113,0.00044,2,0,3,"592,11,585,579;9,12,571,579",2,0,0.0,58,0.00022
leu,75,688506,1764,1200,592,1,0.95122,0.89426,2,1,1,"1,0,614,592;565,0,635,592",2,0,0.0,0,0.0,2,0,2,"605,7,588,578;6,12,589,569",2,0,0.0,0,0.0
leu,75,688525,1783,1124,600,1,0.93008,0.86065,2,1,1,"3,8,588,588;545,0,579,585",2,0,0.0,0,0.0,2,0,2,"9,20,556,561;575,10,540,581",2,0,0.0,2301,0.00945
leu,75,688543,1801,1166,600,1,0.92542,0.86124,2,1,1,"0,0,598,600;571,0,595,591",2,0,0.0,0,0.0,2,0,2,"9,10,569,580;588,11,568,579",2,0,0.0,772,0.00304
leu,75,688562,1820,1158,600,1,0.92909,0.99876,2,0,2,"9,9,560,582;576,20,573,561",2,0,0.0,110,0.00045,2,0,2,"9,9,559,582;578,20,571,561",2,0,0.0,104,0.00042
leu,75,688581,1839,1200,565,1,0.92208,0.89336,2,1,1,"2,0,620,565;602,0,598,565",2,0,0.0,0,0.0,2,0,2,"609,11,580,544;10,15,587,537",2,0,0.0,0,0.0
leu,75,688600,1858,1200,584,1,0.93164,0.80951,2,1,1,"0,0,562,584;638,0,562,569",2,0,0.0,0,0.0,2,0,2,"606,13,585,562;9,20,587,547",2,0,0.0,0,0.0
leu,75,688619,1877,1200,591,1,0.93206,0.85937,2,1,1,"30,0,600,591;577,0,614,591",2,0,0.0,0,0.0,2,0,2,"10,16,585,563;606,18,585,564",2,0,0.0,0,0.0
leu,75,688637,1895,1200,569,0,0.9456,0.98883,2,0,2,"11,11,582,548;607,19,583,537",2,0,0.0,0,0.0,2,0,3,"11,11,582,548;607,19,583,537",2,0,0.0,0,0.0
leu,75,688656,1914,1185,600,0,0.95202,0.99949,2,0,2,"601,19,575,572;10,14,580,576",2,0,0.0,0,0.0,2,0,2,"601,19,575,572;10,14,580,576",2,0,0.0,0,0.0
leu,75,688675,1933,1200,556,0,0.97501,1.0,2,1,1,"0,0,576,556;608,0,588,556",2,0,0.0,0,0.0,2,1,1,"0,0,576,556;608,0,588,556",2,0,0.0,0,0.0
leu,75,688694,1952,1200,585,1,0.95671,0.99964,2,0,2,"10,17,581,558;599,28,593,535",2,0,0.0,0,0.0,2,0,2,"10,17,580,558;601,28,591,535",2,0,0.0,0,0.0
leu,75,688712,1970,1188,600,1,0.95136,0.99949,2,0,2,"8,13,589,578;602,18,577,568",2,0,0.0,482,0.00183,2,0,2,"8,13,585,578;605,18,574,568",2,0,0.0,472,0.00179
leu,75,688731,1989,1191,600,0,0.93953,0.99907,2,0,2,"11,18,578,572;601,20,581,561",2,0,0.0,0,0.0,2,0,2,"11,18,578,572;601,20,581,561",2,0,0.0,0,0.0
leu,75,688750,2008,1200,582,1,0.92249,0.83729,2,1,1,"0,0,598,582;569,0,590,578",2,0,0.0,0,0.0,2,0,2,"605,20,586,544;9,13,586,560",2,0,0.0,0,0.0
leu,75,688769,2027,1200,599,1,0.9328,0.99795,2,0,2,"10,16,589,574;601,16,589,570",2,1,0.0,80,0.00031,2,0,2,"10,16,584,574;606,16,584,570",2,0,0.0,64,0.00025
leu,75,688787,2045,1200,559,1,0.97229,0.81571,2,1,1,"17,0,582,559;616,0,584,559",2,0,0.0,0,0.0,2,0,2,"599,6,593,548;7,13,582,538",2,0,0.0,251,0.001
leu,75,688806,2064,1197,600,1,0.92747,0.87114,2,1,1,"0,0,615,600;634,14,563,586",2,0,0.0,0,0.0,2,0,2,"10,11,583,580;605,25,582,553",2,0,0.0,0,0.0
leu,75,688825,2083,1129,600,1,0.92235,0.89803,2,1,1,"0,0,581,598;540,0,589,587",2,0,0.0,0,0.0,2,0,2,"571,10,549,581;9,13,552,577",2,0,0.0,214,0.00089
leu,75,688844,2102,1172,600,1,0.91868,0.89809,2,1,1,"0,0,612,600;572,0,600,600",2,0,0.0,0,0.0,2,0,2,"9,11,577,579;596,17,568,567",2,0,0.0,36,0.00014
leu,75,688862,2120,1199,590,1,0.89535,0.90069,2,1,1,"0,0,611,590;577,0,622,590",2,0,0.0,0,0.0,2,0,3,"9,22,584,559;632,7,557,558",2,0,0.0,0,0.0
leu,75,688881,2139,1198,600,1,0.9143,0.86691,2,1,1,"0,22,587,578;594,0,604,600",2,0,0.0,0,0.0,2,0,2,"602,11,588,580;9,15,582,576",2,0,0.0,50,0.0002
leu,75,688900,2158,1195,600,1,0.9171,0.88419,2,1,1,"3,0,608,589;579,0,616,600",2,0,0.0,0,0.0,2,0,2,"9,12,582,579;602,15,584,572",2,0,0.0,0,0.0
leu,75,688919,2177,1200,573,1,0.93786,0.99737,2,0,2,"9,15,587,546;608,18,582,545",2,0,0.0,0,0.0,2,0,2,"608,18,582,545;9,15,587,546",2,0,0.0,0,0.0
leu,75,688937,2195,1152,600,1,0.92887,0.88266,2,1,1,"0,0,592,600;588,2,564,588",2,0,0.0,0,0.0,2,0,2,"580,14,563,577;10,18,559,565",2,0,0.0,59,0.00024
leu,75,688956,2214,1200,597,1,0.91822,0.89274,2,1,1,"0,0,590,597;587,0,613,597",2,0,0.0,0,0.0,2,0,2,"607,27,582,560;11,24,584,559",2,0,0.0,0,0.0
leu,75,688975,2233,1200,573,1,0.92427,0.87676,2,1,1,"9,0,602,573;617,0,583,573",2,0,0.0,0,0.0,2,0,2,"607,16,584,548;10,15,586,544",2,0,0.0,0,0.0
leu,75,688994,2252,1200,577,1,0.89452,0.9197,2,1,1,"3,0,628,577;560,0,638,577",2,0,0.0,0,0.0,2,0,2,"603,18,588,549;9,14,583,553",2,0,0.0,0,0.0
leu,75,689012,2270,1200,590,1,0.88382,0.8646,2,1,1,"39,0,600,590;601,0,599,590",2,0,0.0,0,0.0,2,0,2,"610,18,581,563;9,29,592,550",2,0,0.0,1096,0.00434
leu,75,689031,2289,1179,600,1,0.90419,0.84418,2,1,1,"4,6,604,594;567,0,600,590",2,0,0.0,0,0.0,2,0,2,"9,17,574,570;593,12,577,579",2,0,0.0,73,0.00029
leu,75,689050,2308,1200,586,1,0.9161,0.99705,2,0,2,"598,13,592,561;10,16,586,561",2,1,0.0,1,0.0,2,0,2,"603,14,587,560;10,16,582,561",2,0,0.0,0,0.0
leu,75,689069,2327,1200,592,0,0.90744,0.99411,2,0,2,"10,9,579,573;600,18,591,561",2,0,0.0,0,0.0,2,0,2,"10,9,579,573;600,18,591,561",2,0,0.0,0,0.0
leu,75,689088,2346,1200,576,0,0.91516,0.99466,2,0,2,"605,10,586,557;10,24,584,537",2,0,0.0,0,0.0,2,0,2,"605,10,586,557;10,24,584,537",2,0,0.0,0,0.0
leu,75,689106,2364,1200,592,0,0.91334,0.9983,2,0,2,"606,11,584,572;9,14,584,566",2,0,0.0,76,0.0003,2,0,2,"606,11,584,572;9,14,584,566",2,0,0.0,76,0.0003
leu,75,689125,2383,1200,565,0,0.91567,0.99643,2,0,2,"607,11,584,544;9,11,587,545",2,0,0.0,0,0.0,2,0,2,"607,11,584,544;9,11,587,545",2,0,0.0,0,0.0
leu,75,689144,2402,1200,588,1,0.9076,0.86447,2,1,1,"0,0,593,588;612,0,588,588",2,0,0.0,0,0.0,2,0,2,"609,10,582,569;9,13,588,563",2,0,0.0,0,0.0
leu,75,689163,2421,1200,572,1,0.91945,0.99762,2,0,2,"9,12,585,549;603,10,588,553",2,0,0.0,45,0.00018,2,0,2,"9,12,583,549;604,10,587,553",2,0,0.0,39,0.00016
leu,75,689181,2439,1200,589,0,0.91532,0.99463,2,0,2,"11,19,583,559;605,18,585,559",2,0,0.0,196,0.00076,2,0,2,"11,19,583,559;605,18,585,559",2,0,0.0,196,0.00076
leu,75,689200,2458,1142,600,0,0.90807,0.99831,2,0,2,"10,16,557,575;579,14,553,574",2,0,0.0,144,0.0006,2,0,2,"10,16,557,575;579,14,553,574",2,0,0.0,144,0.0006
leu,75,689219,2477,1200,581,0,0.92247,0.99423,2,0,2,"9,14,587,554;608,9,583,563",2,0,0.0,0,0.0,2,0,2,"9,14,587,554;608,9,583,563",2,0,0.0,0,0.0
leu,75,689238,2496,1178,600,1,0.91557,0.99692,2,0,2,"588,9,581,581;9,16,577,569",2,1,0.0,1,0.0,2,0,2,"592,9,577,581;9,16,573,569",2,0,0.0,0,0.0
leu,75,689256,2514,1197,600,1,0.89222,0.81028,2,1,1,"0,0,595,580;589,0,594,594",2,0,0.0,0,0.0,2,0,2,"10,14,586,577;606,16,582,573",2,0,0.0,642,0.00248
leu,75,689275,2533,1181,600,1,0.92061,0.88249,2,1,1,"0,0,595,593;567,0,614,600",2,0,0.0,0,0.0,2,0,2,"605,9,567,582;10,14,585,573",2,0,0.0,0,0.0
leu,75,689294,2552,1200,547,0,0.91033,0.9975,2,0,2,"600,11,592,528;9,13,581,522",2,0,0.0,0,0.0,2,0,2,"600,11,592,528;9,13,581,522",2,0,0.0,0,0.0
leu,75,689313,2571,1177,600,1,0.9588,0.91008,2,1,1,"0,0,616,600;559,12,618,588",2,0,0.0,0,0.0,2,0,2,"594,11,575,582;8,16,575,573",2,0,0.0,0,0.0
leu,75,689331,2589,1200,591,1,0.91403,0.9957,2,0,2,"604,13,587,569;10,19,592,555",2,1,0.0,44,0.00017,2,0,2,"609,13,582,569;10,19,587,555",2,0,0.0,31,0.00012
leu,75,689350,2608,1200,571,1,0.90558,0.99427,2,0,2,"27,19,554,554;632,8,553,553",2,0,0.0,0,0.0,2,0,2,"632,8,553,553;28,22,552,551",2,0,0.0,0,0.0
leu,75,689369,2627,1200,568,0,0.90208,0.99551,2,0,2,"9,13,590,544;610,11,581,548",2,0,0.0,0,0.0,2,0,2,"9,13,590,544;610,11,581,548",2,0,0.0,0,0.0
leu,75,689388,2646,1164,600,1,0.91326,0.8658,2,1,1,"0,7,592,593;588,20,576,580",2,0,0.0,0,0.0,2,0,2,"608,11,547,580;19,29,560,560",2,0,0.0,918,0.00372
leu,75,689406,2664,1200,585,0,0.93446,0.9988,2,0,2,"605,13,586,563;9,15,584,560",2,0,0.0,0,0.0,2,0,2,"605,13,586,563;9,15,584,560",2,0,0.0,0,0.0
leu,75,689425,2683,1200,562,1,0.9142,0.99466,2,0,2,"605,10,586,543;9,14,587,538",2,0,0.0,0,0.0,2,0,2,"9,14,586,538;606,10,585,543",2,0,0.0,0,0.0
leu,75,689444,2702,1200,597,1,0.91268,0.89387,2,1,1,"0,0,623,597;580,0,620,597",2,0,0.0,0,0.0,2,0,2,"608,10,583,579;9,12,588,574",2,0,0.0,0,0.0
leu,75,689463,2721,1200,598,1,0.9416,0.91909,2,1,1,"0,0,628,598;584,0,616,598",2,0,0.0,0,0.0,2,0,2,"7,11,589,581;606,16,588,571",2,0,0.0,0,0.0
leu,75,689481,2739,1200,548,1,0.91324,0.78554,2,1,1,"0,0,506,520;588,0,600,548",2,0,0.0,0,0.0,2,0,2,"606,10,586,529;8,10,588,529",2,0,0.0,0,0.0
leu,75,689500,2758,1200,569,0,0.91682,1.0,2,1,1,"0,0,603,569;593,0,604,569",2,0,0.0,0,0.0,2,1,1,"0,0,603,569;593,0,604,569",2,0,0.0,0,0.0
leu,75,689519,2777,1158,600,1,0.94827,0.86915,2,1,1,"10,3,610,597;576,0,582,580",2,0,0.0,0,0.0,2,0,2,"588,13,562,580;8,18,576,565",2,0,0.0,0,0.0
leu,75,689538,2796,1166,600,0,0.96747,0.99813,2,0,2,"592,13,565,577;8,12,571,579",2,0,0.0,37,0.00015,2,0,2,"592,13,565,577;8,12,571,579",2,0,0.0,37,0.00015
leu,75,689557,2815,1200,564,1,0.94957,0.86473,2,1,1,"0,0,602,564;597,0,600,564",2,0,0.0,0,0.0,2,0,2,"9,13,586,543;604,19,588,537",2,0,0.0,0,0.0
leu,75,689575,2833,1190,600,1,0.92152,0.88195,2,1,1,"27,0,600,598;592,0,598,600",2,0,0.0,0,0.0,2,0,2,"9,17,581,573;600,16,581,569",2,0,0.0,0,0.0
leu,75,689594,2852,1200,584,1,0.95449,0.84995,2,1,1,"0,0,600,584;596,0,604,578",2,0,0.0,0,0.0,2,0,2,"612,12,581,565;8,15,593,560",2,0,0.0,52,0.0002
leu,75,689613,2871,1170,600,1,0.96318,0.87413,2,1,1,"7,0,608,582;567,0,603,600",2,0,0.0,0,0.0,2,0,2,"593,14,570,577;8,16,573,576",2,0,0.0,1601,0.00623
leu,75,689632,2890,1200,578,1,0.97682,0.80245,2,1,1,"65,0,552,534;609,0,591,578",2,0,0.0,0,0.0,2,0,2,"606,8,587,564;7,18,589,545",2,0,0.0,0,0.0
leu,75,689650,2908,1200,552,1,0.95716,0.99874,2,0,2,"601,12,590,532;9,13,582,528",2,0,0.0,0,0.0,2,0,2,"602,12,589,532;9,13,582,528",2,0,0.0,0,0.0
leu,75,689669,2927,1161,600,1,0.97555,0.89764,2,1,1,"0,0,606,600;537,6,598,594",2,0,0.0,0,0.0,2,0,2,"575,27,578,551;8,14,558,578",2,0,0.0,0,0.0
leu,75,689688,2946,1200,519,0,0.97238,0.99909,2,0,2,"603,11,586,498;9,14,583,494",2,0,0.0,110,0.00049,2,0,2,"603,11,586,498;9,14,583,494",2,0,0.0,110,0.00049
leu,75,689707,2965,1200,589,1,0.88974,0.91054,2,1,1,"2,0,634,589;596,0,604,589",2,0,0.0,0,0.0,2,0,2,"8,11,588,570;604,22,588,559",2,0,0.0,3,1e-05
leu,75,689725,2983,1200,566,1,0.92717,0.87777,2,1,1,"0,0,607,566;576,0,610,566",2,0,0.0,0,0.0,2,0,2,"8,11,588,546;605,13,588,544",2,0,0.0,50,0.0002
leu,75,689744,3002,1200,575,1,0.91335,0.85908,2,1,1,"0,0,608,575;581,0,602,570",2,0,0.0,0,0.0,2,0,2,"604,10,589,558;7,12,589,552",2,0,0.0,0,0.0
leu,75,689763,3021,1112,600,0,0.92323,0.99807,2,0,2,"568,10,537,583;7,28,553,550",2,0,0.0,4555,0.01939,2,0,2,"568,10,537,583;7,28,553,550",2,0,0.0,4555,0.01942
leu,75,689782,3040,1200,596,1,0.9315,0.92829,2,1,1,"0,0,623,596;566,0,634,596",2,0,0.0,0,0.0,2,0,2,"604,16,589,569;8,14,587,574",2,0,0.0,137,0.00052
leu,75,689800,3058,1171,600,1,0.93185,0.92839,2,1,1,"0,0,608,600;555,0,616,600",2,0,0.0,0,0.0,2,0,2,"595,17,569,570;9,9,577,583",2,0,0.0,12,5e-05
leu,75,689819,3077,1200,559,1,0.93372,0.82524,2,1,1,"0,0,572,549;617,0,583,559",2,0,0.0,0,0.0,2,0,2,"601,9,591,542;8,12,583,537",2,0,0.0,111,0.00045
leu,75,689838,3096,1181,600,1,0.92713,0.91356,2,1,1,"0,0,612,600;568,0,613,593",2,0,0.0,0,0.0,2,0,2,"595,11,578,581;8,11,577,579",2,0,0.0,0,0.0
leu,75,689857,3115,1200,564,1,0.92118,0.88314,2,1,1,"0,0,605,564;587,0,606,564",2,0,0.0,0,0.0,2,0,2,"8,12,595,542;612,8,581,548",2,0,0.0,94,0.00038
leu,75,689875,3133,1200,589,1,0.9136,0.85835,2,1,1,"19,0,592,577;600,0,600,589",2,0,0.0,0,0.0,2,0,2,"605,9,586,571;9,13,585,564",2,0,0.0,0,0.0
leu,75,689894,3152,1200,587,0,0.96123,0.99853,2,0,2,"608,16,577,556;16,19,576,552",2,0,0.0,0,0.0,2,0,2,"608,16,577,556;16,19,576,552",2,0,0.0,0,0.0
leu,75,689913,3171,1200,600,1,0.94329,0.82291,2,1,1,"32,3,582,582;601,0,592,575",2,0,0.0,0,0.0,2,0,2,"9,11,587,580;618,31,552,552",2,0,0.0,0,0.0
leu,75,689932,3190,1195,600,0,0.94131,0.99146,2,0,2,"597,15,588,572;10,11,575,579",2,0,0.0,0,0.0,2,0,2,"597,15,588,572;10,11,575,579",2,0,0.0,0,0.0
leu,75,689950,3208,1200,567,1,0.98111,0.8246,2,1,1,"0,0,566,566;581,0,574,567",2,0,0.0,0,0.0,2,0,2,"591,27,601,520;8,15,572,544",2,0,0.0,0,0.0
leu,75,689969,3227,1200,526,1,0.97053,0.80349,2,1,1,"19,0,550,526;618,0,564,526",2,0,0.0,0,0.0,2,0,2,"9,10,586,507;605,9,587,508",2,0,0.0,0,0.0
leu,75,689988,3246,1131,600,1,0.91567,0.87743,2,1,1,"0,0,584,596;539,28,592,572",2,0,0.0,0,0.0,2,0,2,"563,13,560,573;8,9,545,583",2,0,0.0,6251,0.02523
leu,75,690007,3265,1200,546,1,0.89686,0.84561,2,1,1,"0,0,570,546;620,0,580,546",2,0,0.0,0,0.0,2,0,2,"605,14,587,522;8,16,587,522",2,0,0.0,0,0.0
leu,75,690026,3284,1200,574,0,0.95028,1.0,2,1,1,"8,0,626,574;565,0,598,574",2,0,0.0,0,0.0,2,1,1,"8,0,626,574;565,0,598,574",2,0,0.0,0,0.0
leu,75,690044,3302,1078,600,0,0.93588,0.99527,2,0,2,"548,14,515,573;15,17,514,569",2,0,0.0,3628,0.01579,2,0,2,"548,14,515,573;15,17,514,569",2,0,0.0,3613,0.01581
leu,75,690063,3321,1200,538,1,0.9213,0.82785,2,1,1,"3,0,578,538;620,0,578,538",2,0,0.0,0,0.0,2,0,2,"605,10,587,520;7,19,589,509",2,0,0.0,0,0.0
leu,75,690082,3340,1200,578,1,0.96109,0.84773,2,1,1,"0,0,567,578;612,0,588,578",2,0,0.0,0,0.0,2,0,2,"8,11,586,559;603,20,589,544",2,0,0.0,0,0.0
leu,75,690101,3359,1193,600,0,0.94385,1.0,2,1,1,"0,0,625,600;574,0,619,600",2,0,0.0,0,0.0,2,1,1,"0,0,625,600;574,0,619,600",2,0,0.0,0,0.0
leu,75,690119,3377,1200,569,1,0.93518,0.80361,2,1,1,"58,4,572,565;608,0,592,569",2,0,0.0,0,0.0,2,0,3,"9,17,587,544;605,21,587,536",2,0,0.0,39,0.00016
leu,75,690138,3396,1200,576,0,0.96956,1.0,2,1,1,"12,0,596,576;583,0,596,576",2,0,0.0,0,0.0,2,1,1,"12,0,596,576;583,0,596,576",2,0,0.0,0,0.0
leu,75,690158,3416,1200,550,1,0.96282,0.90858,2,0,2,"7,15,585,524;599,11,594,533",2,0,0.0,0,0.0,2,0,2,"599,11,594,533;33,22,520,520",2,0,0.0,0,0.0
leu,75,690177,3435,1200,583,1,0.9336,0.94797,2,1,1,"0,0,625,583;583,0,617,583",2,0,0.0,0,0.0,2,0,2,"602,14,590,559;9,24,584,550",2,0,0.0,0,0.0
leu,75,690195,3453,1200,590,1,0.90899,0.90666,2,1,1,"0,0,626,590;590,0,610,590",2,0,0.0,0,0.0,2,0,2,"8,15,589,565;608,10,583,572",2,0,0.0,0,0.0
leu,75,690214,3472,1200,589,1,0.91111,0.93987,2,1,1,"0,0,616,589;565,0,635,589",2,0,0.0,0,0.0,2,0,2,"602,12,590,568;8,11,585,570",2,0,0.0,0,0.0
leu,75,690233,3491,1200,589,0,0.95995,1.0,2,1,1,"0,0,634,589;597,0,603,589",2,0,0.0,0,0.0,2,1,1,"0,0,634,589;597,0,603,589",2,0,0.0,0,0.0
leu,75,690252,3510,1188,600,0,0.94041,0.99945,2,0,2,"9,12,584,579;603,15,577,572",2,0,0.0,0,0.0,2,0,2,"9,12,584,579;603,15,577,572",2,0,0.0,0,0.0
leu,75,690271,3529,1199,573,1,0.95302,0.77195,2,1,1,"0,0,602,573;580,34,538,538",2,0,0.0,0,0.0,2,0,2,"602,10,588,554;9,14,584,546",2,0,0.0,0,0.0
leu,75,690290,3548,1182,600,1,0.92021,0.95091,2,1,1,"0,0,620,600;567,0,615,600",2,0,0.0,0,0.0,2,0,2,"595,10,579,581;9,11,576,579",2,0,0.0,449,0.00172
leu,75,690309,3567,1150,600,1,0.95635,0.85351,2,1,1,"0,3,602,597;576,7,574,590",2,0,0.0,0,0.0,2,0,2,"580,11,564,583;6,15,566,571",2,0,0.0,1359,0.0054
leu,75,690328,3586,1200,593,1,0.94327,0.9953,3,0,3,"603,19,586,567;23,-20,557,555;330,539,41,41",6,0,0.0,0,0.0,3,0,3,"603,19,586,567;24,-21,555,554;331,540,40,40",6,0,0.0,0,0.0
leu,75,690346,3604,1105,600,1,0.94906,0.77771,2,1,1,"0,63,510,528;575,46,530,532",2,0,0.0,0,0.0,2,0,2,"567,48,528,528;20,63,518,519",2,0,0.0,0,0.0
leu,75,690365,3623,1200,582,1,0.9281,0.99542,2,0,2,"0,12,599,558;606,7,594,575",2,0,0.0,71,0.00027,2,0,3,"6,12,593,558;606,7,588,569",2,0,0.0,71,0.00027
leu,75,690384,3642,1200,586,1,0.94339,0.96783,3,0,5,"41,45,535,535;629,55,527,527;786,28,32,31",6,0,0.0,0,0.0,3,0,6,"41,46,535,535;635,71,512,512;787,29,30,30",6,0,0.0,0,0.0
leu,75,690403,3661,1200,799,1,0.93732,0.97004,3,0,4,"156,31,655,749;767,134,280,280;781,513,205,227",6,2373,0.03861,17462,0.28414,3,0,4,"156,39,655,741;779,140,263,262;781,513,205,227",6,1181,0.02187,13864,0.25676
leu,75,690421,3679,1200,799,0,0.95504,0.88946,2,0,2,"26,41,1117,758;1165,0,35,103",2,0,0.0,0,0.0,2,0,2,"26,41,1117,758;1165,0,35,103",2,0,0.0,0,0.0
leu,75,690440,3698,1200,799,1,0.94156,0.97475,2,0,3,"435,201,564,564;44,317,350,349",2,0,0.0,0,0.0,2,0,4,"434,199,565,565;43,305,354,354",2,0,0.0,0,0.0
leu,75,690459,3717,1200,799,1,0.93543,0.82691,5,0,8,"129,225,621,620;783,177,469,469;640,69,294,294;415,47,174,161;55,62,149,172",20,12848,0.18844,12881,0.18996,5,0,9,"132,225,611,611;787,181,460,460;55,62,149,172;426,56,149,149;229,44,146,146",20,0,0.0,0,0.0
leu,75,690478,3736,1200,799,1,0.98468,0.72607,3,0,4,"105,222,514,514;753,387,353,353;731,113,345,345",6,10518,0.11275,10648,0.11418,5,0,6,"106,220,500,500;679,441,251,286;666,159,248,244;939,439,239,243;923,186,229,227",20,0,0.0,739,0.01653
