house,sale_id,lot_id,lot_number,w,h,blobs_pre_blur,blobs_pre_close,gap_pre_blur,gap_pre_close,circ_pre_close,control.kernel,control.status,control.ndets,control.bboxes,control.hough,control.tcr_triggered,control.tcr_status,control.blobs_post_close,control.gap_post_close,control.seconds,auto.kernel,auto.status,auto.ndets,auto.bboxes,auto.hough,auto.tcr_triggered,auto.tcr_status,auto.blobs_post_close,auto.gap_post_close,auto.seconds,auto.bbox_identical,auto.ndets_delta,control.weld,auto.weld
kuenker,428,735740,1001,1889,1037,4,5,25.0,24.08,0.678|0.376,7,success,3,"957,97,932,933;7,98,927,931;899,-1,89,88",0,0,,3,24.0,0.1831,7,success,3,"957,97,932,933;7,98,927,931;899,-1,89,88",0,0,,3,24.0,0.151,1,0,0,0
kuenker,428,735745,1006,2000,675,5,5,712.0,711.12,0.574|0.258,7,success,4,"1350,39,650,636;0,38,644,637;661,179,676,347;945,0,109,89",0,0,,4,707.0,0.0926,7,success,4,"1350,39,650,636;0,38,644,637;661,179,676,347;945,0,109,89",0,0,,4,707.0,0.1181,1,0,0,0
kuenker,428,735751,1012,2000,1076,8,6,43.93,44.01,0.209|0.569,7,success,3,"7,89,979,977;1013,88,978,981;943,0,111,91",0,0,,3,28.0,0.216,7,success,3,"7,89,979,977;1013,88,978,981;943,0,111,91",0,0,,3,28.0,0.2428,1,0,0,0
kuenker,428,735757,1018,2000,1058,4,4,17.0,17.12,0.586|0.476,7,success,3,"1009,66,991,981;3,66,990,982;954,-1,91,90",0,0,,3,17.12,0.177,7,success,3,"1009,66,991,981;3,66,990,982;954,-1,91,90",0,0,,3,17.12,0.1752,1,0,0,0
kuenker,428,735763,1024,1389,791,4,7,25.0,26.17,0.216|0.221,7,success,3,"8,97,657,687;690,110,692,660;660,-2,67,66",0,0,,3,26.0,0.1077,7,success,3,"8,97,657,687;690,110,692,660;660,-2,67,66",0,0,,3,26.0,0.1045,1,0,0,0
kuenker,428,735769,1030,2000,547,6,6,496.0,495.0,0.819|0.746,7,success,2,"0,49,1499,498;1512,62,488,469",0,0,,3,14.0,40.6711,7,success,2,"0,49,1499,498;1512,62,488,469",0,0,,3,14.0,38.3393,1,0,0,0
kuenker,428,735774,1035,2000,1064,6,5,21.0,22.09,0.36|0.141,7,success,3,"1008,91,987,952;7,78,981,978;945,0,109,89",0,0,,3,22.09,0.1405,7,success,3,"1008,91,987,952;7,78,981,978;945,0,109,89",0,0,,3,22.09,0.1382,1,0,0,0
kuenker,428,735780,1041,2000,1062,6,4,20.0,20.22,0.726|0.257,7,success,3,"1007,74,993,981;0,74,988,978;953,-2,92,91",0,0,,3,20.22,0.1294,7,success,3,"1007,74,993,981;0,74,988,978;953,-2,92,91",0,0,,3,20.22,0.1215,1,0,0,0
kuenker,428,735786,1047,2000,1081,4,4,28.16,27.07,0.797|0.738,7,success,3,"1004,96,989,978;3,96,977,977;946,0,107,87",0,0,,3,27.07,0.1437,7,success,3,"1004,96,989,978;3,96,977,977;946,0,107,87",0,0,,3,27.07,0.1547,1,0,0,0
kuenker,428,735792,1053,1914,1043,4,4,25.0,25.08,0.851|0.853,7,success,3,"969,97,938,938;7,97,938,934;906,0,101,83",0,0,,3,25.08,0.1339,7,success,3,"969,97,938,938;7,97,938,934;906,0,101,83",0,0,,3,25.08,0.1498,1,0,0,0
kuenker,428,735798,1059,2000,1040,7,7,30.0,29.0,0.503|0.893,7,success,3,"1005,62,987,978;0,72,990,968;953,-2,93,92",0,0,,3,16.12,0.1579,7,success,3,"1005,62,987,978;0,72,990,968;953,-2,93,92",0,0,,3,16.12,0.1288,1,0,0,0
kuenker,428,735803,1064,1125,651,5,4,25.96,25.32,0.637|0.376,7,success,3,"573,97,546,549;7,99,542,543;532,-1,56,55",0,0,,3,25.32,0.0555,7,success,3,"573,97,546,549;7,99,542,543;532,-1,56,55",0,0,,3,25.32,0.0479,1,0,0,0
kuenker,428,735809,1070,2000,1052,7,5,59.24,60.17,0.383|0.418,7,success,3,"85,144,838,837;1093,139,821,821;952,-2,94,93",0,0,,3,51.97,138.7258,7,success,3,"85,144,838,837;1093,139,821,821;952,-2,94,93",0,0,,3,51.97,188.1464,1,0,0,0
kuenker,428,735815,1077,2000,1065,8,5,28.0,26.0,0.56|0.47,7,success,3,"0,74,990,991;1010,78,990,980;945,0,108,88",0,0,,3,22.8,0.298,7,success,3,"0,74,990,991;1010,78,990,980;945,0,108,88",0,0,,3,22.8,0.2393,1,0,0,0
kuenker,428,735821,1083,2000,1052,11,9,48.01,51.09,0.268|0.375,7,success,3,"1007,54,986,984;0,77,991,967;945,0,109,89",0,0,,3,17.0,0.2555,7,success,3,"1007,54,986,984;0,77,991,967;945,0,109,89",0,0,,3,17.0,0.2193,1,0,0,0
kuenker,428,735827,1089,2000,1077,6,4,27.17,23.35,0.345|0.428,7,success,3,"9,85,987,985;1018,86,975,982;954,-3,94,93",0,0,,3,23.35,0.358,7,success,3,"9,85,987,985;1018,86,975,982;954,-3,94,93",0,0,,3,23.35,0.367,1,0,0,0
kuenker,428,735832,1094,2000,1052,4,4,17.0,17.03,0.702|0.421,7,success,3,"9,65,986,987;1010,68,983,969;945,0,109,89",0,0,,3,17.03,0.3108,7,success,3,"9,65,986,987;1010,68,983,969;945,0,109,89",0,0,,3,17.03,0.2338,1,0,0,0
kuenker,428,735838,1100,2000,1091,8,8,58.03,59.0,0.513|0.366,7,success,3,"1019,101,973,982;13,102,965,971;944,0,110,90",0,0,,3,42.01,0.4133,7,success,3,"1019,101,973,982;13,102,965,971;944,0,110,90",0,0,,3,42.01,0.2675,1,0,0,0
kuenker,428,735844,1106,2000,1058,4,4,18.0,17.0,0.895|0.862,7,success,3,"1007,68,993,983;0,65,991,993;945,0,109,89",0,0,,3,17.0,0.1987,7,success,3,"1007,68,993,983;0,65,991,993;945,0,109,89",0,0,,3,17.0,0.2197,1,0,0,0
kuenker,428,735850,1112,1193,684,4,4,25.0,25.18,0.805|0.767,7,success,3,"607,96,580,581;7,102,576,572;565,-1,59,58",0,0,,3,25.18,0.0637,7,success,3,"607,96,580,581;7,102,576,572;565,-1,59,58",0,0,,3,25.18,0.062,1,0,0,0
kuenker,428,735856,1118,1814,993,4,4,28.0,28.28,0.544|0.445,7,success,3,"917,98,889,885;0,97,892,888;858,0,97,79",0,0,,3,28.28,0.1557,7,success,3,"917,98,889,885;0,97,892,888;858,0,97,79",0,0,,3,28.28,0.1841,1,0,0,0
kuenker,428,735861,1123,2000,1073,4,4,20.0,20.0,0.616|0.832,7,success,3,"1005,83,995,983;0,79,986,994;953,-4,92,91",0,0,,3,20.0,0.2687,7,success,3,"1005,83,995,983;0,79,986,994;953,-4,92,91",0,0,,3,20.0,0.2463,1,0,0,0
kuenker,428,735867,1129,2000,1073,4,4,19.92,20.0,0.545|0.572,7,success,3,"1011,75,989,991;0,76,992,987;944,0,109,89",0,0,,3,20.0,0.1865,7,success,3,"1011,75,989,991;0,76,992,987;944,0,109,89",0,0,,3,20.0,0.3133,1,0,0,0
kuenker,428,735873,1135,2000,1077,6,5,25.0,25.0,0.375|0.345,7,success,3,"6,79,981,992;1008,80,985,988;944,0,110,90",0,0,,3,25.0,0.2402,7,success,3,"6,79,981,992;1008,80,985,988;944,0,110,90",0,0,,3,25.0,0.1965,1,0,0,0
kuenker,428,735879,1141,2000,1093,4,6,25.0,25.0,0.479|0.107,7,success,3,"1005,94,987,987;7,92,975,993;944,0,110,90",0,0,,3,24.0,0.1889,7,success,3,"1005,94,987,987;7,92,975,993;944,0,110,90",0,0,,3,24.0,0.2093,1,0,0,0
kuenker,428,735885,1147,2000,1051,4,4,20.0,21.0,0.554|0.328,7,success,3,"0,67,995,980;1015,67,985,984;945,0,109,90",0,0,,3,21.0,0.3541,7,success,3,"0,67,995,980;1015,67,985,984;945,0,109,90",0,0,,3,21.0,0.2017,1,0,0,0
kuenker,428,735890,1152,2000,1064,5,4,18.0,16.0,0.214|0.261,7,success,3,"0,65,992,999;1007,68,993,988;945,0,109,89",0,0,,3,16.0,0.2308,7,success,3,"0,65,992,999;1007,68,993,988;945,0,109,89",0,0,,3,16.0,0.228,1,0,0,0
kuenker,428,735896,1158,2000,1050,6,5,38.0,38.0,0.397|0.492,7,success,3,"1011,61,981,989;22,65,965,965;946,0,107,88",0,0,,3,31.78,0.3699,7,success,3,"1011,61,981,989;22,65,965,965;946,0,107,88",0,0,,3,31.78,0.2974,1,0,0,0
kuenker,428,735902,1164,2000,1053,8,4,22.56,25.0,0.849|0.357,7,success,3,"0,60,991,993;1007,63,992,980;945,0,108,88",0,0,,3,18.0,0.2133,7,success,3,"0,60,991,993;1007,63,992,980;945,0,108,88",0,0,,3,18.0,0.1822,1,0,0,0
kuenker,428,735908,1170,2000,1055,4,4,17.0,17.0,0.825|0.633,7,success,3,"0,69,993,979;1009,68,991,987;944,0,110,90",0,0,,3,18.0,0.1955,7,success,3,"0,69,993,979;1009,68,991,987;944,0,110,90",0,0,,3,18.0,0.1742,1,0,0,0
kuenker,428,735914,1176,2000,1061,7,5,23.0,24.52,0.541|0.201,7,success,3,"7,83,988,971;1018,83,975,971;946,0,107,88",0,0,,3,24.52,0.2148,7,success,3,"7,83,988,971;1018,83,975,971;946,0,107,88",0,0,,3,24.52,0.2477,1,0,0,0
kuenker,428,735919,1181,1636,882,5,4,25.02,25.02,0.649|0.135,7,success,3,"827,97,802,778;0,100,804,771;774,0,87,71",0,0,,3,25.02,0.1482,7,success,3,"827,97,802,778;0,100,804,771;774,0,87,71",0,0,,3,25.02,0.1361,1,0,0,0
kuenker,428,735925,1187,2000,1042,4,4,13.0,12.65,0.632|0.47,7,success,3,"0,56,1000,986;1001,49,999,988;944,0,110,90",0,0,,3,2.0,0.1472,7,success,3,"0,56,1000,986;1001,49,999,988;944,0,110,90",0,0,,3,2.0,0.242,1,0,0,0
kuenker,428,735931,1195,2000,787,9,8,594.53,595.41,0.359|0.305,7,success,4,"1323,59,677,724;3,88,726,666;807,184,454,453;944,0,110,90",0,0,,4,595.41,36.7218,7,success,4,"1323,59,677,724;3,88,726,666;807,184,454,453;944,0,110,90",0,0,,4,595.41,37.8028,1,0,0,0
kuenker,428,735937,1201,1939,1025,4,4,26.0,25.0,0.469|0.378,7,success,3,"985,99,947,916;7,99,954,918;915,0,107,87",0,0,,3,25.0,0.3129,7,success,3,"985,99,947,916;7,99,954,918;915,0,107,87",0,0,,3,25.0,0.1579,1,0,0,0
kuenker,428,735943,1207,2000,1052,4,4,17.0,18.0,0.892|0.64,7,success,3,"0,69,992,983;1009,68,991,984;946,0,107,88",0,0,,3,18.0,0.2601,7,success,3,"0,69,992,983;1009,68,991,984;946,0,107,88",0,0,,3,18.0,0.2133,1,0,0,0
kuenker,428,735948,1212,2000,1053,4,4,17.0,17.0,0.899|0.885,7,success,3,"1007,60,993,993;0,61,992,992;954,-1,92,92",0,0,,3,16.0,0.2653,7,success,3,"1007,60,993,993;0,61,992,992;954,-1,92,92",0,0,,3,16.0,0.1779,1,0,0,0
kuenker,428,735954,1218,2000,1060,4,4,18.0,17.12,0.606|0.648,7,success,3,"1008,68,992,992;0,68,992,992;943,0,111,90",0,0,,3,17.0,0.1739,7,success,3,"1008,68,992,992;0,68,992,992;943,0,111,90",0,0,,3,17.0,0.1575,1,0,0,0
kuenker,428,735960,1225,2000,1044,7,8,19.92,20.0,0.725|0.143,7,success,3,"0,65,993,979;1011,65,989,979;945,0,109,89",0,0,,3,20.0,0.1729,7,success,3,"0,65,993,979;1011,65,989,979;945,0,109,89",0,0,,3,20.0,0.1775,1,0,0,0
kuenker,428,735966,1231,2000,1060,4,4,21.0,21.02,0.65|0.501,7,success,3,"1010,74,982,986;9,76,981,984;944,0,110,89",0,0,,3,21.0,0.2324,7,success,3,"1010,74,982,986;9,76,981,984;944,0,110,89",0,0,,3,21.0,0.1689,1,0,0,0
kuenker,428,735972,1237,2000,1084,4,4,29.0,30.0,0.78|0.765,7,success,3,"1011,93,978,982;7,92,976,980;943,0,112,91",0,0,,3,30.0,0.2152,7,success,3,"1011,93,978,982;7,92,976,980;943,0,112,91",0,0,,3,30.0,0.1554,1,0,0,0
kuenker,428,735978,1243,2000,1064,4,4,20.0,20.0,0.88|0.629,7,success,3,"1009,71,991,993;0,71,991,993;953,-2,93,92",0,0,,3,19.0,0.1765,7,success,3,"1009,71,991,993;0,71,991,993;953,-2,93,92",0,0,,3,19.0,0.2181,1,0,0,0
kuenker,428,735983,1248,2000,1065,4,4,18.0,18.0,0.513|0.867,7,success,3,"1007,70,993,995;0,72,990,985;953,0,92,91",0,0,,3,18.0,0.1794,7,success,3,"1007,70,993,995;0,72,990,985;953,0,92,91",0,0,,3,18.0,0.2807,1,0,0,0
kuenker,428,735989,1254,2000,1056,4,6,20.0,17.0,0.529|0.416,7,success,3,"0,62,992,994;1007,62,993,994;952,-2,94,93",0,0,,3,16.12,0.1656,7,success,3,"0,62,992,994;1007,62,993,994;952,-2,94,93",0,0,,3,16.12,0.1721,1,0,0,0
kuenker,428,735995,1260,2000,780,7,6,524.0,515.35,0.42|0.383,7,success,2,"756,39,1236,741;0,40,741,740",0,0,,3,17.12,47.5048,7,success,2,"756,39,1236,741;0,40,741,740",0,0,,3,17.12,48.2237,1,0,0,0
kuenker,428,736001,1266,2000,688,6,5,704.0,703.01,0.761|0.873,7,success,4,"0,40,649,648;1351,40,649,648;663,192,668,335;944,0,111,90",0,0,,4,703.01,0.0904,7,success,4,"0,40,649,648;1351,40,649,648;663,192,668,335;944,0,111,90",0,0,,4,703.01,0.0883,1,0,0,0
kuenker,428,736007,1272,2000,1062,5,4,18.0,18.0,0.683|0.546,7,success,3,"0,63,994,999;1011,63,989,992;951,-3,93,92",0,0,,3,18.0,0.2046,7,success,3,"0,63,994,999;1011,63,989,992;951,-3,93,92",0,0,,3,18.0,0.2408,1,0,0,0
kuenker,428,736012,1277,2000,1088,4,4,22.02,23.0,0.761|0.426,7,success,3,"1009,87,991,1001;0,87,988,997;953,-3,92,91",0,0,,3,23.0,0.2579,7,success,3,"1009,87,991,1001;0,87,988,997;953,-3,92,91",0,0,,3,23.0,0.1501,1,0,0,0
kuenker,428,736018,1283,2000,1057,4,4,17.0,16.0,0.842|0.774,7,success,3,"1007,62,993,995;0,62,992,995;944,0,110,90",0,0,,3,16.0,0.1834,7,success,3,"1007,62,993,995;0,62,992,995;944,0,110,90",0,0,,3,16.0,0.1829,1,0,0,0
kuenker,428,736024,1289,1969,1362,5,4,50.01,23.0,0.292|0.338,7,success,3,"-24,280,1024,1025;970,289,1023,1023;936,-1,93,92",0,0,,3,24.0,313.1741,7,success,3,"-24,280,1024,1025;970,289,1023,1023;936,-1,93,92",0,0,,3,24.0,253.4016,1,0,0,0
kuenker,428,736030,1296,2000,1065,4,4,18.44,19.0,0.846|0.894,7,success,3,"0,73,993,992;1010,74,990,991;946,0,107,87",0,0,,3,19.0,0.2082,7,success,3,"0,73,993,992;1010,74,990,991;946,0,107,87",0,0,,3,19.0,0.1552,1,0,0,0
kuenker,428,736036,1302,2000,1059,4,4,18.0,16.12,0.778|0.831,7,success,3,"1007,62,993,997;0,61,992,998;955,-2,91,90",0,0,,3,16.0,0.1825,7,success,3,"1007,62,993,997;0,61,992,998;955,-2,91,90",0,0,,3,16.0,0.1767,1,0,0,0
kuenker,428,736041,1307,1320,739,5,4,27.66,29.0,0.541|0.361,7,success,3,"670,99,642,633;8,103,635,625;628,-1,62,61",0,0,,3,29.07,0.0732,7,success,3,"670,99,642,633;8,103,635,625;628,-1,62,61",0,0,,3,29.07,0.0832,1,0,0,0
kuenker,428,736047,1313,2000,1054,5,5,25.0,19.7,0.327|0.198,7,success,3,"1007,60,990,986;0,63,990,980;945,0,109,89",0,0,,3,19.0,0.2013,7,success,3,"1007,60,990,986;0,63,990,980;945,0,109,89",0,0,,3,19.0,0.1693,1,0,0,0
kuenker,428,736053,1319,2000,1058,4,4,17.12,17.12,0.763|0.659,7,success,3,"0,69,993,983;1009,68,991,990;953,-1,93,92",0,0,,3,17.12,0.1696,7,success,3,"0,69,993,983;1009,68,991,990;953,-1,93,92",0,0,,3,17.12,0.1748,1,0,0,0
kuenker,428,736059,1325,1981,1077,10,9,42.01,43.29,0.544|0.292,7,success,3,"8,99,974,969;1008,100,966,967;936,0,107,87",0,0,,3,27.0,0.3213,7,success,3,"8,99,974,969;1008,100,966,967;936,0,107,87",0,0,,3,27.0,0.1727,1,0,0,0
kuenker,428,736065,1331,2000,1063,4,4,20.62,20.0,0.748|0.77,7,success,3,"0,79,990,984;1009,80,991,983;953,-3,92,91",0,0,,3,20.02,0.1968,7,success,3,"0,79,990,984;1009,80,991,983;953,-3,92,91",0,0,,3,20.02,0.1749,1,0,0,0
kuenker,428,736070,1336,2000,868,4,4,451.07,451.0,0.821|0.713,7,success,3,"0,74,776,771;1226,76,774,768;656,109,667,667",0,0,,3,451.0,2.8707,7,success,3,"0,74,776,771;1226,76,774,768;656,109,667,667",0,0,,3,451.0,3.1527,1,0,0,0
kuenker,428,736076,1342,2000,1049,4,5,13.0,13.0,0.726|0.602,7,success,2,"0,0,1061,1049;967,22,1033,1027",1,1,split,2,142.95,85.9978,7,success,2,"0,0,1061,1049;967,22,1033,1027",1,1,split,2,142.95,77.6556,1,0,0,0
kuenker,428,736082,1348,2000,1030,4,4,16.76,16.03,0.857|0.141,7,success,3,"1009,59,991,971;8,59,986,962;951,-2,95,93",0,0,,3,16.03,0.1899,7,success,3,"1009,59,991,971;8,59,986,962;951,-2,95,93",0,0,,3,16.03,0.1585,1,0,0,0
kuenker,428,736088,1354,2000,1053,4,4,18.0,17.0,0.892|0.818,7,success,3,"1008,64,992,989;0,66,992,987;945,0,108,88",0,0,,3,17.0,0.148,7,success,3,"1008,64,992,989;0,66,992,987;945,0,108,88",0,0,,3,17.0,0.1404,1,0,0,0
kuenker,428,736094,1360,2000,1064,4,4,21.0,21.59,0.892|0.891,7,success,3,"1008,74,985,990;7,76,981,979;945,0,108,88",0,0,,3,21.59,0.1579,7,success,3,"1008,74,985,990;7,76,981,979;945,0,108,88",0,0,,3,21.59,0.1551,1,0,0,0
kuenker,428,736099,1365,1876,1011,4,4,29.0,29.0,0.785|0.538,7,success,3,"946,97,923,907;9,101,914,899;894,-3,87,86",0,0,,3,29.0,0.1738,7,success,3,"946,97,923,907;9,101,914,899;894,-3,87,86",0,0,,3,29.0,0.1478,1,0,0,0
kuenker,428,736105,1371,2000,1058,4,4,17.0,18.11,0.796|0.788,7,success,3,"1010,67,990,991;0,68,994,983;944,0,111,90",0,0,,3,18.11,0.1857,7,success,3,"1010,67,990,991;0,68,994,983;944,0,111,90",0,0,,3,18.11,0.1778,1,0,0,0
kuenker,428,736111,1377,2000,1065,4,5,58.55,71.34,0.553|0.52,7,success,3,"1017,83,972,969;13,88,949,972;946,0,107,87",0,0,,3,57.01,0.159,7,success,3,"1017,83,972,969;13,88,949,972;946,0,107,87",0,0,,3,57.01,0.1626,1,0,0,0
kuenker,428,736117,1383,2000,1040,4,4,18.0,18.0,0.741|0.458,7,success,3,"0,58,991,973;1008,52,991,988;952,-2,95,93",0,0,,3,18.0,0.1579,7,success,3,"0,58,991,973;1008,52,991,988;952,-2,95,93",0,0,,3,18.0,0.1499,1,0,0,0
kuenker,428,736123,1389,2000,1056,4,4,16.0,16.0,0.78|0.604,7,success,3,"0,56,995,993;1010,56,990,1000;944,0,109,89",0,0,,3,16.0,0.1555,7,success,3,"0,56,995,993;1010,56,990,1000;944,0,109,89",0,0,,3,16.0,0.1956,1,0,0,0
kuenker,428,736128,1394,2000,1054,4,4,17.0,17.0,0.615|0.381,7,success,3,"1005,65,995,989;0,66,990,988;945,0,109,89",0,0,,3,17.0,0.1546,7,success,3,"1005,65,995,989;0,66,990,988;945,0,109,89",0,0,,3,17.0,0.1431,1,0,0,0
kuenker,428,736134,1400,2000,1066,5,4,39.46,33.0,0.369|0.586,7,success,3,"12,65,973,994;1016,74,984,975;953,-2,93,92",0,0,,3,33.0,0.1642,7,success,3,"12,65,973,994;1016,74,984,975;953,-2,93,92",0,0,,3,33.0,0.1827,1,0,0,0
kuenker,428,736140,1406,2000,1042,4,4,22.0,22.0,0.686|0.833,7,success,3,"1013,55,987,987;7,61,985,970;944,0,110,90",0,0,,3,22.0,0.2692,7,success,3,"1013,55,987,987;7,61,985,970;944,0,110,90",0,0,,3,22.0,0.1895,1,0,0,0
kuenker,428,736146,1412,2000,1055,4,4,18.0,18.0,0.626|0.515,7,success,3,"1007,67,993,988;3,67,987,988;945,0,109,89",0,0,,3,18.0,0.1623,7,success,3,"1007,67,993,988;3,67,987,988;945,0,109,89",0,0,,3,18.0,0.192,1,0,0,0
kuenker,428,736152,1418,2000,1057,8,8,44.0,44.0,0.109|0.186,7,success,3,"5,75,985,975;1008,68,987,985;944,0,109,89",0,0,,3,19.0,0.1988,7,success,3,"5,75,985,975;1008,68,987,985;944,0,109,89",0,0,,3,19.0,0.2099,1,0,0,0
kuenker,428,736157,1423,2000,1071,5,5,19.0,19.0,0.2|0.269,7,success,3,"1016,69,984,995;0,79,998,973;946,0,107,88",0,0,,3,19.0,0.2031,7,success,3,"1016,69,984,995;0,79,998,973;946,0,107,88",0,0,,3,19.0,0.1643,1,0,0,0
kuenker,428,736163,1429,2000,1077,4,4,22.0,22.0,0.597|0.463,7,success,3,"0,68,990,1009;1010,70,990,999;945,0,109,89",0,0,,3,22.0,0.1884,7,success,3,"0,68,990,1009;1010,70,990,999;945,0,109,89",0,0,,3,22.0,0.1694,1,0,0,0
kuenker,428,736169,1435,1849,1012,4,4,31.0,31.0,0.772|0.244,7,success,3,"8,100,914,903;946,97,903,908;873,0,102,83",0,0,,3,31.0,0.1505,7,success,3,"8,100,914,903;946,97,903,908;873,0,102,83",0,0,,3,31.0,0.2182,1,0,0,0
kuenker,428,736175,1441,1892,1033,4,4,25.0,25.0,0.672|0.855,7,success,3,"7,99,930,925;960,97,925,933;895,0,101,83",0,0,,3,25.0,0.2168,7,success,3,"7,99,930,925;960,97,925,933;895,0,101,83",0,0,,3,25.0,0.1963,1,0,0,0
kuenker,428,736181,1447,2000,1056,9,7,36.0,38.33,0.697|0.48,7,success,3,"1007,71,993,985;8,67,982,981;945,0,109,89",0,0,,3,18.0,0.1918,7,success,3,"1007,71,993,985;8,67,982,981;945,0,109,89",0,0,,3,18.0,0.1668,1,0,0,0
kuenker,428,736186,1452,2000,1064,4,4,18.0,18.0,0.694|0.531,7,success,3,"0,65,984,999;1000,69,1000,985;955,-2,91,90",0,0,,3,18.0,0.1575,7,success,3,"0,65,984,999;1000,69,1000,985;955,-2,91,90",0,0,,3,18.0,0.1663,1,0,0,0
kuenker,428,736192,1458,2000,1056,4,4,17.0,16.0,0.725|0.648,7,success,3,"1008,61,992,995;0,62,993,994;945,0,109,89",0,0,,3,16.76,0.1615,7,success,3,"1008,61,992,995;0,62,993,994;945,0,109,89",0,0,,3,16.76,0.1481,1,0,0,0
kuenker,428,736198,1464,2000,1064,6,4,25.0,21.0,0.806|0.565,7,success,3,"1010,71,990,993;0,72,991,982;953,-2,92,91",0,0,,3,21.0,0.162,7,success,3,"1010,71,990,993;0,72,991,982;953,-2,92,91",0,0,,3,21.0,0.1808,1,0,0,0
kuenker,428,736204,1470,2000,1071,4,4,19.0,18.0,0.727|0.662,7,success,3,"0,71,981,991;995,68,1005,1003;944,0,110,90",0,0,,3,18.0,0.1799,7,success,3,"0,71,981,991;995,68,1005,1003;944,0,110,90",0,0,,3,18.0,0.1427,1,0,0,0
kuenker,428,736210,1476,2000,1070,4,4,20.0,20.0,0.82|0.71,7,success,3,"1009,77,991,990;0,76,990,987;946,0,107,87",0,0,,3,20.0,0.1812,7,success,3,"1009,77,991,990;0,76,990,987;946,0,107,87",0,0,,3,20.0,0.2119,1,0,0,0
kuenker,428,736216,1482,1899,1034,4,4,27.0,27.0,0.624|0.511,7,success,3,"970,98,921,929;8,110,936,909;906,-3,87,86",0,0,,3,27.0,0.1361,7,success,3,"970,98,921,929;8,110,936,909;906,-3,87,86",0,0,,3,27.0,0.1692,1,0,0,0
kuenker,428,736221,1487,2000,1067,4,4,20.0,20.4,0.821|0.849,7,success,3,"1007,74,993,993;0,77,988,981;953,-1,93,92",0,0,,3,20.4,0.1915,7,success,3,"1007,74,993,993;0,77,988,981;953,-1,93,92",0,0,,3,20.4,0.1978,1,0,0,0
kuenker,428,736227,1493,2000,1037,4,4,18.03,18.44,0.829|0.764,7,success,3,"1016,64,984,973;0,66,1000,966;946,0,107,88",0,0,,3,18.44,0.1873,7,success,3,"1016,64,984,973;0,66,1000,966;946,0,107,88",0,0,,3,18.44,0.1606,1,0,0,0
kuenker,428,736233,1499,2000,1057,4,4,18.0,18.0,0.714|0.609,7,success,3,"0,57,983,1000;997,61,1003,988;945,0,109,89",0,0,,3,18.0,0.1462,7,success,3,"0,57,983,1000;997,61,1003,988;945,0,109,89",0,0,,3,18.0,0.1253,1,0,0,0
kuenker,428,736239,1505,2000,1048,4,4,17.03,17.0,0.536|0.527,7,success,3,"1009,64,991,984;0,64,993,979;945,0,108,88",0,0,,3,17.0,0.1449,7,success,3,"1009,64,991,984;0,64,993,979;945,0,108,88",0,0,,3,17.0,0.1592,1,0,0,0
kuenker,428,736245,1511,2000,1061,4,5,20.22,21.0,0.33|0.329,7,success,3,"1012,63,988,991;0,61,992,996;944,0,110,90",0,0,,3,21.0,0.1532,7,success,3,"1012,63,988,991;0,61,992,996;944,0,110,90",0,0,,3,21.0,0.1639,1,0,0,0
kuenker,428,736250,1516,2000,1057,7,9,29.0,30.07,0.145|0.135,7,success,3,"0,66,992,982;1009,74,968,960;954,-3,93,91",0,0,,5,18.0,0.5301,7,success,3,"0,66,992,982;1009,74,968,960;954,-3,93,91",0,0,,5,18.0,0.7119,1,0,0,0
kuenker,428,736256,1522,2000,697,6,6,704.0,703.21,0.862|0.409,7,success,4,"0,45,649,652;1351,43,649,654;671,197,657,349;953,-3,93,93",0,0,,4,703.21,0.1075,7,success,4,"0,45,649,652;1351,43,649,654;671,197,657,349;953,-3,93,93",0,0,,4,703.21,0.0922,1,0,0,0
kuenker,428,736262,1528,2000,1078,4,4,18.0,18.0,0.809|0.576,7,success,3,"0,68,991,1010;1008,68,992,1010;944,0,110,90",0,0,,3,18.0,0.211,7,success,3,"0,68,991,1010;1008,68,992,1010;944,0,110,90",0,0,,3,18.0,0.2291,1,0,0,0
kuenker,428,736268,1534,2000,1046,4,4,17.26,17.0,0.872|0.893,7,success,3,"1005,67,995,972;0,65,989,981;944,0,110,90",0,0,,3,17.0,0.1937,7,success,3,"1005,67,995,972;0,65,989,981;944,0,110,90",0,0,,3,17.0,0.1868,1,0,0,0
kuenker,428,736274,1540,2000,1058,4,4,16.0,16.0,0.781|0.687,7,success,3,"0,70,994,980;1009,61,991,997;945,0,109,89",0,0,,3,16.0,0.2007,7,success,3,"0,70,994,980;1009,61,991,997;945,0,109,89",0,0,,3,16.0,0.1785,1,0,0,0
kuenker,428,736279,1545,1849,1029,5,4,29.02,29.0,0.698|0.56,7,success,3,"7,98,903,924;938,98,904,923;873,0,102,83",0,0,,3,29.0,0.3245,7,success,3,"7,98,903,924;938,98,904,923;873,0,102,83",0,0,,3,29.0,0.2581,1,0,0,0
kuenker,428,736285,1551,2000,1043,4,5,11.66,12.0,0.827|0.839,7,success,2,"0,0,1005,1043;937,0,1063,1043",1,1,split,2,127.28,89.7637,7,success,2,"0,0,1005,1043;937,0,1063,1043",1,1,split,2,127.28,93.5749,1,0,0,0
kuenker,428,736291,1557,2000,1046,5,5,25.0,26.02,0.174|0.28,7,success,3,"1003,56,997,985;0,50,989,996;953,-4,93,92",0,0,,3,15.03,0.2425,7,success,3,"1003,56,997,985;0,50,989,996;953,-4,93,92",0,0,,3,15.03,0.246,1,0,0,0
kuenker,428,736297,1563,2000,1063,4,4,18.0,17.12,0.737|0.848,7,success,3,"1008,66,992,997;0,66,992,997;944,0,110,90",0,0,,3,17.12,0.2063,7,success,3,"1008,66,992,997;0,66,992,997;944,0,110,90",0,0,,3,17.12,0.195,1,0,0,0
kuenker,428,736303,1569,2000,1068,5,4,24.08,25.96,0.488|0.501,7,success,3,"1010,63,990,997;0,61,992,998;945,0,109,89",0,0,,3,20.0,0.1971,7,success,3,"1010,63,990,997;0,61,992,998;945,0,109,89",0,0,,3,20.0,0.205,1,0,0,0
kuenker,428,736308,1574,2000,696,5,5,703.0,702.02,0.801|0.378,7,success,4,"1348,44,652,652;0,44,647,652;661,196,671,352;953,-3,93,92",0,0,,4,702.0,0.1256,7,success,4,"1348,44,652,652;0,44,647,652;661,196,671,352;953,-3,93,92",0,0,,4,702.0,0.1033,1,0,0,0
kuenker,428,736321,1580,2000,1060,4,4,34.23,35.0,0.74|0.662,7,success,3,"9,62,979,987;1022,60,967,1000;944,0,110,90",0,0,,3,35.0,0.2048,7,success,3,"9,62,979,987;1022,60,967,1000;944,0,110,90",0,0,,3,35.0,0.1882,1,0,0,0
kuenker,428,736334,1586,2000,1052,4,4,16.0,16.0,0.881|0.836,7,success,3,"0,69,995,972;1010,63,990,989;945,0,109,89",0,0,,3,16.0,0.2256,7,success,3,"0,69,995,972;1010,63,990,989;945,0,109,89",0,0,,3,16.0,0.174,1,0,0,0
kuenker,428,736347,1592,2000,1058,4,4,21.0,20.0,0.851|0.763,7,success,3,"0,74,990,984;1008,75,992,976;946,0,107,87",0,0,,3,20.0,0.2069,7,success,3,"0,74,990,984;1008,75,992,976;946,0,107,87",0,0,,3,20.0,0.1821,1,0,0,0
kuenker,428,736360,1598,2000,1055,4,4,16.03,16.49,0.887|0.878,7,success,3,"1006,66,994,984;0,65,991,990;945,0,109,89",0,0,,3,16.49,0.2027,7,success,3,"1006,66,994,984;0,65,991,990;945,0,109,89",0,0,,3,16.49,0.2128,1,0,0,0
kuenker,428,736371,1603,2000,1043,4,4,17.0,17.0,0.804|0.878,7,success,3,"0,65,993,978;1008,65,992,978;945,0,109,89",0,0,,3,17.0,0.1788,7,success,3,"0,65,993,978;1008,65,992,978;945,0,109,89",0,0,,3,17.0,0.2118,1,0,0,0
kuenker,428,736385,1609,2000,1053,4,4,17.0,17.0,0.791|0.776,7,success,3,"1009,67,991,986;0,69,993,977;945,0,108,89",0,0,,3,17.0,0.1734,7,success,3,"1009,67,991,986;0,69,993,977;945,0,108,89",0,0,,3,17.0,0.1869,1,0,0,0
kuenker,428,736398,1615,2000,1056,4,5,22.0,22.09,0.267|0.178,7,success,3,"1017,69,976,987;0,66,996,974;953,-2,92,91",0,0,,3,22.09,0.1924,7,success,3,"1017,69,976,987;0,66,996,974;953,-2,92,91",0,0,,3,22.09,0.2022,1,0,0,0
kuenker,428,736412,1621,2000,1058,4,4,19.03,20.0,0.711|0.309,7,success,3,"0,77,992,981;1010,73,990,985;946,0,107,87",0,0,,3,20.0,0.1954,7,success,3,"0,77,992,981;1010,73,990,985;946,0,107,87",0,0,,3,20.0,0.1999,1,0,0,0
kuenker,428,736425,1627,2000,1057,4,4,19.0,17.0,0.679|0.571,7,success,3,"1008,66,992,984;0,65,992,985;952,-2,94,93",0,0,,3,17.46,0.3058,7,success,3,"1008,66,992,984;0,65,992,985;952,-2,94,93",0,0,,3,17.46,0.2111,1,0,0,0
kuenker,428,736436,1632,2000,1067,4,4,22.02,22.0,0.754|0.755,7,success,3,"0,84,991,976;1011,83,989,979;945,0,109,89",0,0,,3,22.0,0.258,7,success,3,"0,84,991,976;1011,83,989,979;945,0,109,89",0,0,,3,22.0,0.2032,1,0,0,0
kuenker,428,736449,1638,2000,1078,4,4,22.0,22.02,0.855|0.833,7,success,3,"0,88,991,983;1012,88,988,990;944,0,110,90",0,0,,3,22.0,0.212,7,success,3,"0,88,991,983;1012,88,988,990;944,0,110,90",0,0,,3,22.0,0.1723,1,0,0,0
kuenker,428,736462,1644,2000,1053,10,5,18.0,18.0,0.139|0.167,7,success,3,"1010,68,990,985;0,71,993,974;945,0,108,88",0,0,,3,18.44,0.2236,7,success,3,"1010,68,990,985;0,71,993,974;945,0,108,88",0,0,,3,18.44,0.1703,1,0,0,0
kuenker,428,736476,1650,2000,1057,6,5,17.72,18.0,0.322|0.452,7,success,3,"0,61,995,996;1011,64,989,981;945,0,109,89",0,0,,3,18.0,0.1663,7,success,3,"0,61,995,996;1011,64,989,981;945,0,109,89",0,0,,3,18.0,0.2183,1,0,0,0
kuenker,428,736488,1656,1556,865,4,5,29.0,58.0,0.282|0.496,7,success,3,"792,98,757,759;7,97,756,761;734,0,86,71",0,0,,3,30.02,0.2684,7,success,3,"792,98,757,759;7,97,756,761;734,0,86,71",0,0,,3,30.02,0.1958,1,0,0,0
kuenker,428,736500,1661,2000,1085,4,4,23.09,23.02,0.535|0.415,7,success,3,"1013,95,986,985;0,98,991,977;943,0,111,90",0,0,,3,23.02,0.2002,7,success,3,"1013,95,986,985;0,98,991,977;943,0,111,90",0,0,,3,23.02,0.1878,1,0,0,0
kuenker,428,736513,1667,2000,1076,4,4,22.0,22.0,0.876|0.897,7,success,3,"1008,80,992,996;0,82,987,986;944,0,110,90",0,0,,3,22.0,0.2184,7,success,3,"1008,80,992,996;0,82,987,986;944,0,110,90",0,0,,3,22.0,0.1734,1,0,0,0
kuenker,428,736527,1673,2000,1062,4,4,19.0,19.24,0.88|0.877,7,success,3,"1008,71,992,991;0,73,990,981;952,-1,93,92",0,0,,3,19.24,0.1918,7,success,3,"1008,71,992,991;0,73,990,981;952,-1,93,92",0,0,,3,19.24,0.1989,1,0,0,0
kuenker,428,736540,1679,2000,1087,4,5,25.0,24.0,0.684|0.328,7,success,3,"1009,95,984,985;7,98,979,978;952,-2,94,93",0,0,,3,24.19,0.1767,7,success,3,"1009,95,984,985;7,98,979,978;952,-2,94,93",0,0,,3,24.19,0.206,1,0,0,0
kuenker,428,736553,1685,2000,1083,4,4,24.0,24.0,0.677|0.708,7,success,3,"1014,94,986,984;6,96,985,978;944,0,109,90",0,0,,3,24.0,0.1975,7,success,3,"1014,94,986,984;6,96,985,978;944,0,109,90",0,0,,3,24.0,0.2733,1,0,0,0
kuenker,428,736564,1690,2000,1064,4,4,18.0,18.0,0.869|0.847,7,success,3,"0,70,994,994;1011,73,989,984;946,0,107,88",0,0,,3,18.0,0.1829,7,success,3,"0,70,994,994;1011,73,989,984;946,0,107,88",0,0,,3,18.0,0.1585,1,0,0,0
kuenker,428,736578,1696,2000,1061,4,4,18.0,17.0,0.892|0.378,7,success,3,"0,70,992,991;1008,71,992,990;944,0,111,91",0,0,,3,17.0,0.2293,7,success,3,"0,70,992,991;1008,71,992,990;944,0,111,91",0,0,,3,17.0,0.2223,1,0,0,0
kuenker,428,736591,1702,2000,1069,11,4,21.0,21.0,0.88|0.896,7,success,3,"1008,80,992,989;0,81,989,981;944,0,109,89",0,0,,3,21.0,0.2014,7,success,3,"1008,80,992,989;0,81,989,981;944,0,109,89",0,0,,3,21.0,0.177,1,0,0,0
kuenker,428,736604,1708,2000,1060,4,4,19.0,18.0,0.826|0.757,7,success,3,"1008,70,992,990;0,71,991,989;953,-2,92,91",0,0,,3,18.0,0.2148,7,success,3,"1008,70,992,990;0,71,991,989;953,-2,92,91",0,0,,3,18.0,0.2184,1,0,0,0
kuenker,428,736618,1714,2000,1064,4,4,18.0,18.0,0.886|0.894,7,success,3,"0,70,994,994;1011,70,989,989;945,0,108,88",0,0,,3,18.0,0.1641,7,success,3,"0,70,994,994;1011,70,989,989;945,0,108,88",0,0,,3,18.0,0.1412,1,0,0,0
kuenker,428,736631,1720,2000,1092,4,4,23.0,23.0,0.703|0.412,7,success,3,"1011,94,989,993;0,94,989,990;944,0,110,90",0,0,,3,23.0,0.2731,7,success,3,"1011,94,989,993;0,94,989,990;944,0,110,90",0,0,,3,23.0,0.1672,1,0,0,0
kuenker,428,736642,1725,2000,1062,4,4,19.24,19.03,0.807|0.786,7,success,3,"0,70,990,992;1008,71,992,991;955,-1,91,90",0,0,,3,19.03,0.1999,7,success,3,"0,70,990,992;1008,71,992,991;955,-1,91,90",0,0,,3,19.03,0.2079,1,0,0,0
kuenker,428,736656,1731,2000,1084,4,4,24.0,24.0,0.749|0.605,7,success,3,"1012,95,982,983;7,95,982,982;952,-2,94,94",0,0,,3,24.33,0.1927,7,success,3,"1012,95,982,983;7,95,982,982;952,-2,94,94",0,0,,3,24.33,0.2154,1,0,0,0
kuenker,428,736669,1737,2000,1063,4,4,19.0,19.0,0.897|0.897,7,success,3,"0,71,991,992;1009,71,991,992;945,0,108,88",0,0,,3,19.0,0.1761,7,success,3,"0,71,991,992;1009,71,991,992;945,0,108,88",0,0,,3,19.0,0.1632,1,0,0,0
kuenker,428,736682,1743,2000,1061,6,5,31.0,30.15,0.202|0.366,7,success,3,"1008,70,992,991;0,84,990,977;945,0,108,88",0,0,,3,19.0,0.1804,7,success,3,"1008,70,992,991;0,84,990,977;945,0,108,88",0,0,,3,19.0,0.2046,1,0,0,0
kuenker,428,736695,1749,2000,1062,4,4,18.0,19.0,0.729|0.644,7,success,3,"1008,71,992,991;0,73,991,989;944,0,111,90",0,0,,3,18.0,0.1736,7,success,3,"1008,71,992,991;0,73,991,989;944,0,111,90",0,0,,3,18.0,0.1988,1,0,0,0
kuenker,428,736706,1754,2000,1084,4,4,24.08,23.77,0.772|0.774,7,success,3,"1012,95,988,989;0,95,990,983;944,0,110,90",0,0,,3,23.77,0.3477,7,success,3,"1012,95,988,989;0,95,990,983;944,0,110,90",0,0,,3,23.77,0.2589,1,0,0,0
kuenker,428,736719,1760,2000,1062,4,4,19.0,19.0,0.814|0.587,7,success,3,"1008,71,992,991;0,70,990,992;946,0,107,88",0,0,,3,19.0,0.2291,7,success,3,"1008,71,992,991;0,70,990,992;946,0,107,88",0,0,,3,19.0,0.1977,1,0,0,0
kuenker,428,736732,1766,2000,1065,4,4,18.0,18.0,0.807|0.836,7,success,3,"1006,70,994,995;0,74,989,983;946,0,107,88",0,0,,3,18.0,0.2151,7,success,3,"1006,70,994,995;0,74,989,983;946,0,107,88",0,0,,3,18.0,0.2135,1,0,0,0
kuenker,428,736745,1772,2000,1072,4,4,21.0,21.0,0.874|0.502,7,success,3,"1008,82,985,986;0,81,988,984;944,0,110,90",0,0,,3,21.0,0.1943,7,success,3,"1008,82,985,986;0,81,988,984;944,0,110,90",0,0,,3,21.0,0.189,1,0,0,0
kuenker,428,736757,1778,2000,1084,4,4,24.02,24.02,0.808|0.801,7,success,3,"1012,95,985,982;7,94,982,983;944,0,110,90",0,0,,3,24.02,0.1819,7,success,3,"1012,95,985,982;7,94,982,983;944,0,110,90",0,0,,3,24.02,0.169,1,0,0,0
kuenker,428,736769,1783,2000,1082,4,4,24.0,24.0,0.719|0.488,7,success,3,"1,97,988,976;1012,97,981,978;944,0,110,90",0,0,,3,24.0,0.2106,7,success,3,"1,97,988,976;1012,97,981,978;944,0,110,90",0,0,,3,24.0,0.2014,1,0,0,0
kuenker,428,736782,1789,2000,1061,4,4,20.1,20.0,0.614|0.552,7,success,3,"1009,70,991,985;0,70,990,986;945,0,108,88",0,0,,3,20.0,0.231,7,success,3,"1009,70,991,985;0,70,990,986;945,0,108,88",0,0,,3,20.0,0.211,1,0,0,0
kuenker,428,736794,1795,2000,1086,5,4,24.0,24.08,0.697|0.516,7,success,3,"1012,96,987,984;7,96,982,983;944,0,110,90",0,0,,3,24.08,0.3066,7,success,3,"1012,96,987,984;7,96,982,983;944,0,110,90",0,0,,3,24.08,0.1996,1,0,0,0
kuenker,428,736808,1801,2000,1087,4,4,24.02,24.0,0.749|0.703,7,success,3,"1013,96,987,983;3,98,987,980;944,0,111,91",0,0,,3,24.0,0.1769,7,success,3,"1013,96,987,983;3,98,987,980;944,0,111,91",0,0,,3,24.0,0.1543,1,0,0,0
kuenker,428,736821,1807,2000,1061,4,4,18.0,17.0,0.802|0.87,7,success,3,"1007,70,993,991;0,70,991,987;952,-2,92,91",0,0,,3,17.0,0.2336,7,success,3,"1007,70,993,991;0,70,991,987;952,-2,92,91",0,0,,3,17.0,0.1808,1,0,0,0
kuenker,428,736831,1812,2000,1082,4,4,24.0,24.0,0.812|0.848,7,success,3,"1011,95,982,980;8,96,980,976;944,0,110,90",0,0,,3,24.0,0.2349,7,success,3,"1011,95,982,980;8,96,980,976;944,0,110,90",0,0,,3,24.0,0.1847,1,0,0,0
kuenker,428,736844,1818,2000,1084,4,4,25.02,24.19,0.678|0.346,7,success,3,"1013,95,987,983;3,97,987,977;943,0,111,90",0,0,,3,24.19,0.17,7,success,3,"1013,95,987,983;3,97,987,977;943,0,111,90",0,0,,3,24.19,0.151,1,0,0,0
kuenker,428,736857,1824,2000,1085,4,4,24.19,24.19,0.764|0.762,7,success,3,"1013,94,987,984;7,96,983,981;952,-2,94,92",0,0,,3,24.19,0.189,7,success,3,"1013,94,987,984;7,96,983,981;952,-2,94,92",0,0,,3,24.19,0.2639,1,0,0,0
kuenker,428,736870,1830,2000,1063,4,4,18.0,18.0,0.581|0.634,7,success,3,"0,71,991,985;1008,77,992,986;945,0,108,88",0,0,,3,19.0,0.2329,7,success,3,"0,71,991,985;1008,77,992,986;945,0,108,88",0,0,,3,19.0,0.2026,1,0,0,0
kuenker,428,736882,1836,2000,1088,5,5,24.0,23.02,0.509|0.288,7,success,3,"1012,96,988,986;1,97,990,983;943,0,111,91",0,0,,3,23.02,0.1862,7,success,3,"1012,96,988,986;1,97,990,983;943,0,111,91",0,0,,3,23.02,0.1311,1,0,0,0
kuenker,428,736893,1841,2000,1082,4,4,25.0,23.19,0.758|0.774,7,success,3,"0,95,990,980;1012,94,985,983;944,0,110,90",0,0,,3,23.19,0.1391,7,success,3,"0,95,990,980;1012,94,985,983;944,0,110,90",0,0,,3,23.19,0.173,1,0,0,0
kuenker,428,736907,1847,2000,1087,5,6,24.02,24.0,0.605|0.686,7,success,3,"7,95,982,984;1012,96,987,984;944,0,111,91",0,0,,3,24.0,0.198,7,success,3,"7,95,982,984;1012,96,987,984;944,0,111,91",0,0,,3,24.0,0.157,1,0,0,0
kuenker,428,736919,1853,2000,1060,6,4,20.0,20.0,0.758|0.582,7,success,3,"0,71,991,989;1010,72,983,981;952,-2,94,93",0,0,,3,20.0,0.211,7,success,3,"0,71,991,989;1010,72,983,981;952,-2,94,93",0,0,,3,20.0,0.2488,1,0,0,0
kuenker,428,736934,1859,2000,1062,4,4,19.0,19.92,0.827|0.865,7,success,3,"1012,69,988,993;0,72,994,982;945,0,109,89",0,0,,3,19.92,0.361,7,success,3,"1012,69,988,993;0,72,994,982;945,0,109,89",0,0,,3,19.92,0.336,1,0,0,0
kuenker,428,736946,1865,2000,1062,4,4,20.0,19.0,0.803|0.71,7,success,3,"1008,70,992,992;0,71,990,991;953,-3,92,91",0,0,,3,19.92,0.2454,7,success,3,"1008,70,992,992;0,71,990,991;953,-3,92,91",0,0,,3,19.92,0.2214,1,0,0,0
kuenker,428,736957,1870,2000,1086,4,4,24.0,24.0,0.871|0.706,7,success,3,"7,96,983,983;1013,94,987,984;944,0,109,90",0,0,,3,24.0,0.1913,7,success,3,"7,96,983,983;1013,94,987,984;944,0,109,90",0,0,,3,24.0,0.1776,1,0,0,0
kuenker,428,736971,1876,2000,1073,4,4,22.0,21.1,0.896|0.47,7,success,3,"0,81,989,992;1009,82,991,984;952,-3,94,93",0,0,,3,21.1,0.1655,7,success,3,"0,81,989,992;1009,82,991,984;952,-3,94,93",0,0,,3,21.1,0.1988,1,0,0,0
kuenker,428,736984,1882,2000,1062,4,4,19.0,19.03,0.862|0.519,7,success,3,"1008,70,992,992;0,71,990,984;946,0,107,88",0,0,,3,19.03,0.2013,7,success,3,"1008,70,992,992;0,71,990,984;946,0,107,88",0,0,,3,19.03,0.2144,1,0,0,0
kuenker,428,736997,1888,2000,1062,6,6,20.0,20.0,0.852|0.788,7,success,3,"1007,70,986,992;7,77,982,978;952,0,95,93",0,0,,3,19.0,0.1781,7,success,3,"1007,70,986,992;7,77,982,978;952,0,95,93",0,0,,3,19.0,0.2328,1,0,0,0
kuenker,428,737010,1894,2000,1083,4,4,27.07,26.0,0.837|0.251,7,success,3,"1013,94,986,984;6,96,984,979;944,0,110,90",0,0,,3,24.19,0.3152,7,success,3,"1013,94,986,984;6,96,984,979;944,0,110,90",0,0,,3,24.19,0.254,1,0,0,0
kuenker,428,737021,1899,2000,1062,4,4,18.25,19.0,0.659|0.489,7,success,3,"0,74,991,988;1008,72,992,990;954,-3,92,90",0,0,,3,19.0,0.1648,7,success,3,"0,74,991,988;1008,72,992,990;954,-3,92,90",0,0,,3,19.0,0.1896,1,0,0,0
kuenker,428,737035,1905,2000,1062,4,4,19.0,19.0,0.872|0.425,7,success,3,"1008,71,992,988;0,71,990,983;944,0,111,90",0,0,,3,19.03,0.2133,7,success,3,"1008,71,992,988;0,71,990,983;944,0,111,90",0,0,,3,19.03,0.1954,1,0,0,0
kuenker,428,737048,1911,2000,1073,4,4,20.0,20.0,0.89|0.863,7,success,3,"7,81,986,992;1012,85,988,980;946,0,107,87",0,0,,3,20.0,0.1609,7,success,3,"7,81,986,992;1012,85,988,980;946,0,107,87",0,0,,3,20.0,0.1571,1,0,0,0
kuenker,428,737062,1917,2000,1062,4,4,18.0,18.0,0.887|0.614,7,success,3,"0,70,992,992;1009,72,991,990;954,-3,91,91",0,0,,3,18.0,0.1571,7,success,3,"0,70,992,992;1009,72,991,990;954,-3,91,91",0,0,,3,18.0,0.179,1,0,0,0
kuenker,428,737074,1923,1642,908,4,4,25.0,23.77,0.542|0.578,7,success,3,"832,98,803,803;7,98,803,801;775,0,92,75",0,0,,3,23.77,0.1146,7,success,3,"832,98,803,803;7,98,803,801;775,0,92,75",0,0,,3,23.77,0.0905,1,0,0,0
kuenker,428,737084,1928,1636,902,4,4,24.0,24.0,0.829|0.822,7,success,3,"829,98,800,797;0,97,806,798;774,0,87,71",0,0,,3,24.0,0.1136,7,success,3,"829,98,800,797;0,97,806,798;774,0,87,71",0,0,,3,24.0,0.2636,1,0,0,0
kuenker,428,737096,1934,1638,904,5,5,26.31,25.0,0.19|0.226,7,success,3,"7,104,799,792;830,102,801,795;779,-1,77,76",0,0,,3,25.02,0.2023,7,success,3,"7,104,799,792;830,102,801,795;779,-1,77,76",0,0,,3,25.02,0.1125,1,0,0,0
kuenker,428,737108,1940,1432,802,6,5,24.19,24.0,0.462|0.193,7,success,3,"9,96,696,699;728,97,701,697;678,0,76,62",0,0,,3,24.0,0.1146,7,success,3,"9,96,696,699;728,97,701,697;678,0,76,62",0,0,,3,24.0,0.0751,1,0,0,0
kuenker,428,737119,1946,1424,798,4,4,25.0,25.0,0.788|0.727,7,success,3,"724,99,700,699;0,99,701,692;675,-1,70,69",0,0,,3,24.0,0.0791,7,success,3,"724,99,700,699;0,99,701,692;675,-1,70,69",0,0,,3,24.0,0.0681,1,0,0,0
kuenker,428,737130,1952,1637,904,4,4,23.0,23.0,0.889|0.761,7,success,3,"830,98,807,806;0,97,808,800;778,-1,77,76",0,0,,3,23.0,0.0972,7,success,3,"830,98,807,806;0,97,808,800;778,-1,77,76",0,0,,3,23.0,0.193,1,0,0,0
kuenker,428,737143,1958,1642,907,6,4,25.0,23.0,0.878|0.705,7,success,3,"6,98,804,802;832,98,802,802;775,0,92,75",0,0,,3,23.0,0.1319,7,success,3,"6,98,804,802;832,98,802,802;775,0,92,75",0,0,,3,23.0,0.2186,1,0,0,0
kuenker,428,737153,1963,1648,908,4,4,25.0,25.0,0.599|0.328,7,success,3,"836,101,812,799;7,102,805,799;778,0,92,75",0,0,,3,25.0,0.0958,7,success,3,"836,101,812,799;7,102,805,799;778,0,92,75",0,0,,3,25.0,0.1301,1,0,0,0
kuenker,428,737165,1969,1644,909,4,4,25.32,24.0,0.35|0.292,7,success,3,"7,99,804,803;834,102,803,800;776,0,92,75",0,0,,3,24.0,0.1126,7,success,3,"7,99,804,803;834,102,803,800;776,0,92,75",0,0,,3,24.0,0.1035,1,0,0,0
kuenker,428,737177,1975,1416,796,7,4,36.06,23.0,0.494|0.322,7,success,3,"719,98,697,689;0,98,697,691;673,-2,69,67",0,0,,3,23.0,0.1556,7,success,3,"719,98,697,689;0,98,697,691;673,-2,69,67",0,0,,3,23.0,0.0884,1,0,0,0
kuenker,428,737188,1981,1644,908,4,4,24.0,25.0,0.706|0.673,7,success,3,"7,99,804,809;834,96,810,805;776,0,92,75",0,0,,3,25.0,0.1826,7,success,3,"7,99,804,809;834,96,810,805;776,0,92,75",0,0,,3,25.0,0.1071,1,0,0,0
kuenker,428,737200,1987,1427,800,11,4,24.0,24.02,0.778|0.511,7,success,3,"7,101,695,692;725,102,695,691;677,-1,68,67",0,0,,3,24.02,0.1591,7,success,3,"7,101,695,692;725,102,695,691;677,-1,68,67",0,0,,3,24.02,0.16,1,0,0,0
kuenker,428,737210,1992,1252,712,5,4,28.0,28.0,0.851|0.638,7,success,3,"638,98,614,607;8,97,607,607;594,-1,61,61",0,0,,3,24.0,0.1204,7,success,3,"638,98,614,607;8,97,607,607;594,-1,61,61",0,0,,3,24.0,0.0753,1,0,0,0
kuenker,428,737221,1998,1256,712,4,4,25.0,26.0,0.7|0.59,7,success,3,"7,96,609,609;640,98,615,614;597,-1,60,60",0,0,,3,25.0,0.063,7,success,3,"7,96,609,609;640,98,615,614;597,-1,60,60",0,0,,3,25.0,0.0746,1,0,0,0
kuenker,428,737234,2004,1638,904,4,4,25.0,25.0,0.711|0.872,7,success,3,"0,96,809,801;833,97,805,800;779,0,76,74",0,0,,3,25.0,0.1018,7,success,3,"0,96,809,801;833,97,805,800;779,0,76,74",0,0,,3,25.0,0.0937,1,0,0,0
kuenker,428,737246,2010,1642,908,5,4,25.08,24.08,0.759|0.494,7,success,3,"832,99,803,802;0,100,809,800;779,-1,82,80",0,0,,3,24.08,0.0916,7,success,3,"832,99,803,802;0,100,809,800;779,-1,82,80",0,0,,3,24.08,0.1171,1,0,0,0
kuenker,428,737257,2016,1426,800,4,4,25.0,25.02,0.477|0.287,7,success,3,"724,96,702,696;0,105,700,687;678,-1,68,67",0,0,,3,25.02,0.094,7,success,3,"724,96,702,696;0,105,700,687;678,-1,68,67",0,0,,3,25.02,0.0887,1,0,0,0
kuenker,428,737267,2021,1423,796,8,4,33.0,30.15,0.223|0.277,7,success,3,"7,96,691,693;722,97,701,693;676,-1,69,68",0,0,,3,25.32,0.1024,7,success,3,"7,96,691,693;722,97,701,693;676,-1,69,68",0,0,,3,25.32,0.0841,1,0,0,0
kuenker,428,737279,2027,1425,798,5,5,25.0,25.0,0.32|0.358,7,success,3,"724,100,694,690;7,99,693,684;674,0,76,62",0,0,,3,25.0,0.0728,7,success,3,"724,100,694,690;7,99,693,684;674,0,76,62",0,0,,3,25.0,0.0888,1,0,0,0
kuenker,428,737291,2033,1663,918,4,4,24.33,25.0,0.811|0.88,7,success,3,"843,97,820,814;6,98,814,811;785,0,92,75",0,0,,3,25.0,0.1012,7,success,3,"843,97,820,814;6,98,814,811;785,0,92,75",0,0,,3,25.0,0.1191,1,0,0,0
kuenker,428,737302,2039,1453,815,5,4,24.0,24.0,0.567|0.897,7,success,3,"739,97,707,711;7,101,709,703;693,-1,66,64",0,0,,3,24.0,0.0711,7,success,3,"739,97,707,711;7,101,709,703;693,-1,66,64",0,0,,3,24.0,0.093,1,0,0,0
kuenker,428,737314,2045,1637,904,4,4,27.02,27.0,0.59|0.587,7,success,3,"0,97,806,799;832,97,805,800;777,-1,78,77",0,0,,3,27.0,0.1508,7,success,3,"0,97,806,799;832,97,805,800;777,-1,78,77",0,0,,3,27.0,0.2415,1,0,0,0
kuenker,428,737324,2050,1425,800,4,4,28.0,26.0,0.697|0.589,7,success,3,"0,96,701,697;726,96,692,696;677,-1,68,68",0,0,,3,26.0,0.1473,7,success,3,"0,96,701,697;726,96,692,696;677,-1,68,68",0,0,,3,26.0,0.0957,1,0,0,0
kuenker,428,737336,2056,1423,798,4,4,26.31,26.0,0.774|0.634,7,success,3,"7,96,693,695;725,97,691,701;677,-2,67,67",0,0,,3,26.0,0.1819,7,success,3,"7,96,693,695;725,97,691,701;677,-2,67,67",0,0,,3,26.0,0.1241,1,0,0,0
kuenker,428,737347,2062,1635,904,5,5,29.41,30.0,0.32|0.237,7,success,3,"5,97,798,800;829,99,799,797;773,0,87,71",0,0,,3,28.07,0.0962,7,success,3,"5,97,798,800;829,99,799,797;773,0,87,71",0,0,,3,28.07,0.1217,1,0,0,0
kuenker,428,737360,2068,1639,904,4,4,26.0,24.0,0.661|0.787,7,success,3,"829,96,803,803;7,97,799,799;778,-2,78,77",0,0,,3,24.0,0.1132,7,success,3,"829,96,803,803;7,97,799,799;778,-2,78,77",0,0,,3,24.0,0.1042,1,0,0,0
kuenker,428,737371,2074,1638,905,4,4,25.0,24.0,0.734|0.76,7,success,3,"7,98,801,799;831,97,800,800;775,0,87,71",0,0,,3,24.0,0.1051,7,success,3,"7,98,801,799;831,97,800,800;775,0,87,71",0,0,,3,24.0,0.1001,1,0,0,0
kuenker,428,737381,2079,1657,923,4,4,24.52,24.0,0.69|0.83,7,success,3,"839,97,811,826;6,97,810,819;782,0,92,75",0,0,,3,24.0,0.0939,7,success,3,"839,97,811,826;6,97,810,819;782,0,92,75",0,0,,3,24.0,0.121,1,0,0,0
kuenker,428,737393,2085,1250,712,4,5,30.0,31.58,0.506|0.572,7,success,3,"637,103,613,602;8,98,600,607;595,-2,59,58",0,0,,3,31.0,0.0626,7,success,3,"637,103,613,602;8,98,600,607;595,-2,59,58",0,0,,3,31.0,0.0546,1,0,0,0
kuenker,428,737405,2091,1422,796,4,4,37.0,28.44,0.674|0.218,7,success,3,"7,98,692,691;723,104,693,692;673,0,76,62",0,0,,3,25.0,0.0771,7,success,3,"7,98,692,691;723,104,693,692;673,0,76,62",0,0,,3,25.0,0.1084,1,0,0,0
kuenker,428,737418,2097,1616,895,5,5,23.0,23.0,0.203|0.344,7,success,3,"818,99,791,796;7,98,789,788;764,0,87,71",0,0,,3,23.0,0.1072,7,success,3,"818,99,791,796;7,98,789,788;764,0,87,71",0,0,,3,23.0,0.1081,1,0,0,0
kuenker,428,737430,2103,1745,964,4,4,25.0,25.0,0.875|0.777,7,success,3,"884,98,853,860;7,97,853,859;823,0,97,79",0,0,,3,25.0,0.1546,7,success,3,"884,98,853,860;7,97,853,859;823,0,97,79",0,0,,3,25.0,0.3194,1,0,0,0
kuenker,428,737440,2108,2000,1065,5,6,20.0,20.0,0.774|0.428,7,success,3,"0,75,990,990;1008,74,992,991;954,-1,92,91",0,0,,3,20.0,0.2456,7,success,3,"0,75,990,990;1008,74,992,991;954,-1,92,91",0,0,,3,20.0,0.2336,1,0,0,0
kuenker,428,737454,2114,2000,1066,4,4,20.0,19.0,0.685|0.837,7,success,3,"0,75,991,991;1009,75,991,991;944,0,109,89",0,0,,3,20.0,0.1645,7,success,3,"0,75,991,991;1009,75,991,991;944,0,109,89",0,0,,3,20.0,0.1335,1,0,0,0
kuenker,428,737467,2120,2000,1083,4,4,23.0,23.0,0.887|0.871,7,success,3,"0,93,990,983;1011,92,989,984;946,0,107,88",0,0,,3,23.0,0.1573,7,success,3,"0,93,990,983;1011,92,989,984;946,0,107,88",0,0,,3,23.0,0.1642,1,0,0,0
kuenker,428,737478,2126,1754,964,4,4,30.27,29.07,0.438|0.556,7,success,3,"892,97,855,860;7,102,857,853;835,-2,84,83",0,0,,3,29.07,0.1306,7,success,3,"892,97,855,860;7,102,857,853;835,-2,84,83",0,0,,3,29.07,0.103,1,0,0,0
kuenker,428,737491,2132,1681,931,5,4,25.0,25.32,0.708|0.502,7,success,3,"0,97,828,827;852,96,829,828;799,-1,81,81",0,0,,3,25.0,0.1,7,success,3,"0,97,828,827;852,96,829,828;799,-1,81,81",0,0,,3,25.0,0.0985,1,0,0,0
kuenker,428,737501,2137,2000,1078,6,8,52.01,48.17,0.401|0.417,7,success,3,"1012,83,975,987;10,89,973,979;944,0,111,90",0,0,,3,32.02,0.2007,7,success,3,"1012,83,975,987;10,89,973,979;944,0,111,90",0,0,,3,32.02,0.2206,1,0,0,0
kuenker,428,737515,2143,2000,1078,5,6,32.0,25.08,0.504|0.591,7,success,3,"7,95,985,975;1016,96,977,973;952,-1,95,94",0,0,,3,25.08,0.1877,7,success,3,"7,95,985,975;1016,96,977,973;952,-1,95,94",0,0,,3,25.08,0.1718,1,0,0,0
kuenker,428,737527,2149,1712,942,4,4,30.41,31.58,0.601|0.573,7,success,3,"869,102,843,829;7,98,832,837;817,-2,79,79",0,0,,3,31.58,0.2356,7,success,3,"869,102,843,829;7,98,832,837;817,-2,79,79",0,0,,3,31.58,0.1242,1,0,0,0
kuenker,428,737539,2155,2000,1088,4,4,23.09,23.09,0.774|0.718,7,success,3,"1012,96,982,987;7,95,983,988;943,0,111,91",0,0,,3,23.09,0.2122,7,success,3,"1012,96,982,987;7,95,983,988;943,0,111,91",0,0,,3,23.09,0.2103,1,0,0,0
kuenker,428,737552,2161,2000,1073,4,4,22.0,21.21,0.892|0.779,7,success,3,"1009,81,991,992;3,85,986,980;944,0,110,90",0,0,,3,21.21,0.1731,7,success,3,"1009,81,991,992;3,85,986,980;944,0,110,90",0,0,,3,21.21,0.1895,1,0,0,0
