house,sale_id,lot_id,lot_number,w,h,blobs_pre_blur,blobs_pre_close,gap_pre_blur,gap_pre_close,circ_pre_close,control.kernel,control.status,control.ndets,control.bboxes,control.hough,control.tcr_triggered,control.tcr_status,control.blobs_post_close,control.gap_post_close,control.seconds,auto.kernel,auto.status,auto.ndets,auto.bboxes,auto.hough,auto.tcr_triggered,auto.tcr_status,auto.blobs_post_close,auto.gap_post_close,auto.seconds,0.0042.kernel,0.0042.status,0.0042.ndets,0.0042.bboxes,0.0042.hough,0.0042.tcr_triggered,0.0042.tcr_status,0.0042.blobs_post_close,0.0042.gap_post_close,0.0042.seconds,auto.bbox_identical,auto.ndets_delta,0.0042.bbox_identical,0.0042.ndets_delta,control.weld,auto.weld,0.0042.weld
leu,75,686743,1,1200,545,5,5,13.0,13.0,0.482|0.138,7,success,2,"7,8,583,529;633,4,538,538",0,0,,2,11.0,7.3979,3,success,2,"634,5,538,538;51,21,509,509",0,0,,4,13.0,12.5207,5,success,2,"7,8,582,529;601,13,592,522",0,0,,2,13.0,0.0391,0,0,0,0,0,0,0
leu,75,686761,19,1110,600,4,4,17.12,17.72,0.101|0.052,7,success,2,"13,17,539,563;568,20,529,568",0,0,,2,17.72,7.765,3,success,2,"13,42,539,538;568,20,529,568",0,0,,4,17.72,15.5392,5,success,3,"568,20,529,568;42,77,502,501;212,17,202,88",0,0,,3,17.72,16.1503,0,0,0,1,0,0,0
leu,75,686780,38,1193,600,2,2,33.0,32.39,0.32|0.205,7,success,2,"608,38,557,532;28,28,549,542",0,0,,2,32.39,0.0457,3,success,2,"608,38,557,532;28,28,549,542",0,0,,2,32.39,0.0584,5,success,2,"608,38,557,532;28,28,549,542",0,0,,2,32.39,0.043,1,0,1,0,0,0,0
leu,75,686799,57,1200,572,3,3,13.93,13.04,0.706|0.083,7,success,2,"8,15,586,549;603,15,589,545",0,0,,2,13.04,0.0285,3,success,2,"8,15,586,549;632,43,521,521",0,0,,2,13.04,6.8114,5,success,2,"8,15,586,549;603,17,589,543",0,0,,2,13.04,0.0551,0,0,0,0,0,0,0
leu,75,686818,76,1159,600,2,2,18.0,17.0,0.604|0.593,7,success,2,"10,38,588,531;612,15,537,575",0,0,,2,17.0,0.0378,3,success,2,"10,38,588,531;612,24,537,566",0,0,,2,17.0,0.0361,5,success,2,"10,38,588,531;612,24,537,566",0,0,,2,17.0,0.0318,0,0,0,0,0,0,0
leu,75,686836,94,1200,594,6,3,12.0,12.0,0.106|0.112,7,success,2,"0,0,587,594;591,0,609,594",1,1,split,1,,37.8825,3,success,2,"9,22,586,557;606,27,584,558",0,0,,2,12.0,0.074,5,success,2,"606,27,584,558;9,22,586,557",0,0,,2,12.0,0.0616,0,0,0,0,0,0,0
leu,75,686855,113,1200,595,2,2,13.0,14.0,0.625|0.476,7,success,2,"606,14,584,572;11,21,582,558",0,0,,2,14.0,0.0364,3,success,2,"606,14,584,572;11,21,582,558",0,0,,2,14.0,0.0438,5,success,2,"606,14,584,572;11,21,582,558",0,0,,2,14.0,0.0395,1,0,1,0,0,0,0
leu,75,686874,132,1200,583,2,2,10.0,10.0,0.438|0.554,7,success,2,"0,0,616,583;587,0,613,583",1,1,split,1,,42.6295,3,success,2,"604,13,591,561;6,9,591,567",0,0,,2,10.0,0.0403,5,success,2,"604,13,591,561;6,9,591,567",0,0,,2,10.0,0.0413,0,0,0,0,1,0,0
leu,75,686893,151,1177,600,3,4,9.0,9.0,0.592|0.146,7,success,2,"0,15,577,585;565,0,612,600",1,1,split,1,,50.3606,3,success,2,"588,8,583,586;18,19,563,563",0,0,,2,9.0,10.042,5,success,2,"585,8,586,586;6,21,577,566",0,0,,2,3.0,0.0366,0,0,0,0,0,0,0
leu,75,686911,169,1168,600,6,5,9.22,10.0,0.764|0.018,7,success,2,"0,1,555,588;554,0,614,600",1,1,split,1,,43.3941,3,success,2,"6,17,569,567;583,7,579,587",0,0,,2,10.0,0.0357,5,success,2,"583,6,579,588;6,17,569,567",0,0,,2,10.0,0.0246,0,0,0,0,0,0,0
leu,75,686930,188,1200,579,3,2,12.17,12.65,0.439|0.143,7,success,2,"0,0,617,579;600,0,600,579",1,1,split,1,,41.4998,3,success,2,"607,25,584,545;26,15,537,537",0,0,,2,12.65,7.4361,5,success,2,"607,25,584,545;9,24,587,541",0,0,,2,12.65,0.0964,0,0,0,0,1,0,0
leu,75,686949,207,1200,544,2,2,15.0,15.0,0.533|0.583,7,success,2,"604,22,586,511;11,14,580,517",0,0,,2,15.0,0.0389,3,success,2,"604,22,586,511;29,6,544,544",0,0,,2,15.0,23.8573,5,success,2,"604,22,586,511;11,14,580,517",0,0,,2,15.0,0.0362,0,0,1,0,0,0,0
leu,75,686968,226,1200,592,2,2,13.0,13.0,0.529|0.559,7,success,2,"0,0,578,592;604,0,596,592",1,1,split,1,,57.3599,3,success,2,"10,18,585,562;607,17,584,566",0,0,,2,13.0,0.043,5,success,2,"607,17,584,566;10,18,585,562",0,0,,2,13.0,0.0378,0,0,0,0,1,0,0
leu,75,686986,244,1200,596,2,2,14.0,14.0,0.362|0.267,7,success,2,"9,11,581,575;602,21,589,555",0,0,,2,14.0,0.0412,3,success,2,"9,11,581,575;602,21,589,555",0,0,,2,14.0,0.0578,5,success,2,"9,11,581,575;602,21,589,555",0,0,,2,14.0,0.0352,1,0,1,0,0,0,0
leu,75,687005,263,1200,597,2,2,11.0,11.0,0.828|0.347,7,success,2,"0,0,602,597;571,0,616,587",1,1,split,1,,52.1257,3,success,2,"598,16,595,574;8,9,581,578",0,0,,2,11.0,0.0331,5,success,2,"598,13,595,577;8,9,581,578",0,0,,2,11.0,0.0367,0,0,0,0,1,0,0
leu,75,687024,282,1200,593,2,2,10.0,11.0,0.779|0.195,7,success,2,"0,0,565,569;592,0,608,593",1,1,split,1,,52.4474,3,success,2,"606,12,587,574;8,20,589,555",0,0,,2,11.0,0.0413,5,success,2,"606,12,587,574;8,20,589,555",0,0,,2,11.0,0.0353,0,0,0,0,1,0,0
leu,75,687043,301,1200,589,2,2,11.0,11.0,0.582|0.717,7,success,2,"0,0,605,589;577,0,623,589",1,1,split,1,,53.0725,3,success,2,"608,11,585,571;8,17,591,556",0,0,,2,11.0,0.0311,5,success,2,"608,8,585,574;8,17,591,556",0,0,,2,11.05,0.0301,0,0,0,0,1,0,0
leu,75,687061,319,1200,584,3,3,11.0,11.0,0.695|0.447,7,success,2,"0,0,614,584;602,0,598,580",1,1,split,1,,53.3232,3,success,2,"603,13,590,565;7,12,588,560",0,0,,2,11.0,0.0363,5,success,2,"603,12,590,566;7,12,588,560",0,0,,2,11.05,0.0411,0,0,0,0,0,0,0
leu,75,687080,338,1200,579,2,2,10.0,10.0,0.723|0.128,7,success,2,"0,0,575,579;615,0,585,579",1,1,split,1,,48.7335,3,success,2,"601,9,592,563;9,15,583,548",0,0,,2,10.0,0.0496,5,success,2,"601,9,592,563;9,15,583,548",0,0,,2,10.05,0.0288,0,0,0,0,1,0,0
leu,75,687099,357,1187,600,3,2,10.77,11.18,0.826|0.492,7,success,2,"0,0,625,600;577,0,610,600",1,1,split,1,,50.5859,3,success,2,"593,20,587,574;8,21,577,565",0,0,,2,11.18,0.0464,5,success,2,"590,20,590,574;8,21,581,565",0,0,,2,2.0,0.0314,0,0,0,0,1,0,0
leu,75,687118,376,1196,600,4,5,10.0,10.0,0.635|0.359,7,success,2,"0,0,601,600;588,0,608,600",1,1,split,1,,51.9645,3,success,2,"606,9,583,584;8,12,589,575",0,0,,2,10.0,0.035,5,success,2,"8,12,589,575;606,9,583,584",0,0,,2,10.0,0.0347,0,0,0,0,0,0,0
leu,75,687136,394,1200,588,2,2,9.0,9.0,0.781|0.435,7,success,2,"0,0,586,588;576,0,624,588",1,1,split,1,,49.8882,3,success,2,"600,18,594,564;9,17,583,557",0,0,,2,9.0,0.028,5,success,2,"0,0,586,588;576,0,624,588",1,1,split,1,,45.0936,0,0,1,0,1,0,1
leu,75,687155,413,1200,562,2,2,9.0,8.25,0.592|0.627,7,success,2,"1,0,586,562;634,0,566,562",1,1,split,1,,35.0547,3,success,2,"611,11,584,546;6,9,598,545",0,0,,2,8.25,0.0367,5,success,2,"1,0,586,562;634,0,566,562",1,1,split,1,,34.6516,0,0,1,0,1,0,1
leu,75,687174,432,1197,600,6,3,14.0,15.0,0.382|0.396,7,success,2,"13,24,585,558;612,15,570,572",0,0,,2,15.0,0.0358,3,success,2,"13,24,585,558;612,15,570,572",0,0,,2,15.0,0.0376,5,success,2,"13,24,585,558;612,15,570,572",0,0,,2,15.0,0.0395,1,0,1,0,0,0,0
leu,75,687193,451,1116,600,2,2,12.0,14.0,0.191|0.138,7,success,2,"9,12,546,580;566,12,541,579",0,0,,2,14.0,0.0286,3,success,2,"9,12,546,580;566,13,541,578",0,0,,2,14.0,0.0367,5,success,2,"9,12,546,580;566,13,541,578",0,0,,2,14.0,0.0368,0,0,0,0,0,0,0
leu,75,687212,470,1198,600,4,3,19.65,19.42,0.212|0.174,7,success,2,"8,32,591,538;615,17,572,575",0,0,,2,19.42,0.0591,3,success,2,"32,53,535,535;640,72,515,516",0,0,,3,19.42,18.8398,5,success,2,"615,17,572,575;8,32,591,538",0,0,,2,19.42,0.0617,0,0,0,0,0,0,0
leu,75,687230,488,1200,600,2,3,14.0,14.0,0.29|0.137,7,success,2,"9,10,581,582;600,31,593,554",0,0,,2,14.0,0.0476,3,success,2,"600,31,593,554;20,36,539,539",0,0,,2,14.0,13.7001,5,success,2,"9,10,581,582;600,31,593,554",0,0,,2,14.0,0.0419,0,0,1,0,0,0,0
leu,75,687249,507,1200,597,3,2,19.0,19.03,0.798|0.193,7,success,2,"15,21,594,556;627,24,558,557",0,0,,2,19.03,0.0382,3,success,2,"15,21,594,556;627,24,558,557",0,0,,2,19.03,0.0494,5,success,2,"15,21,594,556;627,24,558,557",0,0,,2,19.03,0.0334,1,0,1,0,0,0,0
leu,75,687268,526,1186,600,5,4,10.44,12.0,0.239|0.127,7,success,2,"0,0,578,569;607,0,579,596",1,1,split,1,,46.5385,3,success,2,"9,22,578,570;619,61,524,525",0,0,,3,12.0,8.1124,5,success,2,"9,22,578,570;598,25,580,553",0,0,,2,12.0,0.1328,0,0,0,0,0,0,0
leu,75,687287,545,1200,590,2,2,23.19,16.49,0.29|0.23,7,success,2,"605,11,586,569;10,13,581,564",0,0,,2,16.49,0.0321,3,success,2,"605,11,586,569;10,13,581,564",0,0,,2,16.49,0.0355,5,success,2,"605,11,586,569;10,13,581,564",0,0,,2,16.49,0.0461,1,0,1,0,0,0,0
leu,75,687305,563,1200,467,4,2,13.0,13.93,0.037|0.051,7,success,1,"12,13,1178,444",0,0,,1,,44.7208,3,success,2,"606,15,584,442;78,-5,437,436",0,0,,2,13.0,10.8395,5,success,2,"606,13,584,444;12,19,582,435",0,0,,2,13.93,12.3933,0,1,0,1,1,0,0
leu,75,687324,582,1081,600,2,3,14.0,14.0,0.575|0.33,7,success,2,"10,10,523,580;521,35,524,523",0,0,,3,14.0,6.6484,3,success,2,"10,10,523,580;524,40,521,521",0,0,,3,14.0,6.299,5,success,2,"10,10,523,580;521,36,521,522",0,0,,3,14.0,6.7258,0,0,0,0,0,0,0
leu,75,687343,601,1182,600,2,2,10.0,10.0,0.596|0.753,7,success,2,"3,0,618,598;571,0,611,600",1,1,split,1,,59.3714,3,success,2,"596,7,580,586;7,14,581,572",0,0,,2,10.0,0.0469,5,success,2,"596,7,580,586;7,14,581,572",0,0,,2,10.0,0.0332,0,0,0,0,1,0,0
leu,75,687362,620,1182,600,4,2,29.61,30.59,0.464|0.421,7,success,2,"19,17,555,564;603,27,551,535",0,0,,2,30.59,0.0335,3,success,2,"19,17,555,564;603,27,551,535",0,0,,2,30.59,0.0392,5,success,2,"19,17,555,564;603,27,551,535",0,0,,2,30.59,0.0316,1,0,1,0,0,0,0
leu,75,687380,638,1142,600,2,2,18.0,18.0,0.484|0.296,7,success,2,"588,28,540,549;14,15,557,571",0,0,,2,18.0,0.0299,3,success,2,"588,32,540,545;17,26,531,532",0,0,,2,18.0,7.1633,5,success,2,"588,28,540,549;14,15,557,571",0,0,,2,18.0,0.0319,0,0,1,0,0,0,0
leu,75,687399,657,1134,600,2,2,12.0,13.0,0.819|0.424,7,success,2,"0,5,575,595;557,14,577,586",1,1,split,1,,47.8495,3,success,2,"573,12,550,580;9,21,553,570",0,0,,2,13.0,0.0329,5,success,2,"573,12,550,580;9,21,553,570",0,0,,2,13.0,0.0362,0,0,0,0,1,0,0
leu,75,687418,676,1200,587,3,3,20.0,20.0,0.209|0.306,7,success,2,"15,23,582,549;613,31,571,538",0,0,,2,20.0,0.0357,3,success,2,"18,16,562,562;624,24,548,548",0,0,,3,20.0,20.0533,5,success,2,"15,23,582,549;625,27,545,545",0,0,,2,20.0,10.0307,0,0,0,0,0,0,0
leu,75,687437,695,1200,581,2,2,17.03,18.0,0.609|0.656,7,success,2,"599,14,590,556;11,12,575,558",0,0,,2,18.0,0.0386,3,success,2,"599,14,590,556;11,12,575,558",0,0,,2,18.0,0.0348,5,success,2,"599,14,590,556;11,12,575,558",0,0,,2,18.0,0.038,1,0,1,0,0,0,0
leu,75,687455,713,1109,600,7,3,18.0,19.1,0.605|0.126,7,success,2,"564,10,535,577;15,37,551,551",0,0,,2,19.1,9.8934,3,success,2,"564,10,535,577;34,59,530,530",0,0,,3,19.1,8.9528,5,success,2,"564,10,535,577;30,51,537,537",0,0,,2,19.1,8.9242,0,0,0,0,0,0,0
leu,75,687474,732,1191,600,4,4,10.0,10.0,0.187|0.08,7,success,2,"0,0,629,600;593,0,594,592",1,1,split,1,,57.2289,3,success,2,"8,28,582,564;598,18,585,563",0,0,,3,10.0,0.1081,5,success,3,"8,28,582,564;598,18,585,563;269,10,81,13",0,0,,4,10.0,0.1106,0,0,0,1,0,0,0
leu,75,687493,751,1193,600,4,6,13.0,14.0,0.083|0.018,7,success,2,"13,21,587,567;601,16,581,568",0,0,,2,2.0,0.0671,3,success,2,"35,52,532,532;640,43,506,506",0,0,,5,14.0,17.2761,5,success,2,"606,16,576,568;34,48,535,535",0,0,,3,13.0,9.2819,0,0,0,0,0,0,0
leu,75,687512,770,1107,600,3,4,9.0,9.0,0.599|0.065,7,success,2,"0,0,572,562;527,0,580,578",1,1,split,1,,42.9376,3,success,2,"6,10,543,581;557,7,544,587",0,0,,2,9.0,0.0861,5,success,2,"0,0,572,562;527,0,580,578",1,1,split,1,,42.822,0,0,1,0,0,0,0
leu,75,687530,788,1175,600,3,2,13.34,14.0,0.414|0.626,7,success,2,"9,15,583,571;604,10,562,581",0,0,,2,14.0,0.0389,3,success,2,"10,19,571,572;605,25,569,569",0,0,,2,14.0,22.1652,5,success,2,"9,19,572,572;604,10,562,581",0,0,,2,14.0,12.6199,0,0,0,0,0,0,0
leu,75,687549,807,1200,590,2,2,9.0,9.0,0.8|0.862,7,success,2,"0,0,586,590;563,0,636,590",1,1,split,1,,51.1148,3,success,2,"603,10,591,574;6,15,590,564",0,0,,2,9.0,0.0346,5,success,2,"0,0,586,590;563,0,636,590",1,1,split,1,,47.8781,0,0,1,0,1,0,1
leu,75,687568,826,1200,576,2,2,11.0,11.0,0.678|0.264,7,success,2,"23,0,596,576;597,0,600,576",1,1,split,1,,43.4392,3,success,2,"603,14,590,556;7,11,587,554",0,0,,2,11.0,0.034,5,success,2,"603,14,590,556;7,11,587,554",0,0,,2,11.0,0.0357,0,0,0,0,1,0,0
leu,75,687587,845,1200,585,2,2,9.0,9.0,0.61|0.595,7,success,2,"0,0,589,585;614,0,586,585",1,1,split,1,,130.6648,3,success,2,"6,14,596,557;610,7,583,572",0,0,,2,9.0,0.0308,5,success,2,"0,0,589,585;614,0,586,585",1,1,split,1,,125.6731,0,0,1,0,1,0,1
leu,75,687605,863,1175,600,2,2,9.0,9.0,0.66|0.66,7,success,2,"0,13,577,587;561,0,614,600",1,1,split,1,,49.5991,3,success,2,"584,9,585,585;6,8,571,586",0,0,,2,9.0,0.04,5,success,2,"0,13,577,587;561,0,614,600",1,1,split,1,,50.7216,0,0,1,0,1,0,1
leu,75,687624,882,1200,583,2,2,10.0,10.0,0.783|0.387,7,success,2,"8,0,622,583;575,0,625,583",1,1,split,1,,52.746,3,success,2,"6,8,584,569;599,7,595,570",0,0,,2,10.0,0.0411,5,success,2,"6,8,584,569;599,7,595,570",0,0,,2,10.0,0.0351,0,0,0,0,1,0,0
leu,75,687643,901,1200,539,2,2,28.0,29.0,0.615|0.373,7,success,2,"610,26,571,492;19,26,565,495",0,0,,2,29.0,0.0346,3,success,2,"610,26,571,492;41,21,522,522",0,0,,2,29.0,8.6998,5,success,2,"610,26,571,492;41,18,523,524",0,0,,2,29.0,7.6822,0,0,0,0,0,0,0
leu,75,687662,920,1180,600,3,3,19.0,19.1,0.27|0.109,7,success,2,"599,23,565,561;16,15,565,567",0,0,,2,19.1,0.0318,3,success,2,"16,15,565,567;599,28,565,556",0,0,,3,19.1,0.0334,5,success,2,"599,28,565,556;16,15,565,567",0,0,,2,19.1,0.0417,0,0,0,0,0,0,0
leu,75,687681,939,1189,600,2,2,9.0,9.0,0.607|0.634,7,success,2,"0,0,595,597;581,0,608,600",1,1,split,1,,139.5765,3,success,2,"5,10,583,584;596,19,583,576",0,0,,2,9.0,0.0398,5,success,2,"5,10,586,584;593,9,586,586",0,0,,2,3.0,0.0383,0,0,0,0,1,0,0
leu,75,687699,957,1200,585,2,2,12.0,12.0,0.594|0.692,7,success,2,"0,0,574,585;586,0,614,585",1,1,split,1,,44.4568,3,success,2,"600,14,592,564;8,10,583,567",0,0,,2,12.0,0.0375,5,success,2,"600,14,592,564;8,10,583,567",0,0,,2,12.0,0.0357,0,0,0,0,1,0,0
leu,75,687718,976,1186,600,3,3,22.02,22.8,0.638|0.364,7,success,2,"595,8,583,585;19,22,556,562",0,0,,2,21.0,0.041,3,success,2,"595,15,583,578;19,22,556,562",0,0,,2,21.0,0.0412,5,success,2,"595,15,583,578;19,22,556,562",0,0,,2,21.0,0.0381,0,0,0,0,0,0,0
leu,75,687737,995,1047,600,4,5,17.0,18.25,0.347|0.161,7,success,2,"14,17,484,569;512,45,517,517",0,0,,2,18.0,9.1505,3,success,2,"509,43,518,518;10,46,511,511",0,0,,3,18.25,18.1068,5,success,2,"2,41,520,519;507,43,519,518",0,0,,2,18.0,16.4258,0,0,0,0,0,0,0
leu,75,687756,1014,1197,600,2,3,22.02,21.0,0.173|0.19,7,success,2,"608,19,572,564;19,28,569,551",0,0,,2,21.0,0.0425,3,success,2,"608,37,572,546;40,41,526,527",0,0,,2,21.0,9.9562,5,success,2,"608,22,572,561;19,28,569,551",0,0,,2,21.0,0.0378,0,0,0,0,0,0,0
leu,75,687774,1032,1200,593,2,2,15.0,15.0,0.726|0.473,7,success,2,"12,14,579,566;604,17,586,566",0,0,,2,15.0,0.0351,3,success,2,"12,14,579,566;604,17,586,566",0,0,,2,15.0,0.0308,5,success,2,"12,14,579,566;604,17,586,566",0,0,,2,15.0,0.031,1,0,1,0,0,0,0
leu,75,687793,1051,1200,576,2,2,12.0,12.04,0.426|0.257,7,success,2,"0,17,549,559;618,0,582,576",1,1,split,1,,48.8921,3,success,2,"608,8,584,555;9,24,588,540",0,0,,2,12.04,0.0438,5,success,2,"608,8,584,557;9,14,588,550",0,0,,2,13.0,0.0472,0,0,0,0,1,0,0
leu,75,687812,1070,1200,587,2,2,11.4,10.77,0.633|0.399,7,success,2,"0,0,606,587;594,0,606,587",1,1,split,1,,55.8179,3,success,2,"607,9,586,571;7,18,593,562",0,0,,2,10.77,0.0404,5,success,2,"607,9,586,571;7,18,593,562",0,0,,2,10.77,0.0357,0,0,0,0,1,0,0
leu,75,687831,1089,1200,593,2,2,11.0,11.0,0.814|0.493,7,success,2,"0,0,622,593;586,0,614,593",1,1,split,1,,46.1032,3,success,2,"602,14,590,568;8,11,585,574",0,0,,2,11.0,0.0331,5,success,2,"602,14,590,568;8,11,585,574",0,0,,2,11.0,0.0279,0,0,0,0,1,0,0
leu,75,687849,1107,1199,600,2,3,7.07,8.0,0.696|0.55,7,success,2,"0,0,617,600;573,0,626,600",1,1,split,1,,46.6074,3,success,2,"5,7,593,588;605,11,589,581",0,0,,2,8.0,0.0417,5,success,2,"0,0,617,600;573,0,626,600",1,1,split,1,,45.7708,0,0,1,0,0,0,0
leu,75,687868,1126,1200,567,3,2,14.56,14.0,0.543|0.356,7,success,2,"611,18,581,537;9,11,589,548",0,0,,2,14.0,0.0358,3,success,2,"611,22,581,533;9,11,589,548",0,0,,2,14.0,0.0482,5,success,2,"611,19,581,536;9,11,589,548",0,0,,2,14.0,0.0355,0,0,0,0,0,0,0
leu,75,687887,1145,1200,580,2,2,10.0,10.0,0.786|0.78,7,success,2,"7,0,624,580;584,0,614,580",1,1,split,1,,123.5436,3,success,2,"7,9,587,564;603,14,590,558",0,0,,2,10.0,0.0393,5,success,2,"7,9,587,564;603,14,590,558",0,0,,2,10.0,0.0395,0,0,0,0,1,0,0
leu,75,687906,1164,1200,555,2,3,13.0,13.0,0.435|0.471,7,success,2,"0,0,603,555;594,0,606,555",1,1,split,1,,40.9334,3,success,2,"609,20,581,525;11,13,586,530",0,0,,2,13.0,0.0516,5,success,2,"609,12,581,533;11,13,586,530",0,0,,2,13.0,0.0482,0,0,0,0,0,0,0
leu,75,687924,1182,1157,600,2,2,10.0,11.0,0.352|0.353,7,success,2,"0,0,594,600;586,0,571,583",1,1,split,1,,58.639,3,success,2,"583,11,566,582;7,17,566,569",0,0,,2,11.0,0.0508,5,success,2,"583,10,566,583;7,17,566,569",0,0,,2,11.0,0.034,0,0,0,0,1,0,0
leu,75,687943,1201,1200,595,2,2,13.0,13.0,0.672|0.232,7,success,2,"602,13,588,570;11,12,587,572",0,0,,2,5.1,0.0372,3,success,2,"606,14,584,569;11,12,583,572",0,0,,2,13.0,0.0353,5,success,2,"606,13,584,570;11,12,583,572",0,0,,2,13.0,0.0353,0,0,0,0,0,0,0
leu,75,687962,1220,1200,571,2,2,11.7,11.18,0.652|0.3,7,success,2,"0,0,589,571;566,0,604,571",1,1,split,1,,46.5508,3,success,2,"7,14,586,550;601,18,593,544",0,0,,2,11.18,0.0316,5,success,2,"7,14,586,550;601,18,593,544",0,0,,2,11.18,0.0304,0,0,0,0,1,0,0
leu,75,687981,1239,1200,581,3,2,9.0,9.0,0.553|0.472,7,success,2,"17,0,596,581;598,0,602,581",1,1,split,1,,47.1673,3,success,2,"7,10,583,564;597,25,597,533",0,0,,2,9.0,0.0604,5,success,2,"17,0,596,581;598,0,602,581",1,1,split,1,,48.1118,0,0,1,0,1,0,1
leu,75,687999,1257,1200,579,2,2,10.0,10.0,0.724|0.514,7,success,2,"0,3,554,576;600,0,582,572",1,1,split,1,,51.0282,3,success,2,"7,11,592,561;608,13,585,557",0,0,,2,10.0,0.0462,5,success,2,"7,9,592,563;608,13,585,557",0,0,,2,10.0,0.0371,0,0,0,0,1,0,0
leu,75,688018,1276,1200,581,3,4,10.05,10.0,0.601|0.616,7,success,2,"6,0,618,581;567,0,633,581",1,1,split,1,,119.9961,3,success,2,"604,10,589,564;7,13,588,555",0,0,,2,10.0,0.0519,5,success,2,"604,10,589,564;7,13,588,555",0,0,,2,10.0,0.0347,0,0,0,0,0,0,0
leu,75,688037,1295,1200,564,3,2,8.0,7.0,0.566|0.353,7,success,2,"0,0,598,564;608,0,592,564",1,1,split,1,,45.5081,3,success,2,"20,6,555,556;627,12,553,553",0,0,,2,7.0,17.6698,5,success,2,"0,0,598,564;608,0,592,564",1,1,split,1,,42.1691,0,0,1,0,1,0,1
leu,75,688056,1314,1200,584,2,2,9.0,8.0,0.637|0.569,7,success,2,"0,0,576,576;625,0,575,571",1,1,split,1,,50.0175,3,success,2,"604,7,590,571;6,11,591,565",0,0,,2,8.0,0.0302,5,success,2,"0,0,576,576;625,0,575,571",1,1,split,1,,126.9141,0,0,1,0,1,0,1
leu,75,688074,1332,1200,540,3,2,11.18,11.0,0.459|0.411,7,success,2,"0,0,570,540;634,0,566,540",1,1,split,1,,94.7786,3,success,2,"612,7,581,526;6,16,597,512",0,0,,2,11.0,18.829,5,success,2,"612,7,581,526;6,16,597,512",0,0,,2,11.0,0.0306,0,0,0,0,1,0,0
leu,75,688093,1351,1197,600,2,2,10.0,9.22,0.47|0.527,7,success,2,"20,29,590,571;589,0,608,598",1,1,split,1,,53.7206,3,success,2,"598,14,592,579;7,23,583,561",0,0,,2,9.22,0.0614,5,success,2,"598,14,592,579;7,17,583,567",0,0,,2,9.22,0.0468,0,0,0,0,1,0,0
leu,75,688112,1370,1162,600,2,2,10.0,11.0,0.604|0.776,7,success,2,"0,0,603,600;598,36,564,564",1,1,split,1,,51.9932,3,success,2,"8,10,572,581;590,8,565,585",0,0,,2,11.0,0.0283,5,success,2,"8,10,572,581;590,8,565,585",0,0,,2,11.0,0.0303,0,0,0,0,1,0,0
leu,75,688131,1389,1200,551,3,3,11.0,11.0,0.62|0.497,7,success,2,"46,0,568,538;625,0,562,546",1,1,split,1,,45.5135,3,success,2,"605,8,588,536;7,10,589,533",0,0,,2,11.0,0.0368,5,success,2,"605,8,588,536;7,10,589,533",0,0,,2,11.0,0.0323,0,0,0,0,0,0,0
leu,75,688150,1408,1200,559,2,2,10.0,10.0,0.443|0.552,7,success,2,"17,0,600,559;561,0,604,559",1,1,split,1,,42.5717,3,success,2,"601,12,592,540;7,9,586,542",0,0,,2,10.0,0.0434,5,success,2,"601,12,592,540;7,9,586,542",0,0,,2,10.0,0.0336,0,0,0,0,1,0,0
leu,75,688168,1426,1200,564,3,3,10.77,10.0,0.518|0.521,7,success,2,"5,0,588,559;637,0,563,559",1,1,split,1,,39.7375,3,success,2,"27,6,549,548;604,13,590,544",0,0,,2,10.0,10.5249,5,success,2,"604,13,590,544;7,9,589,547",0,0,,2,10.0,0.0255,0,0,0,0,0,0,0
leu,75,688187,1445,1200,548,2,2,10.0,11.0,0.434|0.344,7,success,2,"26,0,600,548;595,0,578,548",1,1,split,1,,96.7442,3,success,2,"7,13,592,528;608,8,585,533",0,0,,2,11.0,0.0405,5,success,2,"608,8,585,533;7,13,592,528",0,0,,2,10.0,0.0301,0,0,0,0,1,0,0
leu,75,688206,1464,1200,559,2,2,9.85,9.06,0.51|0.571,7,success,2,"0,0,591,559;638,0,562,559",1,1,split,1,,99.7877,3,success,2,"603,14,590,538;7,17,588,533",0,0,,2,9.06,0.0274,5,success,2,"603,13,590,539;7,14,588,536",0,0,,2,9.06,0.0277,0,0,0,0,1,0,0
leu,75,688225,1483,1159,600,2,2,10.2,12.0,0.395|0.378,7,success,2,"0,0,611,597;576,7,583,593",1,1,split,1,,54.6517,3,success,2,"598,10,554,584;7,26,581,557",0,0,,2,12.0,0.0504,5,success,2,"598,10,554,584;7,22,581,561",0,0,,2,12.0,0.0562,0,0,0,0,1,0,0
leu,75,688243,1501,1200,568,2,2,9.0,9.0,0.586|0.558,7,success,2,"0,0,602,568;583,0,617,568",1,1,split,1,,45.6637,3,success,2,"598,10,595,551;7,11,583,547",0,0,,2,9.0,0.0502,5,success,2,"0,0,602,568;583,0,617,568",1,1,split,1,,44.4539,0,0,1,0,1,0,1
leu,75,688262,1520,1200,556,2,2,10.0,9.49,0.505|0.444,7,success,2,"0,0,607,556;588,0,612,556",1,1,split,1,,104.4589,3,success,2,"7,15,589,534;604,23,590,525",0,0,,3,9.49,0.0991,5,success,2,"7,15,591,534;603,11,591,537",0,0,,2,6.0,0.0672,0,0,0,0,1,0,0
leu,75,688281,1539,1200,549,2,2,11.0,11.0,0.436|0.31,7,success,2,"74,9,548,540;587,0,548,548",1,1,split,1,,103.5185,3,success,2,"7,12,587,526;622,9,544,544",0,0,,2,11.0,9.782,5,success,2,"7,12,587,526;620,6,547,547",0,0,,2,11.0,11.0427,0,0,0,0,1,0,0
leu,75,688300,1558,1200,596,3,2,13.0,14.0,0.347|0.138,7,success,2,"15,0,612,596;587,0,613,596",1,1,split,1,,50.8906,3,success,2,"10,21,591,556;614,10,571,577",0,0,,2,14.0,0.0439,5,success,2,"614,10,574,577;10,21,593,556",0,0,,2,13.0,0.0432,0,0,0,0,1,0,0
leu,75,688318,1576,1200,591,2,2,12.37,13.0,0.2|0.14,7,success,2,"585,16,605,560;10,13,573,568",0,0,,2,3.0,0.0371,3,success,2,"589,16,601,560;9,17,559,559",0,0,,2,13.0,10.1358,5,success,2,"589,16,601,560;7,17,562,562",0,0,,2,13.0,8.9482,0,0,0,0,0,0,0
leu,75,688337,1595,1200,591,2,2,13.0,14.0,0.432|0.274,7,success,2,"9,27,592,538;614,10,576,572",0,0,,2,14.56,0.0415,3,success,2,"9,27,592,538;614,10,576,572",0,0,,2,14.56,0.0481,5,success,2,"9,27,592,538;614,10,576,572",0,0,,2,14.56,0.0402,1,0,1,0,0,0,0
leu,75,688356,1614,1133,600,2,2,13.0,13.0,0.419|0.294,7,success,2,"597,11,527,580;9,40,579,521",0,0,,2,10.0,0.0333,3,success,2,"598,11,526,580;9,40,577,521",0,0,,2,13.04,0.034,5,success,2,"598,11,526,580;9,40,577,521",0,0,,2,13.15,0.0323,0,0,0,0,0,0,0
leu,75,688375,1633,1138,600,2,2,17.0,17.0,0.565|0.49,7,success,2,"14,22,562,556;592,14,533,574",0,0,,2,17.0,0.0272,3,success,2,"14,22,562,556;592,17,533,571",0,0,,2,17.0,0.034,5,success,2,"14,22,562,556;592,17,533,571",0,0,,2,17.0,0.0307,0,0,0,0,0,0,0
leu,75,688393,1651,1180,600,2,2,14.56,14.87,0.592|0.551,7,success,2,"602,11,567,579;10,19,580,561",0,0,,2,14.87,0.0284,3,success,2,"602,11,567,579;10,19,580,561",0,0,,2,14.87,0.0279,5,success,2,"602,11,567,579;10,19,580,561",0,0,,2,14.87,0.0277,1,0,1,0,0,0,0
leu,75,688412,1670,1169,600,3,3,12.0,11.7,0.271|0.286,7,success,2,"17,0,602,594;588,0,581,577",1,1,split,1,,47.9971,3,success,2,"594,17,567,575;9,13,575,578",0,0,,3,11.7,0.0785,5,success,2,"594,17,567,575;9,13,575,578",0,0,,2,11.7,0.0496,0,0,0,0,0,0,0
leu,75,688431,1689,1177,600,2,2,14.32,14.14,0.457|0.185,7,success,2,"9,13,576,574;596,11,572,580",0,0,,2,14.14,0.0422,3,success,2,"9,14,576,573;596,11,572,580",0,0,,2,14.14,0.0373,5,success,2,"9,14,576,573;596,11,572,580",0,0,,2,14.14,0.0399,0,0,0,0,0,0,0
leu,75,688450,1708,1180,600,2,2,11.0,11.0,0.719|0.64,7,success,2,"0,0,589,600;576,0,604,599",1,1,split,1,,52.1428,3,success,2,"9,30,597,547;616,12,556,580",0,0,,2,11.0,0.0465,5,success,2,"9,27,597,550;616,11,556,581",0,0,,2,11.0,0.0293,0,0,0,0,1,0,0
leu,75,688468,1726,1116,600,2,2,13.0,13.0,0.474|0.394,7,success,2,"9,10,542,581;555,18,552,564",0,0,,2,5.1,0.0333,3,success,2,"-1,26,556,557;559,18,548,564",0,0,,2,13.0,9.2721,5,success,2,"9,10,539,581;559,18,548,564",0,0,,2,13.0,0.0337,0,0,0,0,0,0,0
leu,75,688487,1745,1186,600,2,3,13.0,13.6,0.279|0.12,7,success,2,"592,11,585,579;9,9,571,582",0,0,,2,13.6,0.0364,3,success,2,"592,11,585,579;9,12,571,579",0,0,,3,13.6,0.0669,5,success,2,"592,11,585,579;9,12,571,579",0,0,,3,13.6,0.0528,0,0,0,0,0,0,0
leu,75,688506,1764,1200,592,2,2,9.85,12.0,0.504|0.578,7,success,2,"1,0,614,592;565,0,635,592",1,1,split,1,,46.6965,3,success,2,"605,7,588,578;6,14,589,567",0,0,,2,12.0,0.061,5,success,2,"605,7,588,578;6,12,589,569",0,0,,2,12.0,0.031,0,0,0,0,1,0,0
leu,75,688525,1783,1124,600,2,2,13.6,12.17,0.619|0.322,7,success,2,"3,8,588,588;545,0,579,585",1,1,split,1,,45.1102,3,success,2,"9,20,556,561;575,10,540,581",0,0,,2,12.17,0.0375,5,success,2,"9,20,556,561;575,10,540,581",0,0,,2,12.17,0.0343,0,0,0,0,1,0,0
leu,75,688543,1801,1166,600,2,2,11.7,11.0,0.65|0.598,7,success,2,"0,0,598,600;571,0,595,591",1,1,split,1,,51.6039,3,success,2,"9,10,569,580;588,11,568,579",0,0,,2,11.0,0.0372,5,success,2,"9,10,569,580;588,11,568,579",0,0,,2,11.0,0.029,0,0,0,0,1,0,0
leu,75,688562,1820,1158,600,2,2,12.0,12.0,0.517|0.728,7,success,2,"9,9,560,582;576,20,573,561",0,0,,2,8.0,0.0297,3,success,2,"9,9,559,582;578,22,571,559",0,0,,2,12.0,0.0293,5,success,2,"9,9,559,582;578,20,571,561",0,0,,2,12.0,0.0264,0,0,0,0,0,0,0
leu,75,688581,1839,1200,565,2,2,13.0,13.0,0.49|0.514,7,success,2,"2,0,620,565;602,0,598,565",1,1,split,1,,115.7785,3,success,2,"609,11,580,544;10,15,587,537",0,0,,2,13.0,0.0494,5,success,2,"609,11,580,544;10,15,587,537",0,0,,2,13.0,0.0497,0,0,0,0,1,0,0
leu,75,688600,1858,1200,584,2,2,12.0,11.0,0.786|0.812,7,success,2,"0,0,562,584;638,0,562,569",1,1,split,1,,44.1555,3,success,2,"606,13,585,562;9,20,587,547",0,0,,2,11.0,0.0361,5,success,2,"606,13,585,562;9,20,587,547",0,0,,2,11.0,0.0389,0,0,0,0,1,0,0
leu,75,688619,1877,1200,591,2,2,12.0,13.0,0.356|0.479,7,success,2,"30,0,600,591;577,0,614,591",1,1,split,1,,46.1976,3,success,2,"10,16,585,563;606,18,585,564",0,0,,2,13.0,0.0467,5,success,2,"10,16,585,563;606,18,585,564",0,0,,2,13.0,0.0468,0,0,0,0,1,0,0
leu,75,688637,1895,1200,569,3,3,17.0,17.0,0.456|0.181,7,success,2,"11,11,582,548;607,19,583,537",0,0,,2,17.0,0.0491,3,success,2,"11,11,582,548;624,21,537,537",0,0,,3,17.0,8.3864,5,success,2,"11,11,582,548;607,19,583,537",0,0,,3,17.0,0.0712,0,0,1,0,0,0,0
leu,75,688656,1914,1185,600,2,2,14.0,14.0,0.667|0.56,7,success,2,"601,19,575,572;10,14,580,576",0,0,,2,14.0,0.0429,3,success,2,"601,19,575,572;10,14,580,576",0,0,,2,14.0,0.0467,5,success,2,"601,19,575,572;10,14,580,576",0,0,,2,14.0,0.035,1,0,1,0,0,0,0
leu,75,688675,1933,1200,556,2,2,9.0,8.0,0.868|0.709,7,success,2,"0,0,576,556;608,0,588,556",1,1,split,1,,113.0518,3,success,2,"602,6,592,544;6,12,590,538",0,0,,2,8.0,0.0379,5,success,2,"0,0,576,556;608,0,588,556",1,1,split,1,,111.072,0,0,1,0,1,0,1
leu,75,688694,1952,1200,585,2,2,13.0,13.0,0.677|0.7,7,success,2,"10,17,581,558;599,28,593,535",0,0,,2,9.06,0.03,3,success,2,"10,17,580,558;601,28,591,535",0,0,,2,13.0,0.0304,5,success,2,"10,17,580,558;601,28,591,535",0,0,,2,13.0,0.0346,0,0,0,0,0,0,0
leu,75,688712,1970,1188,600,2,2,13.0,14.32,0.677|0.59,7,success,2,"8,13,589,578;602,18,577,568",0,0,,2,6.0,0.0316,3,success,2,"8,13,585,578;605,18,574,568",0,0,,2,13.0,0.0306,5,success,2,"8,13,585,578;605,18,574,568",0,0,,2,13.0,0.0342,0,0,0,0,0,0,0
leu,75,688731,1989,1191,600,3,2,13.0,14.0,0.648|0.2,7,success,2,"11,18,578,572;601,20,581,561",0,0,,2,14.32,0.0294,3,success,2,"11,18,578,572;601,20,581,561",0,0,,2,14.0,0.0331,5,success,2,"11,18,578,572;601,20,581,561",0,0,,2,14.32,0.0298,1,0,1,0,0,0,0
leu,75,688750,2008,1200,582,2,2,13.04,13.0,0.824|0.886,7,success,2,"0,0,598,582;569,0,590,578",1,1,split,1,,42.7115,3,success,2,"605,20,586,544;9,13,586,560",0,0,,2,13.0,0.0337,5,success,2,"605,20,586,544;9,13,586,560",0,0,,2,13.0,0.0347,0,0,0,0,1,0,0
leu,75,688769,2027,1200,599,2,2,13.0,13.0,0.566|0.566,7,success,2,"10,16,589,574;601,16,589,570",0,0,,2,3.0,0.0325,3,success,2,"10,16,584,574;606,19,584,567",0,0,,2,13.0,0.042,5,success,2,"10,16,584,574;606,16,584,570",0,0,,2,13.0,0.0349,0,0,0,0,0,0,0
leu,75,688787,2045,1200,559,4,2,11.05,11.7,0.653|0.448,7,success,2,"17,0,582,559;616,0,584,559",1,1,split,1,,110.6082,3,success,2,"599,6,593,548;7,13,582,538",0,0,,2,11.7,0.034,5,success,2,"599,6,593,548;7,13,582,538",0,0,,2,11.7,0.034,0,0,0,0,1,0,0
leu,75,688806,2064,1197,600,2,2,13.0,14.0,0.701|0.689,7,success,2,"0,0,615,600;634,14,563,586",1,1,split,1,,50.9189,3,success,2,"10,11,583,580;605,25,582,553",0,0,,2,14.0,0.0276,5,success,2,"10,11,583,580;605,25,582,553",0,0,,2,14.0,0.0276,0,0,0,0,1,0,0
leu,75,688825,2083,1129,600,3,3,11.0,11.0,0.417|0.667,7,success,2,"0,0,581,598;540,0,589,587",1,1,split,1,,48.4926,3,success,2,"571,10,549,581;9,13,552,577",0,0,,2,11.7,0.0322,5,success,2,"571,10,549,581;9,13,552,577",0,0,,2,11.7,0.0261,0,0,0,0,0,0,0
leu,75,688844,2102,1172,600,2,2,12.0,12.0,0.535|0.535,7,success,2,"0,0,612,600;572,0,600,600",1,1,split,1,,48.7064,3,success,2,"9,11,577,579;596,17,568,567",0,0,,2,12.0,0.0578,5,success,2,"9,11,577,579;596,17,568,567",0,0,,2,12.0,0.038,0,0,0,0,1,0,0
leu,75,688862,2120,1199,590,11,6,144.84,11.0,0.166|0.013,7,success,2,"0,0,611,590;577,0,622,590",1,1,split,1,,36.8843,3,success,2,"632,7,557,558;9,22,584,559",0,0,,6,11.0,2.6881,5,success,2,"9,22,584,559;632,7,557,558",0,0,,3,11.0,2.582,0,0,0,0,0,0,0
leu,75,688881,2139,1198,600,2,2,13.0,13.15,0.447|0.182,7,success,2,"0,22,587,578;594,0,604,600",1,1,split,1,,52.3203,3,success,2,"602,11,588,580;9,15,582,576",0,0,,2,13.0,0.0445,5,success,2,"602,11,588,580;9,15,582,576",0,0,,2,13.0,0.0418,0,0,0,0,1,0,0
leu,75,688900,2158,1195,600,2,2,12.04,12.17,0.613|0.592,7,success,2,"3,0,608,589;579,0,616,600",1,1,split,1,,49.8748,3,success,2,"9,12,582,579;602,15,584,572",0,0,,2,12.17,0.0506,5,success,2,"9,12,582,579;602,15,584,572",0,0,,2,12.17,0.0423,0,0,0,0,1,0,0
leu,75,688919,2177,1200,573,2,2,14.56,14.56,0.503|0.475,7,success,2,"9,15,587,546;608,18,582,545",0,0,,2,14.56,0.035,3,success,2,"9,15,587,546;608,18,582,545",0,0,,2,14.56,0.0414,5,success,2,"608,18,582,545;9,15,587,546",0,0,,2,14.56,0.0398,1,0,0,0,0,0,0
leu,75,688937,2195,1152,600,3,2,12.0,12.0,0.241|0.368,7,success,2,"0,0,592,600;588,2,564,588",1,1,split,1,,54.9021,3,success,2,"580,14,563,577;10,18,559,565",0,0,,2,12.0,0.0487,5,success,2,"580,14,563,577;10,18,559,565",0,0,,2,12.0,0.0456,0,0,0,0,1,0,0
leu,75,688956,2214,1200,597,2,2,12.0,13.0,0.631|0.352,7,success,2,"0,0,590,597;587,0,613,597",1,1,split,1,,54.2428,3,success,2,"607,27,582,560;11,25,584,558",0,0,,2,13.0,0.0581,5,success,2,"607,27,582,560;11,24,584,559",0,0,,2,13.0,0.0351,0,0,0,0,1,0,0
leu,75,688975,2233,1200,573,2,2,12.0,12.0,0.375|0.483,7,success,2,"9,0,602,573;617,0,583,573",1,1,split,1,,115.2814,3,success,2,"607,16,584,548;10,15,586,544",0,0,,2,12.0,0.0665,5,success,2,"607,16,584,548;10,15,586,544",0,0,,2,12.0,0.0441,0,0,0,0,1,0,0
leu,75,688994,2252,1200,577,2,2,12.0,12.04,0.543|0.411,7,success,2,"3,0,628,577;560,0,638,577",1,1,split,1,,50.1284,3,success,2,"603,18,588,549;9,14,583,553",0,0,,2,12.04,0.0349,5,success,2,"603,18,588,549;9,14,583,553",0,0,,2,12.0,0.0324,0,0,0,0,1,0,0
leu,75,689012,2270,1200,590,3,2,10.0,10.0,0.438|0.37,7,success,2,"39,0,600,590;601,0,599,590",1,1,split,1,,49.4882,3,success,2,"610,18,581,563;31,26,563,563",0,0,,2,10.0,10.3436,5,success,2,"610,18,581,563;9,29,592,550",0,0,,2,10.0,0.0332,0,0,0,0,1,0,0
leu,75,689031,2289,1179,600,2,2,14.04,13.93,0.662|0.467,7,success,2,"4,6,604,594;567,0,600,590",1,1,split,1,,56.7867,3,success,2,"9,17,574,570;593,12,577,579",0,0,,2,13.93,0.0345,5,success,2,"9,17,574,570;593,12,577,579",0,0,,2,13.93,0.0386,0,0,0,0,1,0,0
leu,75,689050,2308,1200,586,3,2,12.04,13.0,0.466|0.331,7,success,2,"598,13,592,561;10,16,586,561",0,0,,2,3.0,0.0505,3,success,2,"603,14,587,560;10,16,582,561",0,0,,2,13.0,0.0509,5,success,2,"603,14,587,560;10,16,582,561",0,0,,2,13.0,0.0453,0,0,0,0,0,0,0
leu,75,689069,2327,1200,592,2,2,15.0,15.03,0.548|0.21,7,success,2,"10,9,579,573;600,18,591,561",0,0,,2,15.03,0.0523,3,success,2,"10,12,579,570;600,18,591,561",0,0,,2,15.03,0.0626,5,success,2,"10,9,579,573;600,18,591,561",0,0,,2,15.03,0.0605,0,0,1,0,0,0,0
leu,75,689088,2346,1200,576,2,2,15.0,17.26,0.313|0.423,7,success,2,"605,10,586,557;10,24,584,537",0,0,,2,14.87,0.0489,3,success,2,"10,24,584,537;608,10,583,557",0,0,,3,17.26,0.0694,5,success,2,"605,10,586,557;10,24,584,537",0,0,,2,14.87,0.053,0,0,1,0,0,0,0
leu,75,689106,2364,1200,592,2,2,13.0,15.0,0.687|0.209,7,success,2,"606,11,584,572;9,14,584,566",0,0,,2,15.0,0.0485,3,success,2,"9,14,584,566;606,11,584,572",0,0,,2,15.0,0.0558,5,success,2,"606,11,584,572;9,14,584,566",0,0,,2,15.0,0.0373,0,0,1,0,0,0,0
leu,75,689125,2383,1200,565,3,3,16.0,16.0,0.322|0.186,7,success,2,"607,11,584,544;9,11,587,545",0,0,,2,16.0,0.0344,3,success,2,"607,11,584,544;9,11,587,545",0,0,,2,16.0,0.0388,5,success,2,"607,11,584,544;9,11,587,545",0,0,,2,16.0,0.046,1,0,1,0,0,0,0
leu,75,689144,2402,1200,588,2,2,12.0,13.0,0.565|0.275,7,success,2,"0,0,593,588;612,0,588,588",1,1,split,1,,53.0189,3,success,2,"609,10,582,569;9,18,588,558",0,0,,2,13.0,0.0373,5,success,2,"609,10,582,569;9,13,588,563",0,0,,2,13.0,0.032,0,0,0,0,1,0,0
leu,75,689163,2421,1200,572,2,2,13.0,13.34,0.338|0.339,7,success,2,"9,12,585,549;603,10,588,553",0,0,,2,10.0,0.0399,3,success,2,"9,12,583,549;604,10,587,553",0,0,,2,13.0,0.0465,5,success,2,"9,12,583,549;604,10,587,553",0,0,,2,13.0,0.0399,0,0,0,0,0,0,0
leu,75,689181,2439,1200,589,2,4,16.0,16.03,0.445|0.166,7,success,2,"11,19,583,559;605,18,585,559",0,0,,2,16.03,0.0344,3,success,2,"11,19,583,559;629,41,559,559",0,0,,2,16.03,12.4617,5,success,2,"11,19,583,559;605,18,585,559",0,0,,2,16.03,0.067,0,0,1,0,0,0,0
leu,75,689200,2458,1142,600,2,2,13.0,13.15,0.591|0.293,7,success,2,"10,16,557,575;579,14,553,574",0,0,,2,13.15,0.0361,3,success,2,"10,16,557,575;579,14,553,574",0,0,,2,13.15,0.0384,5,success,2,"10,16,557,575;579,14,553,574",0,0,,2,13.15,0.0417,1,0,1,0,0,0,0
leu,75,689219,2477,1200,581,3,2,24.6,16.0,0.635|0.183,7,success,2,"9,14,587,554;608,9,583,563",0,0,,2,16.0,0.0302,3,success,2,"9,14,587,554;608,9,583,563",0,0,,2,16.0,0.041,5,success,2,"9,14,587,554;608,9,583,563",0,0,,2,16.0,0.0482,1,0,1,0,0,0,0
leu,75,689238,2496,1178,600,2,2,12.04,11.4,0.56|0.498,7,success,2,"588,9,581,581;9,16,577,569",0,0,,2,3.0,0.035,3,success,2,"9,16,573,569;592,21,577,569",0,0,,2,11.4,0.0447,5,success,2,"592,9,577,581;9,16,573,569",0,0,,2,11.4,0.0425,0,0,0,0,0,0,0
leu,75,689256,2514,1197,600,2,2,12.0,11.0,0.324|0.268,7,success,2,"0,0,595,580;589,0,594,594",1,1,split,1,,54.573,3,success,2,"10,17,586,574;606,21,582,568",0,0,,2,11.0,0.0615,5,success,2,"10,14,586,577;606,16,582,573",0,0,,2,11.0,0.0705,0,0,0,0,1,0,0
leu,75,689275,2533,1181,600,2,2,12.04,12.04,0.479|0.645,7,success,2,"0,0,595,593;567,0,614,600",1,1,split,1,,51.2976,3,success,2,"605,9,567,582;10,14,585,573",0,0,,2,12.0,0.0411,5,success,2,"605,9,567,582;10,14,585,573",0,0,,2,12.0,0.031,0,0,0,0,1,0,0
leu,75,689294,2552,1200,547,2,2,12.37,13.93,0.286|0.371,7,success,2,"600,11,592,528;9,13,581,522",0,0,,2,12.0,0.0258,3,success,2,"600,11,592,528;29,3,548,547",0,0,,2,13.93,21.8117,5,success,2,"600,11,592,528;9,13,581,522",0,0,,2,13.93,10.6382,0,0,1,0,0,0,0
leu,75,689313,2571,1177,600,2,2,11.0,12.0,0.512|0.699,7,success,2,"0,0,616,600;559,12,618,588",1,1,split,1,,54.6512,3,success,2,"594,11,575,582;8,21,575,568",0,0,,2,12.0,0.0419,5,success,2,"594,11,575,582;8,16,575,573",0,0,,2,12.0,0.0389,0,0,0,0,1,0,0
leu,75,689331,2589,1200,591,2,2,13.0,14.0,0.429|0.428,7,success,2,"604,13,587,569;10,19,592,555",0,0,,2,3.0,0.0323,3,success,2,"609,13,582,569;10,19,587,555",0,0,,2,14.0,0.0458,5,success,2,"609,13,582,569;10,19,587,555",0,0,,2,13.0,0.0639,0,0,0,0,0,0,0
leu,75,689350,2608,1200,571,2,2,17.26,17.26,0.565|0.173,7,success,2,"27,19,554,554;632,8,553,553",0,0,,2,17.26,20.3121,3,success,2,"631,7,554,554;30,23,550,550",0,0,,2,17.26,19.8883,5,success,2,"632,8,553,553;28,22,552,551",0,0,,2,17.26,19.7665,0,0,0,0,0,0,0
leu,75,689369,2627,1200,568,4,2,12.65,13.6,0.082|0.079,7,success,2,"9,13,590,544;610,11,581,548",0,0,,2,13.6,0.0265,3,success,2,"9,13,590,544;610,11,581,548",0,0,,2,13.6,0.0374,5,success,2,"9,13,590,544;610,11,581,548",0,0,,2,13.6,0.0498,1,0,1,0,0,0,0
leu,75,689388,2646,1164,600,2,2,13.0,13.0,0.522|0.198,7,success,2,"0,7,592,593;588,20,576,580",1,1,split,1,,50.5028,3,success,2,"608,11,547,580;20,32,557,557",0,0,,2,13.0,10.4705,5,success,2,"608,11,547,580;19,29,560,560",0,0,,2,13.0,12.1853,0,0,0,0,1,0,0
leu,75,689406,2664,1200,585,2,2,16.0,16.76,0.506|0.556,7,success,2,"605,13,586,563;9,15,584,560",0,0,,2,16.76,0.0318,3,success,2,"605,13,586,563;9,15,584,560",0,0,,2,16.76,0.0542,5,success,2,"605,13,586,563;9,15,584,560",0,0,,2,16.76,0.0339,1,0,1,0,0,0,0
leu,75,689425,2683,1200,562,2,2,13.15,13.0,0.296|0.29,7,success,2,"605,10,586,543;9,14,587,538",0,0,,2,10.0,0.0351,3,success,2,"9,16,586,536;606,10,585,543",0,0,,2,13.15,0.0608,5,success,2,"9,14,586,538;606,10,585,543",0,0,,2,13.15,0.0488,0,0,0,0,0,0,0
leu,75,689444,2702,1200,597,3,3,12.0,12.0,0.419|0.479,7,success,2,"0,0,623,597;580,0,620,597",1,1,split,1,,52.6434,3,success,2,"608,10,583,579;9,12,588,574",0,0,,2,12.0,0.0488,5,success,2,"608,10,583,579;9,12,588,574",0,0,,2,12.0,0.0393,0,0,0,0,0,0,0
leu,75,689463,2721,1200,598,2,2,10.0,11.0,0.511|0.339,7,success,2,"0,0,628,598;584,0,616,598",1,1,split,1,,47.4753,3,success,2,"7,11,589,581;606,16,588,571",0,0,,2,11.0,0.0453,5,success,2,"7,11,589,581;606,16,588,571",0,0,,2,11.0,0.0536,0,0,0,0,1,0,0
leu,75,689481,2739,1200,548,2,2,11.0,11.0,0.507|0.275,7,success,2,"0,0,506,520;588,0,600,548",1,1,split,1,,101.0438,3,success,2,"606,10,586,529;8,10,588,529",0,0,,2,11.0,0.0371,5,success,2,"606,10,586,529;8,10,588,529",0,0,,2,11.0,0.0393,0,0,0,0,1,0,0
leu,75,689500,2758,1200,569,3,3,9.0,9.0,0.407|0.629,7,success,2,"0,0,603,569;593,0,604,569",1,1,split,1,,43.9389,3,success,2,"606,10,587,552;7,10,591,551",0,0,,3,9.0,0.0715,5,success,2,"0,0,603,569;593,0,604,569",1,1,split,1,,40.7105,0,0,1,0,0,0,0
leu,75,689519,2777,1158,600,2,2,10.0,9.0,0.668|0.458,7,success,2,"10,3,610,597;576,0,582,580",1,1,split,1,,50.0164,3,success,2,"590,13,560,580;8,18,574,565",0,0,,2,9.0,0.032,5,success,2,"588,13,562,580;8,18,576,565",0,0,,2,5.1,0.0327,0,0,0,0,1,0,0
leu,75,689538,2796,1166,600,2,2,14.0,15.0,0.563|0.374,7,success,2,"592,13,565,577;8,12,571,579",0,0,,2,15.0,0.0327,3,success,2,"8,12,571,579;592,13,565,577",0,0,,2,15.0,0.0357,5,success,2,"592,13,565,577;8,12,571,579",0,0,,2,15.0,0.0313,0,0,1,0,0,0,0
leu,75,689557,2815,1200,564,3,2,11.0,11.0,0.631|0.52,7,success,2,"0,0,602,564;597,0,600,564",1,1,split,1,,109.3524,3,success,2,"604,19,588,537;9,17,586,539",0,0,,2,11.0,0.0266,5,success,2,"9,13,586,543;604,19,588,537",0,0,,2,11.0,0.0274,0,0,0,0,1,0,0
leu,75,689575,2833,1190,600,3,2,12.0,12.0,0.672|0.206,7,success,2,"27,0,600,598;592,0,598,600",1,1,split,1,,46.5287,3,success,2,"9,17,581,573;600,16,581,569",0,0,,2,12.0,0.0405,5,success,2,"9,17,581,573;600,16,581,569",0,0,,2,12.0,0.0421,0,0,0,0,1,0,0
leu,75,689594,2852,1200,584,2,2,12.0,12.0,0.787|0.773,7,success,2,"0,0,600,584;596,0,604,578",1,1,split,1,,47.0032,3,success,2,"612,14,581,563;8,15,593,560",0,0,,2,12.0,0.0368,5,success,2,"612,12,581,565;8,15,593,560",0,0,,2,12.0,0.0374,0,0,0,0,1,0,0
leu,75,689613,2871,1170,600,2,2,13.0,13.34,0.763|0.762,7,success,2,"7,0,608,582;567,0,603,600",1,1,split,1,,52.7014,3,success,2,"593,14,570,577;8,16,573,576",0,0,,2,13.34,0.0331,5,success,2,"593,14,570,577;8,16,573,576",0,0,,2,13.34,0.0318,0,0,0,0,1,0,0
leu,75,689632,2890,1200,578,2,2,13.15,12.0,0.807|0.749,7,success,2,"65,0,552,534;609,0,591,578",1,1,split,1,,38.2827,3,success,2,"606,8,587,564;7,18,589,545",0,0,,2,12.0,0.0364,5,success,2,"606,8,587,564;7,18,589,545",0,0,,2,12.0,0.0284,0,0,0,0,1,0,0
leu,75,689650,2908,1200,552,2,2,12.0,13.0,0.547|0.567,7,success,2,"601,12,590,532;9,13,582,528",0,0,,2,11.05,0.0307,3,success,2,"602,12,589,532;9,13,582,528",0,0,,2,13.0,0.0343,5,success,2,"602,12,589,532;9,13,582,528",0,0,,2,13.0,0.0314,0,0,0,0,0,0,0
leu,75,689669,2927,1161,600,2,2,10.0,10.0,0.754|0.812,7,success,2,"0,0,606,600;537,6,598,594",1,1,split,1,,46.1591,3,success,2,"575,27,578,551;8,14,558,578",0,0,,2,10.0,0.0288,5,success,2,"575,27,578,551;8,14,558,578",0,0,,2,10.0,0.0293,0,0,0,0,1,0,0
leu,75,689688,2946,1200,519,2,2,19.65,19.24,0.498|0.46,7,success,2,"603,11,586,498;9,14,583,494",0,0,,2,19.24,0.0301,3,success,2,"603,11,586,498;9,14,583,494",0,0,,2,19.24,13.3065,5,success,2,"603,11,586,498;9,14,583,494",0,0,,2,19.24,0.0259,1,0,1,0,0,0,0
leu,75,689707,2965,1200,589,2,2,10.0,10.0,0.462|0.351,7,success,2,"2,0,634,589;596,0,604,589",1,1,split,1,,38.7936,3,success,2,"8,11,588,570;604,22,588,559",0,0,,2,10.0,0.0522,5,success,2,"8,11,588,570;604,22,588,559",0,0,,2,10.0,0.0549,0,0,0,0,1,0,0
leu,75,689725,2983,1200,566,10,2,11.0,10.0,0.738|0.645,7,success,2,"0,0,607,566;576,0,610,566",1,1,split,1,,37.4779,3,success,2,"8,11,588,546;605,13,588,544",0,0,,2,10.0,0.0305,5,success,2,"8,11,588,546;605,13,588,544",0,0,,2,10.0,0.0343,0,0,0,0,1,0,0
leu,75,689744,3002,1200,575,2,2,10.0,9.06,0.539|0.632,7,success,2,"0,0,608,575;581,0,602,570",1,1,split,1,,43.0564,3,success,2,"604,10,589,558;7,13,589,551",0,0,,2,9.06,0.0336,5,success,2,"604,10,589,558;7,12,589,552",0,0,,2,9.06,0.0325,0,0,0,0,1,0,0
leu,75,689763,3021,1112,600,3,3,14.87,14.04,0.637|0.301,7,success,2,"568,10,537,583;7,28,553,550",0,0,,2,14.04,0.0282,3,success,2,"12,40,546,545;582,49,526,527",0,0,,3,14.04,16.8078,5,success,2,"568,10,537,583;7,28,553,550",0,0,,2,14.04,0.0302,0,0,1,0,0,0,0
leu,75,689782,3040,1200,596,2,2,11.18,11.0,0.691|0.64,7,success,2,"0,0,623,596;566,0,634,596",1,1,split,1,,50.4993,3,success,2,"604,16,589,569;8,14,587,574",0,0,,2,11.0,0.0416,5,success,2,"604,16,589,569;8,14,587,574",0,0,,2,11.0,0.0373,0,0,0,0,1,0,0
leu,75,689800,3058,1171,600,3,3,10.0,10.44,0.475|0.265,7,success,2,"0,0,608,600;555,0,616,600",1,1,split,1,,54.9349,3,success,2,"595,17,569,570;9,10,577,582",0,0,,2,10.44,0.0481,5,success,2,"595,17,569,570;9,9,577,583",0,0,,2,10.44,0.0331,0,0,0,0,0,0,0
leu,75,689819,3077,1200,559,2,2,11.05,11.0,0.678|0.819,7,success,2,"0,0,572,549;617,0,583,559",1,1,split,1,,107.3824,3,success,2,"601,9,591,542;8,12,583,537",0,0,,2,11.0,0.0579,5,success,2,"601,9,591,542;8,12,583,537",0,0,,2,11.0,0.0372,0,0,0,0,1,0,0
leu,75,689838,3096,1181,600,2,2,12.04,12.0,0.635|0.576,7,success,2,"0,0,612,600;568,0,613,593",1,1,split,1,,53.6753,3,success,2,"595,17,578,575;8,11,577,579",0,0,,2,12.0,0.0407,5,success,2,"595,11,578,581;8,11,577,579",0,0,,2,12.0,0.0314,0,0,0,0,1,0,0
leu,75,689857,3115,1200,564,2,2,11.05,11.0,0.663|0.322,7,success,2,"0,0,605,564;587,0,606,564",1,1,split,1,,42.9197,3,success,2,"8,14,595,540;612,8,581,548",0,0,,2,11.0,0.0337,5,success,2,"8,12,595,542;612,8,581,548",0,0,,2,11.0,0.0272,0,0,0,0,1,0,0
leu,75,689875,3133,1200,589,2,2,12.0,12.0,0.693|0.194,7,success,2,"19,0,592,577;600,0,600,589",1,1,split,1,,49.8422,3,success,2,"605,9,586,571;9,13,585,564",0,0,,2,12.0,0.0284,5,success,2,"605,9,586,571;9,13,585,564",0,0,,2,12.0,0.0257,0,0,0,0,1,0,0
leu,75,689894,3152,1200,587,2,3,17.0,17.12,0.424|0.14,7,success,2,"608,16,577,556;16,19,576,552",0,0,,2,17.12,0.0305,3,success,2,"16,19,576,552;608,16,577,556",0,0,,2,17.12,0.0419,5,success,2,"608,16,577,556;16,19,576,552",0,0,,2,17.12,0.0359,0,0,1,0,0,0,0
leu,75,689913,3171,1200,600,3,3,12.0,12.0,0.524|0.305,7,success,2,"32,3,582,582;601,0,592,575",1,1,split,1,,52.0663,3,success,2,"9,11,587,580;621,34,549,549",0,0,,2,12.0,11.9539,5,success,2,"9,11,587,580;618,31,552,552",0,0,,2,12.0,10.5931,0,0,0,0,0,0,0
leu,75,689932,3190,1195,600,3,3,14.14,14.87,0.46|0.15,7,success,2,"597,15,588,572;10,11,575,579",0,0,,2,14.87,0.0372,3,success,2,"597,16,588,571;10,11,575,579",0,0,,2,14.87,0.0441,5,success,2,"597,15,588,572;10,11,575,579",0,0,,2,14.87,0.0368,0,0,1,0,0,0,0
leu,75,689950,3208,1200,567,2,2,12.37,12.17,0.715|0.731,7,success,2,"0,0,566,566;581,0,574,567",1,1,split,1,,109.1012,3,success,2,"591,27,601,520;8,15,572,544",0,0,,2,12.17,0.034,5,success,2,"591,27,601,520;8,15,572,544",0,0,,2,12.17,0.0346,0,0,0,0,1,0,0
leu,75,689969,3227,1200,526,2,2,12.0,11.7,0.752|0.423,7,success,2,"19,0,550,526;618,0,564,526",1,1,split,1,,33.187,3,success,2,"9,10,586,507;605,9,587,508",0,0,,2,11.7,0.0275,5,success,2,"9,10,586,507;605,9,587,508",0,0,,2,11.7,0.0268,0,0,0,0,1,0,0
leu,75,689988,3246,1131,600,3,2,11.0,11.0,0.573|0.374,7,success,2,"0,0,584,596;539,28,592,572",1,1,split,1,,47.0432,3,success,2,"563,13,560,573;8,9,545,583",0,0,,3,11.0,0.0424,5,success,2,"563,13,560,573;8,9,545,583",0,0,,2,11.0,0.0284,0,0,0,0,1,0,0
leu,75,690007,3265,1200,546,2,2,12.0,12.0,0.382|0.298,7,success,2,"0,0,570,546;620,0,580,546",1,1,split,1,,32.7894,3,success,2,"605,14,587,522;8,16,587,522",0,0,,2,12.0,0.0412,5,success,2,"605,14,587,522;8,16,587,522",0,0,,2,12.0,0.0327,0,0,0,0,1,0,0
leu,75,690026,3284,1200,574,2,2,10.0,9.0,0.744|0.846,7,success,2,"8,0,626,574;565,0,598,574",1,1,split,1,,33.8073,3,success,2,"7,13,588,552;603,12,589,554",0,0,,2,9.0,0.034,5,success,2,"8,0,626,574;565,0,598,574",1,1,split,1,,34.6317,0,0,1,0,1,0,1
leu,75,690044,3302,1078,600,2,2,20.02,20.0,0.254|0.249,7,success,2,"548,14,515,573;15,17,514,569",0,0,,2,20.0,0.0387,3,success,2,"548,14,515,573;15,17,514,569",0,0,,2,20.0,0.0314,5,success,2,"548,14,515,573;15,17,514,569",0,0,,2,20.0,0.0363,1,0,1,0,0,0,0
leu,75,690063,3321,1200,538,2,2,10.0,10.0,0.771|0.684,7,success,2,"3,0,578,538;620,0,578,538",1,1,split,1,,32.5374,3,success,2,"605,10,587,520;7,19,589,509",0,0,,2,10.0,0.0329,5,success,2,"605,10,587,520;7,19,589,509",0,0,,2,10.0,0.0331,0,0,0,0,1,0,0
leu,75,690082,3340,1200,578,2,2,11.0,10.0,0.867|0.745,7,success,2,"0,0,567,578;612,0,588,578",1,1,split,1,,39.2307,3,success,2,"8,11,586,559;603,20,589,544",0,0,,2,10.0,0.0319,5,success,2,"8,11,586,559;603,20,589,544",0,0,,2,10.0,0.0399,0,0,0,0,1,0,0
leu,75,690101,3359,1193,600,2,2,9.49,9.0,0.526|0.365,7,success,2,"0,0,625,600;574,0,619,600",1,1,split,1,,47.0763,3,success,2,"603,14,582,576;7,15,588,578",0,0,,2,9.0,0.0515,5,success,2,"0,0,625,600;574,0,619,600",1,1,split,1,,44.7132,0,0,1,0,1,0,1
leu,75,690119,3377,1200,569,3,3,21.59,19.92,0.159|0.124,7,success,2,"58,4,572,565;608,0,592,569",1,1,split,1,,39.7372,3,success,2,"9,17,587,544;616,12,555,555",0,0,,2,18.44,8.7661,5,success,2,"9,17,587,544;605,21,587,536",0,0,,3,11.05,0.0538,0,0,0,0,0,0,0
leu,75,690138,3396,1200,576,2,2,8.0,7.0,0.697|0.726,7,success,2,"12,0,596,576;583,0,596,576",1,1,split,1,,43.2999,3,success,2,"603,10,591,561;5,17,593,546",0,0,,2,7.0,0.0354,5,success,2,"12,0,596,576;583,0,596,576",1,1,split,1,,42.9696,0,0,1,0,1,0,1
leu,75,690158,3416,1200,550,2,2,14.32,15.03,0.343|0.227,7,success,2,"7,15,585,524;599,11,594,533",0,0,,2,14.14,0.0271,3,success,2,"622,7,534,534;33,23,519,519",0,0,,2,15.03,10.2342,5,success,2,"599,11,594,533;33,22,520,520",0,0,,2,14.14,5.3864,0,0,0,0,0,0,0
leu,75,690177,3435,1200,583,2,2,10.2,10.0,0.728|0.722,7,success,2,"0,0,625,583;583,0,617,583",1,1,split,1,,37.8858,3,success,2,"602,14,590,559;9,24,584,550",0,0,,2,10.0,0.0257,5,success,2,"602,14,590,559;9,24,584,550",0,0,,2,10.0,0.0286,0,0,0,0,1,0,0
leu,75,690195,3453,1200,590,3,3,12.0,12.0,0.68|0.167,7,success,2,"0,0,626,590;590,0,610,590",1,1,split,1,,41.1072,3,success,2,"8,15,589,565;608,10,583,572",0,0,,2,12.0,0.0397,5,success,2,"8,15,589,565;608,10,583,572",0,0,,2,12.0,0.0365,0,0,0,0,0,0,0
leu,75,690214,3472,1200,589,2,2,10.05,10.0,0.833|0.594,7,success,2,"0,0,616,589;565,0,635,589",1,1,split,1,,39.6599,3,success,2,"602,12,590,568;8,11,585,570",0,0,,2,10.0,0.0414,5,success,2,"602,12,590,568;8,11,585,570",0,0,,2,10.0,0.0304,0,0,0,0,1,0,0
leu,75,690233,3491,1200,589,2,2,10.0,9.85,0.779|0.672,7,success,2,"0,0,634,589;597,0,603,589",1,1,split,1,,40.6914,3,success,2,"604,14,587,567;8,13,588,567",0,0,,2,9.85,0.0299,5,success,2,"0,0,634,589;597,0,603,589",1,1,split,1,,39.0983,0,0,1,0,1,0,1
leu,75,690252,3510,1188,600,2,2,14.0,14.0,0.781|0.509,7,success,2,"9,12,584,579;603,15,577,572",0,0,,2,14.0,0.0372,3,success,2,"9,12,584,579;603,15,577,572",0,0,,2,14.0,0.0402,5,success,2,"9,12,584,579;603,15,577,572",0,0,,2,14.0,0.0376,1,0,1,0,0,0,0
leu,75,690271,3529,1199,573,2,2,11.0,11.0,0.611|0.523,7,success,2,"0,0,602,573;580,34,538,538",1,1,split,1,,38.22,3,success,2,"9,14,584,546;602,10,588,554",0,0,,2,11.0,0.0775,5,success,2,"602,10,588,554;9,14,584,546",0,0,,2,10.0,0.04,0,0,0,0,1,0,0
leu,75,690290,3548,1182,600,19,4,11.18,11.0,0.165|0.228,7,success,2,"0,0,620,600;567,0,615,600",1,1,split,1,,45.2376,3,success,2,"595,10,579,581;9,11,576,579",0,0,,3,11.0,0.0511,5,success,2,"595,10,579,581;9,11,576,579",0,0,,2,11.0,0.0316,0,0,0,0,0,0,0
leu,75,690309,3567,1150,600,2,2,11.05,11.0,0.515|0.139,7,success,2,"0,3,602,597;576,7,574,590",1,1,split,1,,47.2811,3,success,2,"580,11,564,583;48,61,522,522",0,0,,2,11.0,7.3578,5,success,2,"580,11,564,583;6,15,566,571",0,0,,2,11.0,0.0638,0,0,0,0,1,0,0
leu,75,690328,3586,1200,593,5,3,27.29,22.36,0.541|0.079,7,success,3,"603,19,586,567;23,-20,557,555;330,539,41,41",0,0,,3,22.36,6.5756,3,success,3,"603,19,586,567;26,-21,540,538;330,540,39,40",0,0,,3,22.36,7.2049,5,success,3,"603,19,586,567;24,-21,555,554;331,540,40,40",0,0,,3,22.36,5.9544,0,0,0,0,0,0,0
leu,75,690346,3604,1105,600,7,6,11.05,11.0,0.275|0.231,7,success,2,"0,63,510,528;575,46,530,532",1,1,split,1,,38.443,3,success,2,"567,48,528,529;19,61,519,518",0,0,,4,11.0,9.1144,5,success,2,"567,48,528,528;20,63,518,519",0,0,,2,11.0,9.122,0,0,0,0,0,0,0
leu,75,690365,3623,1200,582,7,4,14.04,14.04,0.356|0.267,7,success,2,"0,12,599,558;606,7,594,575",0,0,,2,14.04,0.0438,3,success,2,"6,12,593,558;606,7,588,569",0,0,,3,14.04,0.0735,5,success,2,"6,12,593,558;606,7,588,569",0,0,,3,14.0,0.0506,0,0,0,0,0,0,0
leu,75,690384,3642,1200,586,4,4,13.0,15.03,0.217|0.134,7,success,3,"41,45,535,535;629,55,527,527;786,28,32,31",0,0,,5,15.52,20.9186,3,success,3,"41,48,534,534;639,81,502,502;723,49,35,35",0,0,,4,15.03,20.0283,5,success,3,"41,46,535,535;635,71,512,512;787,29,30,30",0,0,,6,15.52,19.4267,0,0,0,0,0,0,0
leu,75,690403,3661,1200,799,9,9,30.48,31.82,0.02|0.821,7,success,3,"156,31,655,749;767,134,280,280;781,513,205,227",0,0,,4,23.41,22.7969,3,success,4,"156,46,655,734;781,513,205,227;793,75,193,210;837,291,178,178",0,0,,6,31.82,20.7215,5,success,3,"156,39,655,741;779,140,263,262;781,513,205,227",0,0,,4,23.41,22.2942,0,1,0,0,0,0,0
leu,75,690421,3679,1200,799,15,12,2.83,2.0,0.062|0.673,7,success,2,"26,41,1117,758;1165,0,35,103",0,0,,2,108.5,48.5747,3,success,2,"26,41,1117,758;1165,0,35,103",0,0,,5,6.08,49.8979,5,success,2,"26,41,1117,758;1165,0,35,103",0,0,,2,108.5,53.6635,1,0,1,0,0,0,0
leu,75,690440,3698,1200,799,7,7,22.36,20.4,0.13|0.082,7,success,2,"435,201,564,564;44,317,350,349",0,0,,3,36.67,22.6101,3,success,3,"430,194,570,570;102,500,225,241;120,266,225,224",0,0,,5,20.4,21.6169,5,success,2,"434,199,565,565;43,305,354,354",0,0,,4,36.67,23.1455,0,1,0,0,0,0,0
leu,75,690459,3717,1200,799,22,20,447.79,447.47,0.164|0.216,7,success,5,"129,225,621,620;783,177,469,469;640,69,294,294;415,47,174,161;55,62,149,172",0,0,,8,29.0,27.2878,3,success,5,"33,293,477,478;891,152,353,353;625,581,238,238;577,300,217,217;759,119,211,211",0,0,,16,447.47,15.1949,5,success,5,"132,225,611,611;787,181,460,460;55,62,149,172;426,56,149,149;229,44,146,146",0,0,,9,29.0,32.0696,0,0,0,0,0,0,0
leu,75,690478,3736,1200,799,8,7,2.24,27.0,0.125|0.827,7,success,3,"105,222,514,514;753,387,353,353;731,113,345,345",0,0,,4,27.0,14.5765,3,success,5,"102,220,492,492;679,441,251,286;666,159,248,244;939,439,239,243;923,186,229,227",0,0,,6,27.0,13.6621,5,success,5,"106,220,500,500;679,441,251,286;666,159,248,244;939,439,239,243;923,186,229,227",0,0,,6,27.0,13.1451,0,2,0,2,0,0,0
