coin_id,authority,ribbon_path,preview_path,status,failure_reason,quality_bucket,quality_score,nonblack_fraction,nonzero_fraction,mean_intensity,std_intensity,gradient_energy,edge_density,row_variance_mean,cx,cy,radius,center_offset,mask_area_fraction,used_fallback,fallback_reason,center_method,config_id,known_hard_case
151326,Antoninus Pius,/root/trivalaya-vision/legend_cnn/runs/run_20260410_002707_baseline/ribbons/151326.npy,,success,,borderline,0.5155,0.4069,0.4073,0.2232,0.309,0.434799,0.1104,0.093525,368,297,297,119.27,0.6413,False,,bbox,baseline,False
171875,Antoninus Pius,/root/trivalaya-vision/legend_cnn/runs/run_20260410_002707_baseline/ribbons/171875.npy,,success,,good,0.6135,0.4565,0.4678,0.2643,0.3384,0.507261,0.1421,0.113788,327,301,266,84.06,0.5572,False,,bbox,baseline,False
137506,Antoninus Pius,/root/trivalaya-vision/legend_cnn/runs/run_20260410_002707_baseline/ribbons/137506.npy,,success,,bad_geometry,0.5218,0.9992,1.0,0.4425,0.1384,0.244219,0.2612,0.017716,256,256,220,0.0,0.5113,True,center_out_of_bounds,bbox,baseline,False
160022,Antoninus Pius,/root/trivalaya-vision/legend_cnn/runs/run_20260410_002707_baseline/ribbons/160022.npy,,success,,borderline,0.5368,0.4095,0.4165,0.1965,0.279,0.455551,0.1306,0.07625,295,310,304,66.61,0.6641,False,,bbox,baseline,False
126587,Antoninus Pius,/root/trivalaya-vision/legend_cnn/runs/run_20260410_002707_baseline/ribbons/126587.npy,,success,,borderline,0.4597,0.4201,0.4204,0.239,0.3032,0.296624,0.1053,0.090879,348,332,282,119.33,0.5968,False,,bbox,baseline,False
131416,Antoninus Pius,/root/trivalaya-vision/legend_cnn/runs/run_20260410_002707_baseline/ribbons/131416.npy,,success,,bad_geometry,0.413,0.3109,0.311,0.2056,0.3274,0.265955,0.0926,0.10685,366,351,348,145.34,0.6369,False,,bbox,baseline,False
144139,Antoninus Pius,/root/trivalaya-vision/legend_cnn/runs/run_20260410_002707_baseline/ribbons/144139.npy,,success,,bad_geometry,0.5797,0.9999,1.0,0.5008,0.183,0.336533,0.3098,0.032268,256,256,220,0.0,0.5106,True,center_out_of_bounds,bbox,baseline,False
130596,Antoninus Pius,/root/trivalaya-vision/legend_cnn/runs/run_20260410_002707_baseline/ribbons/130596.npy,,success,,bad_geometry,0.4701,0.9895,0.9996,0.4124,0.1029,0.152427,0.2716,0.009879,256,256,220,0.0,0.6539,True,center_out_of_bounds,bbox,baseline,False
112709,Antoninus Pius,/root/trivalaya-vision/legend_cnn/runs/run_20260410_002707_baseline/ribbons/112709.npy,,success,,good,0.6915,0.5071,0.5266,0.3061,0.3657,0.539316,0.12,0.13204,297,285,283,50.22,0.6714,False,,bbox,baseline,False
160029,Antoninus Pius,/root/trivalaya-vision/legend_cnn/runs/run_20260410_002707_baseline/ribbons/160029.npy,,success,,good,0.6354,0.4965,0.503,0.3198,0.3701,0.479157,0.1302,0.136426,349,294,282,100.46,0.6632,False,,bbox,baseline,False
171893,Antoninus Pius,/root/trivalaya-vision/legend_cnn/runs/run_20260410_002707_baseline/ribbons/171893.npy,,success,,good,0.6177,0.3729,0.3794,0.2156,0.3307,0.585883,0.1125,0.107032,307,302,289,68.68,0.5684,False,,bbox,baseline,False
135477,Antoninus Pius,/root/trivalaya-vision/legend_cnn/runs/run_20260410_002707_baseline/ribbons/135477.npy,,success,,bad_geometry,0.5574,0.9964,0.9999,0.4369,0.1253,0.340648,0.2965,0.0154,256,256,220,0.0,0.6537,True,center_out_of_bounds,bbox,baseline,False
139381,Antoninus Pius,/root/trivalaya-vision/legend_cnn/runs/run_20260410_002707_baseline/ribbons/139381.npy,,success,,bad_geometry,0.7166,0.9998,1.0,0.6628,0.1977,0.649069,0.2726,0.038426,256,256,220,0.0,0.5107,True,center_out_of_bounds,bbox,baseline,False
146605,Antoninus Pius,/root/trivalaya-vision/legend_cnn/runs/run_20260410_002707_baseline/ribbons/146605.npy,,success,,good,0.5673,0.4558,0.4662,0.2186,0.2962,0.441918,0.1425,0.086585,292,301,292,57.63,0.6778,False,,bbox,baseline,False
110548,Antoninus Pius,/root/trivalaya-vision/legend_cnn/runs/run_20260410_002707_baseline/ribbons/110548.npy,,success,,bad_geometry,0.4612,0.8125,0.817,0.3358,0.1816,0.216332,0.2019,0.029738,256,256,220,0.0,0.3877,True,center_out_of_bounds,bbox,baseline,False
171917,Antoninus Pius,/root/trivalaya-vision/legend_cnn/runs/run_20260410_002707_baseline/ribbons/171917.npy,,success,,borderline,0.543,0.4131,0.4137,0.1899,0.2828,0.456145,0.1202,0.078564,302,301,288,64.35,0.6311,False,,bbox,baseline,False
173463,Antoninus Pius,/root/trivalaya-vision/legend_cnn/runs/run_20260410_002707_baseline/ribbons/173463.npy,,success,,bad_geometry,0.4566,1.0,1.0,0.9592,0.1269,0.019819,0.0164,0.01477,256,256,220,0.0,0.561,True,center_out_of_bounds,bbox,baseline,False
149545,Antoninus Pius,/root/trivalaya-vision/legend_cnn/runs/run_20260410_002707_baseline/ribbons/149545.npy,,success,,bad_geometry,0.4377,0.4391,0.4514,0.1981,0.2725,0.290371,0.0995,0.073482,370,303,299,123.31,0.656,False,,bbox,baseline,False
141156,Antoninus Pius,/root/trivalaya-vision/legend_cnn/runs/run_20260410_002707_baseline/ribbons/141156.npy,,success,,bad_geometry,0.5781,0.3953,0.4052,0.2535,0.3505,0.520156,0.1102,0.120962,374,304,302,127.39,0.6445,False,,bbox,baseline,False
122082,Antoninus Pius,/root/trivalaya-vision/legend_cnn/runs/run_20260410_002707_baseline/ribbons/122082.npy,,success,,good,0.5899,0.4656,0.4675,0.3228,0.378,0.338619,0.1587,0.142236,323,295,261,77.52,0.5494,False,,bbox,baseline,False
146606,Antoninus Pius,/root/trivalaya-vision/legend_cnn/runs/run_20260410_002707_baseline/ribbons/146606.npy,,success,,borderline,0.4946,0.4497,0.462,0.2135,0.2973,0.363284,0.1261,0.087927,367,295,296,117.65,0.693,False,,bbox,baseline,False
108316,Antoninus Pius,/root/trivalaya-vision/legend_cnn/runs/run_20260410_002707_baseline/ribbons/108316.npy,,success,,good,0.5624,0.4286,0.4288,0.2969,0.3731,0.385019,0.1191,0.13778,368,296,297,118.93,0.6555,False,,bbox,baseline,False
171741,Antoninus Pius,/root/trivalaya-vision/legend_cnn/runs/run_20260410_002707_baseline/ribbons/171741.npy,,success,,borderline,0.4686,0.427,0.4273,0.2115,0.2864,0.257152,0.1135,0.081309,304,301,283,65.8,0.5959,False,,bbox,baseline,False
122077,Antoninus Pius,/root/trivalaya-vision/legend_cnn/runs/run_20260410_002707_baseline/ribbons/122077.npy,,success,,borderline,0.4349,0.3311,0.3335,0.1525,0.2606,0.367933,0.1081,0.066993,335,326,311,105.55,0.5937,False,,bbox,baseline,False
192083,Caracalla,/root/trivalaya-vision/legend_cnn/runs/run_20260410_002707_baseline/ribbons/192083.npy,,success,,bad_geometry,0.4604,0.4583,0.4589,0.333,0.4127,0.079253,0.0253,0.170136,256,256,220,0.0,0.5194,True,center_out_of_bounds,bbox,baseline,False
171923,Antoninus Pius,/root/trivalaya-vision/legend_cnn/runs/run_20260410_002707_baseline/ribbons/171923.npy,,success,,borderline,0.5383,0.4416,0.4429,0.234,0.3068,0.375918,0.1375,0.092946,302,303,290,65.76,0.6402,False,,bbox,baseline,False
122084,Antoninus Pius,/root/trivalaya-vision/legend_cnn/runs/run_20260410_002707_baseline/ribbons/122084.npy,,success,,bad_geometry,0.509,0.9994,1.0,0.4198,0.1084,0.233091,0.2905,0.01153,256,256,220,0.0,0.5765,True,center_out_of_bounds,bbox,baseline,False
148374,Caracalla,/root/trivalaya-vision/legend_cnn/runs/run_20260410_002707_baseline/ribbons/148374.npy,,success,,good,0.639,0.4501,0.4503,0.309,0.3818,0.526246,0.1211,0.145277,369,289,298,117.72,0.6706,False,,bbox,baseline,False
163970,Antoninus Pius,/root/trivalaya-vision/legend_cnn/runs/run_20260410_002707_baseline/ribbons/163970.npy,,success,,good,0.6619,0.4403,0.4426,0.2836,0.3585,0.570678,0.121,0.125123,292,310,298,64.9,0.6758,False,,bbox,baseline,False
112740,Caracalla,/root/trivalaya-vision/legend_cnn/runs/run_20260410_002707_baseline/ribbons/112740.npy,,success,,good,0.7468,0.4565,0.4767,0.2889,0.374,0.700341,0.1179,0.138124,295,291,295,52.4,0.6835,False,,bbox,baseline,False
160032,Antoninus Pius,/root/trivalaya-vision/legend_cnn/runs/run_20260410_002707_baseline/ribbons/160032.npy,,success,,borderline,0.5417,0.4255,0.4361,0.2778,0.3526,0.385518,0.134,0.123526,362,312,292,119.88,0.6501,False,,bbox,baseline,False
137510,Antoninus Pius,/root/trivalaya-vision/legend_cnn/runs/run_20260410_002707_baseline/ribbons/137510.npy,,success,,bad_geometry,0.7794,0.9998,1.0,0.6499,0.2674,0.8644,0.2432,0.068936,256,256,220,0.0,0.511,True,center_out_of_bounds,bbox,baseline,False
191799,Caracalla,/root/trivalaya-vision/legend_cnn/runs/run_20260410_002707_baseline/ribbons/191799.npy,,success,,borderline,0.4668,0.5051,0.5054,0.2453,0.2936,0.235809,0.123,0.086067,356,291,291,105.95,0.6821,False,,bbox,baseline,False
160297,Caracalla,/root/trivalaya-vision/legend_cnn/runs/run_20260410_002707_baseline/ribbons/160297.npy,,success,,good,0.7131,0.4705,0.4752,0.2996,0.3679,0.632948,0.1285,0.132835,298,296,298,58.0,0.6695,False,,bbox,baseline,False
112748,Caracalla,/root/trivalaya-vision/legend_cnn/runs/run_20260410_002707_baseline/ribbons/112748.npy,,success,,good,0.613,0.4391,0.4574,0.2606,0.3521,0.540504,0.1172,0.123722,369,283,298,116.18,0.6705,False,,bbox,baseline,False
160250,Caracalla,/root/trivalaya-vision/legend_cnn/runs/run_20260410_002707_baseline/ribbons/160250.npy,,success,,good,0.7619,0.4546,0.4647,0.3026,0.3894,0.694951,0.1139,0.149572,297,282,297,48.55,0.6627,False,,bbox,baseline,False
191740,Caracalla,/root/trivalaya-vision/legend_cnn/runs/run_20260410_002707_baseline/ribbons/191740.npy,,success,,good,0.6086,1.0,1.0,0.5264,0.1417,0.266593,0.2693,0.018895,266,221,215,36.4,0.6328,False,,bbox,baseline,False
137507,Antoninus Pius,/root/trivalaya-vision/legend_cnn/runs/run_20260410_002707_baseline/ribbons/137507.npy,,success,,bad_geometry,0.4699,1.0,1.0,0.3561,0.0952,0.142981,0.2586,0.008594,256,256,220,0.0,0.5113,True,center_out_of_bounds,bbox,baseline,False
192141,Caracalla,/root/trivalaya-vision/legend_cnn/runs/run_20260410_002707_baseline/ribbons/192141.npy,,success,,bad_geometry,0.5058,0.3667,0.3678,0.2899,0.405,0.265836,0.0628,0.163893,349,152,282,139.52,0.5299,False,,bbox,baseline,False
192055,Caracalla,/root/trivalaya-vision/legend_cnn/runs/run_20260410_002707_baseline/ribbons/192055.npy,,success,,borderline,0.5393,0.8448,0.8774,0.283,0.1993,0.276148,0.1851,0.038655,184,180,164,104.69,0.5693,False,,bbox,baseline,False
191661,Caracalla,/root/trivalaya-vision/legend_cnn/runs/run_20260410_002707_baseline/ribbons/191661.npy,,success,,good,0.6732,0.7795,0.7798,0.4847,0.3354,0.44328,0.2066,0.111116,178,166,178,119.1,0.6489,False,,bbox,baseline,False
192633,Caracalla,/root/trivalaya-vision/legend_cnn/runs/run_20260410_002707_baseline/ribbons/192633.npy,,success,,bad_geometry,0.6809,0.9698,0.9998,0.4128,0.2117,0.577697,0.3254,0.041549,256,256,220,0.0,0.6059,True,center_out_of_bounds,bbox,baseline,False
192647,Caracalla,/root/trivalaya-vision/legend_cnn/runs/run_20260410_002707_baseline/ribbons/192647.npy,,success,,bad_geometry,0.7597,0.9969,0.9999,0.5957,0.2363,0.780265,0.3199,0.055,256,256,220,0.0,0.6816,True,center_out_of_bounds,bbox,baseline,False
119887,Caracalla,/root/trivalaya-vision/legend_cnn/runs/run_20260410_002707_baseline/ribbons/119887.npy,,success,,good,0.6218,0.4926,0.4928,0.3584,0.3985,0.389093,0.1277,0.158168,362,272,292,107.2,0.6666,False,,bbox,baseline,False
160291,Caracalla,/root/trivalaya-vision/legend_cnn/runs/run_20260410_002707_baseline/ribbons/160291.npy,,success,,good,0.6501,0.4669,0.4717,0.3212,0.392,0.510046,0.1104,0.151962,368,274,297,113.44,0.6715,False,,bbox,baseline,False
192353,Caracalla,/root/trivalaya-vision/legend_cnn/runs/run_20260410_002707_baseline/ribbons/192353.npy,,success,,borderline,0.5489,0.7105,0.711,0.3795,0.3026,0.263202,0.1579,0.090669,199,154,161,116.85,0.7029,False,,bbox,baseline,False
191884,Caracalla,/root/trivalaya-vision/legend_cnn/runs/run_20260410_002707_baseline/ribbons/191884.npy,,success,,good,0.6258,1.0,1.0,0.4195,0.1155,0.297417,0.2886,0.013314,260,238,211,18.44,0.6061,False,,bbox,baseline,False
153277,Caracalla,/root/trivalaya-vision/legend_cnn/runs/run_20260410_002707_baseline/ribbons/153277.npy,,success,,bad_geometry,0.6019,0.7277,0.7288,0.565,0.3847,0.244523,0.1447,0.147707,256,256,220,0.0,0.6688,True,center_out_of_bounds,bbox,baseline,False
151354,Caracalla,/root/trivalaya-vision/legend_cnn/runs/run_20260410_002707_baseline/ribbons/151354.npy,,success,,good,0.7047,0.3943,0.4017,0.2655,0.3664,0.762453,0.1335,0.131367,297,313,304,70.21,0.6539,False,,bbox,baseline,False
164006,Caracalla,/root/trivalaya-vision/legend_cnn/runs/run_20260410_002707_baseline/ribbons/164006.npy,,success,,good,0.7007,0.5446,0.5449,0.357,0.3733,0.512997,0.1378,0.137642,296,288,283,51.22,0.6817,False,,bbox,baseline,False
169127,Caracalla,/root/trivalaya-vision/legend_cnn/runs/run_20260410_002707_baseline/ribbons/169127.npy,,success,,bad_geometry,0.5927,0.9999,1.0,0.5648,0.2186,0.331815,0.2749,0.043361,256,256,220,0.0,0.6464,True,center_out_of_bounds,bbox,baseline,False
119886,Caracalla,/root/trivalaya-vision/legend_cnn/runs/run_20260410_002707_baseline/ribbons/119886.npy,,success,,good,0.5865,0.4226,0.423,0.2876,0.3678,0.356169,0.1195,0.133324,298,288,298,52.8,0.6485,False,,bbox,baseline,False
192674,Caracalla,/root/trivalaya-vision/legend_cnn/runs/run_20260410_002707_baseline/ribbons/192674.npy,,success,,bad_geometry,0.5602,0.9998,0.9998,0.4361,0.1479,0.324029,0.315,0.021639,256,256,220,0.0,0.6629,True,center_out_of_bounds,bbox,baseline,False
126772,Caracalla,/root/trivalaya-vision/legend_cnn/runs/run_20260410_002707_baseline/ribbons/126772.npy,,success,,borderline,0.4113,0.4725,0.4734,0.2078,0.2414,0.194965,0.1438,0.057075,332,301,268,88.32,0.5825,False,,bbox,baseline,False
114409,Caracalla,/root/trivalaya-vision/legend_cnn/runs/run_20260410_002707_baseline/ribbons/114409.npy,,success,,bad_geometry,0.5874,0.9781,0.9998,0.3737,0.1764,0.378986,0.2961,0.030679,256,256,220,0.0,0.5689,True,center_out_of_bounds,bbox,baseline,False
112742,Caracalla,/root/trivalaya-vision/legend_cnn/runs/run_20260410_002707_baseline/ribbons/112742.npy,,success,,good,0.7302,0.4701,0.4938,0.2884,0.3568,0.749471,0.1397,0.125922,298,300,282,60.83,0.6507,False,,bbox,baseline,False
191040,Diocletian,/root/trivalaya-vision/legend_cnn/runs/run_20260410_002707_baseline/ribbons/191040.npy,,success,,bad_geometry,0.47,1.0,1.0,0.8253,0.1552,0.098079,0.1003,0.023735,256,256,220,0.0,0.6052,True,center_out_of_bounds,bbox,baseline,False
193585,Caracalla,/root/trivalaya-vision/legend_cnn/runs/run_20260410_002707_baseline/ribbons/193585.npy,,success,,good,0.5553,0.5829,0.5838,0.232,0.2756,0.294451,0.1603,0.075202,276,276,276,28.28,0.6828,False,,bbox,baseline,False
189408,Diocletian,/root/trivalaya-vision/legend_cnn/runs/run_20260410_002707_baseline/ribbons/189408.npy,,success,,borderline,0.4984,0.4062,0.4068,0.2718,0.3933,0.182086,0.0514,0.154246,367,251,296,111.11,0.5525,False,,bbox,baseline,False
160298,Caracalla,/root/trivalaya-vision/legend_cnn/runs/run_20260410_002707_baseline/ribbons/160298.npy,,success,,good,0.5604,0.4668,0.4747,0.273,0.3229,0.429457,0.14,0.102575,345,298,279,98.41,0.6348,False,,bbox,baseline,False
126785,Caracalla,/root/trivalaya-vision/legend_cnn/runs/run_20260410_002707_baseline/ribbons/126785.npy,,success,,good,0.6042,0.6666,0.6674,0.4392,0.3306,0.28768,0.1481,0.10239,305,264,246,49.65,0.5808,False,,bbox,baseline,False
189956,Diocletian,/root/trivalaya-vision/legend_cnn/runs/run_20260410_002707_baseline/ribbons/189956.npy,,success,,bad_geometry,0.4431,0.9804,0.9999,0.2261,0.1053,0.059082,0.0964,0.009622,256,256,220,0.0,0.6285,True,center_out_of_bounds,bbox,baseline,False
192318,Caracalla,/root/trivalaya-vision/legend_cnn/runs/run_20260410_002707_baseline/ribbons/192318.npy,,success,,bad_geometry,0.5701,1.0,1.0,0.5766,0.136,0.359408,0.296,0.018105,256,256,220,0.0,0.6206,True,center_out_of_bounds,bbox,baseline,False
112871,Diocletian,/root/trivalaya-vision/legend_cnn/runs/run_20260410_002707_baseline/ribbons/112871.npy,,success,,good,0.6494,0.4453,0.4656,0.2256,0.308,0.645504,0.1288,0.093065,297,310,291,67.8,0.6679,False,,bbox,baseline,False
172220,Diocletian,/root/trivalaya-vision/legend_cnn/runs/run_20260410_002707_baseline/ribbons/172220.npy,,success,,borderline,0.517,0.353,0.3562,0.1679,0.2782,0.451778,0.1028,0.07662,302,302,288,65.05,0.5541,False,,bbox,baseline,False
189999,Diocletian,/root/trivalaya-vision/legend_cnn/runs/run_20260410_002707_baseline/ribbons/189999.npy,,success,,good,0.5806,0.9907,0.9999,0.3587,0.1321,0.220465,0.2261,0.016791,271,218,219,40.85,0.6303,False,,bbox,baseline,False
126994,Diocletian,/root/trivalaya-vision/legend_cnn/runs/run_20260410_002707_baseline/ribbons/126994.npy,,success,,borderline,0.4135,0.439,0.4396,0.2263,0.278,0.189928,0.1079,0.076374,348,303,282,103.31,0.6126,False,,bbox,baseline,False
172215,Diocletian,/root/trivalaya-vision/legend_cnn/runs/run_20260410_002707_baseline/ribbons/172215.npy,,success,,borderline,0.4726,0.3786,0.3787,0.1784,0.2723,0.328384,0.0948,0.073626,301,300,285,62.94,0.5986,False,,bbox,baseline,False
189972,Diocletian,/root/trivalaya-vision/legend_cnn/runs/run_20260410_002707_baseline/ribbons/189972.npy,,success,,bad_geometry,0.4479,0.982,0.9992,0.2601,0.1007,0.104971,0.1631,0.009831,256,256,220,0.0,0.6166,True,center_out_of_bounds,bbox,baseline,False
132851,Diocletian,/root/trivalaya-vision/legend_cnn/runs/run_20260410_002707_baseline/ribbons/132851.npy,,success,,borderline,0.5409,0.4396,0.4399,0.281,0.3562,0.359909,0.1141,0.123972,364,291,294,113.53,0.6623,False,,bbox,baseline,False
191043,Diocletian,/root/trivalaya-vision/legend_cnn/runs/run_20260410_002707_baseline/ribbons/191043.npy,,success,,bad_geometry,0.4499,0.9998,0.9998,0.5216,0.0687,0.087317,0.1819,0.004406,256,256,220,0.0,0.6763,True,center_out_of_bounds,bbox,baseline,False
161182,Diocletian,/root/trivalaya-vision/legend_cnn/runs/run_20260410_002707_baseline/ribbons/161182.npy,,success,,good,0.5721,0.5671,0.5822,0.2822,0.3095,0.361736,0.1678,0.095146,327,285,264,76.69,0.6333,False,,bbox,baseline,False
190029,Diocletian,/root/trivalaya-vision/legend_cnn/runs/run_20260410_002707_baseline/ribbons/190029.npy,,success,,bad_geometry,0.4201,0.4465,0.4467,0.1994,0.2615,0.262148,0.1367,0.06807,372,303,301,125.16,0.6885,False,,bbox,baseline,False
152366,Diocletian,/root/trivalaya-vision/legend_cnn/runs/run_20260410_002707_baseline/ribbons/152366.npy,,success,,bad_geometry,0.6852,1.0,1.0,0.493,0.1761,0.600696,0.2678,0.029832,256,256,220,0.0,0.6364,True,center_out_of_bounds,bbox,baseline,False
172249,Diocletian,/root/trivalaya-vision/legend_cnn/runs/run_20260410_002707_baseline/ribbons/172249.npy,,success,,good,0.5818,0.3735,0.3792,0.2049,0.3152,0.518732,0.116,0.09862,303,300,292,64.38,0.6011,False,,bbox,baseline,False
190997,Diocletian,/root/trivalaya-vision/legend_cnn/runs/run_20260410_002707_baseline/ribbons/190997.npy,,success,,bad_geometry,0.4691,1.0,1.0,0.7991,0.1556,0.094726,0.0949,0.024093,256,256,220,0.0,0.5556,True,center_out_of_bounds,bbox,baseline,False
134052,Diocletian,/root/trivalaya-vision/legend_cnn/runs/run_20260410_002707_baseline/ribbons/134052.npy,,success,,borderline,0.5413,0.4639,0.4642,0.2959,0.3592,0.324326,0.1237,0.12794,365,281,295,111.83,0.6689,False,,bbox,baseline,False
172235,Diocletian,/root/trivalaya-vision/legend_cnn/runs/run_20260410_002707_baseline/ribbons/172235.npy,,success,,borderline,0.5289,0.4274,0.4279,0.1945,0.2904,0.397658,0.13,0.083023,304,301,285,65.8,0.6191,False,,bbox,baseline,False
190009,Diocletian,/root/trivalaya-vision/legend_cnn/runs/run_20260410_002707_baseline/ribbons/190009.npy,,success,,good,0.6478,0.9195,0.9305,0.5371,0.2316,0.34402,0.2628,0.048262,293,235,237,42.54,0.6553,False,,bbox,baseline,False
150355,Diocletian,/root/trivalaya-vision/legend_cnn/runs/run_20260410_002707_baseline/ribbons/150355.npy,,success,,bad_geometry,0.4553,0.9977,1.0,0.409,0.1204,0.043969,0.0876,0.014392,256,256,220,0.0,0.5188,True,center_out_of_bounds,bbox,baseline,False
172129,Diocletian,/root/trivalaya-vision/legend_cnn/runs/run_20260410_002707_baseline/ribbons/172129.npy,,success,,borderline,0.4538,0.3853,0.3867,0.1877,0.2787,0.349468,0.1045,0.07719,362,300,292,114.77,0.5935,False,,bbox,baseline,False
190375,Diocletian,/root/trivalaya-vision/legend_cnn/runs/run_20260410_002707_baseline/ribbons/190375.npy,,success,,bad_geometry,0.45,1.0,1.0,0.1888,0.0285,0.004573,0.0,0.000814,256,256,220,0.0,0.5879,True,center_out_of_bounds,bbox,baseline,False
134901,Diocletian,/root/trivalaya-vision/legend_cnn/runs/run_20260410_002707_baseline/ribbons/134901.npy,,success,,good,0.619,0.4491,0.4552,0.2997,0.3692,0.488291,0.1421,0.135365,342,314,277,103.73,0.6143,False,,bbox,baseline,False
129158,Diocletian,/root/trivalaya-vision/legend_cnn/runs/run_20260410_002707_baseline/ribbons/129158.npy,,success,,bad_geometry,0.4743,0.999,1.0,0.4365,0.1059,0.152679,0.3026,0.010478,256,256,220,0.0,0.6329,True,center_out_of_bounds,bbox,baseline,False
122229,Diocletian,/root/trivalaya-vision/legend_cnn/runs/run_20260410_002707_baseline/ribbons/122229.npy,,success,,bad_geometry,0.5894,0.9783,0.9997,0.3517,0.16,0.403692,0.2965,0.02457,256,256,220,0.0,0.6318,True,center_out_of_bounds,bbox,baseline,False
135598,Diocletian,/root/trivalaya-vision/legend_cnn/runs/run_20260410_002707_baseline/ribbons/135598.npy,,success,,bad_geometry,0.5708,0.9498,0.9977,0.3454,0.1681,0.374339,0.3015,0.027157,256,256,220,0.0,0.6448,True,center_out_of_bounds,bbox,baseline,False
197119,Elagabalus,/root/trivalaya-vision/legend_cnn/runs/run_20260410_002707_baseline/ribbons/197119.npy,,success,,bad_geometry,0.4675,1.0,1.0,0.8701,0.1533,0.036956,0.041,0.022902,256,256,220,0.0,0.5584,True,center_out_of_bounds,bbox,baseline,False
120018,Diocletian,/root/trivalaya-vision/legend_cnn/runs/run_20260410_002707_baseline/ribbons/120018.npy,,success,,bad_geometry,0.3858,0.3539,0.3543,0.1647,0.2469,0.305623,0.1148,0.059921,373,330,321,138.44,0.6607,False,,bbox,baseline,False
196459,Elagabalus,/root/trivalaya-vision/legend_cnn/runs/run_20260410_002707_baseline/ribbons/196459.npy,,success,,good,0.5773,0.9982,0.9983,0.4919,0.153,0.211426,0.1972,0.021879,217,218,202,54.45,0.6718,False,,bbox,baseline,False
120021,Diocletian,/root/trivalaya-vision/legend_cnn/runs/run_20260410_002707_baseline/ribbons/120021.npy,,success,,borderline,0.5481,0.4553,0.4555,0.2878,0.3569,0.356305,0.1102,0.126611,365,290,295,114.18,0.6628,False,,bbox,baseline,False
196442,Elagabalus,/root/trivalaya-vision/legend_cnn/runs/run_20260410_002707_baseline/ribbons/196442.npy,,success,,bad_geometry,0.6489,0.9156,0.996,0.34,0.2053,0.545845,0.2759,0.041574,256,256,220,0.0,0.6668,True,center_out_of_bounds,bbox,baseline,False
130700,Diocletian,/root/trivalaya-vision/legend_cnn/runs/run_20260410_002707_baseline/ribbons/130700.npy,,success,,bad_geometry,0.5843,0.9766,0.9989,0.3501,0.1545,0.395981,0.3159,0.023613,256,256,220,0.0,0.6266,True,center_out_of_bounds,bbox,baseline,False
112872,Diocletian,/root/trivalaya-vision/legend_cnn/runs/run_20260410_002707_baseline/ribbons/112872.npy,,success,,good,0.679,0.4779,0.4992,0.2823,0.3525,0.650546,0.1301,0.123512,352,299,284,105.19,0.6662,False,,bbox,baseline,False
114429,Elagabalus,/root/trivalaya-vision/legend_cnn/runs/run_20260410_002707_baseline/ribbons/114429.npy,,success,,bad_geometry,0.5309,0.6375,0.6396,0.3869,0.3428,0.24877,0.1644,0.117099,256,256,220,0.0,0.6395,True,center_out_of_bounds,bbox,baseline,False
195882,Elagabalus,/root/trivalaya-vision/legend_cnn/runs/run_20260410_002707_baseline/ribbons/195882.npy,,success,,borderline,0.506,0.9656,0.966,0.3654,0.1172,0.098248,0.1173,0.013195,220,212,178,56.85,0.5601,False,,bbox,baseline,False
155532,Elagabalus,/root/trivalaya-vision/legend_cnn/runs/run_20260410_002707_baseline/ribbons/155532.npy,,success,,good,0.5692,0.4622,0.4624,0.3317,0.3869,0.33937,0.1083,0.146886,369,285,298,116.66,0.6599,False,,bbox,baseline,False
151372,Elagabalus,/root/trivalaya-vision/legend_cnn/runs/run_20260410_002707_baseline/ribbons/151372.npy,,success,,good,0.6134,0.5184,0.5189,0.3138,0.3467,0.452019,0.1554,0.118551,337,300,272,92.18,0.6323,False,,bbox,baseline,False
195899,Elagabalus,/root/trivalaya-vision/legend_cnn/runs/run_20260410_002707_baseline/ribbons/195899.npy,,success,,borderline,0.5337,0.6364,0.7236,0.3221,0.2975,0.216274,0.1709,0.087563,318,235,257,65.46,0.6712,False,,bbox,baseline,False
155521,Elagabalus,/root/trivalaya-vision/legend_cnn/runs/run_20260410_002707_baseline/ribbons/155521.npy,,success,,good,0.5629,0.4813,0.4815,0.3445,0.3783,0.319762,0.1335,0.140876,357,304,288,111.83,0.6743,False,,bbox,baseline,False
117421,Elagabalus,/root/trivalaya-vision/legend_cnn/runs/run_20260410_002707_baseline/ribbons/117421.npy,,success,,good,0.5943,0.5165,0.5168,0.3199,0.3449,0.417105,0.1217,0.117827,347,289,280,96.8,0.6668,False,,bbox,baseline,False
144179,Elagabalus,/root/trivalaya-vision/legend_cnn/runs/run_20260410_002707_baseline/ribbons/144179.npy,,success,,bad_geometry,0.463,0.9975,1.0,0.4023,0.1006,0.128423,0.2892,0.009779,256,256,220,0.0,0.5116,True,center_out_of_bounds,bbox,baseline,False
137548,Elagabalus,/root/trivalaya-vision/legend_cnn/runs/run_20260410_002707_baseline/ribbons/137548.npy,,success,,bad_geometry,0.6318,1.0,1.0,0.5634,0.1677,0.478452,0.3142,0.027536,256,256,220,0.0,0.5106,True,center_out_of_bounds,bbox,baseline,False
195923,Elagabalus,/root/trivalaya-vision/legend_cnn/runs/run_20260410_002707_baseline/ribbons/195923.npy,,success,,bad_geometry,0.4786,1.0,1.0,0.491,0.0932,0.164159,0.257,0.008576,256,256,220,0.0,0.671,True,center_out_of_bounds,bbox,baseline,False
172015,Elagabalus,/root/trivalaya-vision/legend_cnn/runs/run_20260410_002707_baseline/ribbons/172015.npy,,success,,good,0.685,0.447,0.4562,0.2651,0.3442,0.659944,0.1443,0.117001,313,301,279,72.62,0.6147,False,,bbox,baseline,False
114418,Elagabalus,/root/trivalaya-vision/legend_cnn/runs/run_20260410_002707_baseline/ribbons/114418.npy,,success,,bad_geometry,0.6516,0.9999,1.0,0.4925,0.2157,0.465954,0.2942,0.046148,256,256,220,0.0,0.6641,True,center_out_of_bounds,bbox,baseline,False
112760,Elagabalus,/root/trivalaya-vision/legend_cnn/runs/run_20260410_002707_baseline/ribbons/112760.npy,,success,,bad_geometry,0.6218,0.4466,0.4641,0.2493,0.324,0.625428,0.1363,0.104761,368,302,297,121.08,0.6686,False,,bbox,baseline,False
160472,Elagabalus,/root/trivalaya-vision/legend_cnn/runs/run_20260410_002707_baseline/ribbons/160472.npy,,success,,good,0.7469,0.5903,0.5984,0.3922,0.378,0.604051,0.1659,0.142489,327,267,264,71.85,0.6462,False,,bbox,baseline,False
128462,Elagabalus,/root/trivalaya-vision/legend_cnn/runs/run_20260410_002707_baseline/ribbons/128462.npy,,success,,bad_geometry,0.5776,1.0,1.0,0.5409,0.1618,0.357197,0.3228,0.0244,256,256,220,0.0,0.6613,True,center_out_of_bounds,bbox,baseline,False
139409,Elagabalus,/root/trivalaya-vision/legend_cnn/runs/run_20260410_002707_baseline/ribbons/139409.npy,,success,,bad_geometry,0.6421,0.9973,1.0,0.5142,0.185,0.494905,0.2985,0.030865,256,256,220,0.0,0.5105,True,center_out_of_bounds,bbox,baseline,False
144185,Elagabalus,/root/trivalaya-vision/legend_cnn/runs/run_20260410_002707_baseline/ribbons/144185.npy,,success,,bad_geometry,0.4935,0.9974,1.0,0.3834,0.1079,0.197969,0.285,0.011292,256,256,220,0.0,0.5112,True,center_out_of_bounds,bbox,baseline,False
126814,Elagabalus,/root/trivalaya-vision/legend_cnn/runs/run_20260410_002707_baseline/ribbons/126814.npy,,success,,bad_geometry,0.4823,0.4158,0.4161,0.2667,0.3412,0.313061,0.1099,0.115552,385,318,318,143.13,0.7198,False,,bbox,baseline,False
193642,Elagabalus,/root/trivalaya-vision/legend_cnn/runs/run_20260410_002707_baseline/ribbons/193642.npy,,success,,bad_geometry,0.6127,0.738,0.9551,0.4655,0.4228,0.226805,0.0497,0.172256,256,256,220,0.0,0.5703,True,center_out_of_bounds,bbox,baseline,False
196024,Elagabalus,/root/trivalaya-vision/legend_cnn/runs/run_20260410_002707_baseline/ribbons/196024.npy,,success,,good,0.6244,0.4848,0.4899,0.3073,0.3701,0.463672,0.134,0.136409,349,296,282,101.24,0.6368,False,,bbox,baseline,False
195958,Elagabalus,/root/trivalaya-vision/legend_cnn/runs/run_20260410_002707_baseline/ribbons/195958.npy,,success,,good,0.5504,1.0,1.0,0.5517,0.1207,0.172118,0.2298,0.014508,215,217,208,56.59,0.6547,False,,bbox,baseline,False
198306,Gordian III,/root/trivalaya-vision/legend_cnn/runs/run_20260410_002707_baseline/ribbons/198306.npy,,success,,bad_geometry,0.7408,0.9973,1.0,0.491,0.2038,0.753495,0.3052,0.040922,256,256,220,0.0,0.573,True,center_out_of_bounds,bbox,baseline,False
196454,Elagabalus,/root/trivalaya-vision/legend_cnn/runs/run_20260410_002707_baseline/ribbons/196454.npy,,success,,good,0.6466,0.9942,0.9945,0.4874,0.1626,0.295965,0.1786,0.026159,249,262,236,9.22,0.6566,False,,bbox,baseline,False
148430,Gordian III,/root/trivalaya-vision/legend_cnn/runs/run_20260410_002707_baseline/ribbons/148430.npy,,success,,bad_geometry,0.486,0.476,0.4764,0.273,0.3325,0.255203,0.1048,0.110082,373,292,301,122.41,0.7234,False,,bbox,baseline,False
160490,Elagabalus,/root/trivalaya-vision/legend_cnn/runs/run_20260410_002707_baseline/ribbons/160490.npy,,success,,good,0.604,0.4519,0.4566,0.295,0.3604,0.49768,0.1348,0.128421,362,311,292,119.42,0.6662,False,,bbox,baseline,False
196432,Elagabalus,/root/trivalaya-vision/legend_cnn/runs/run_20260410_002707_baseline/ribbons/196432.npy,,success,,bad_geometry,0.5521,0.9961,1.0,0.3221,0.1281,0.325914,0.3376,0.015995,256,256,220,0.0,0.6886,True,center_out_of_bounds,bbox,baseline,False
196118,Elagabalus,/root/trivalaya-vision/legend_cnn/runs/run_20260410_002707_baseline/ribbons/196118.npy,,success,,bad_geometry,0.5953,1.0,1.0,0.6639,0.1731,0.383478,0.3077,0.029478,256,256,220,0.0,0.6304,True,center_out_of_bounds,bbox,baseline,False
160466,Elagabalus,/root/trivalaya-vision/legend_cnn/runs/run_20260410_002707_baseline/ribbons/160466.npy,,success,,good,0.7151,0.5301,0.5366,0.3402,0.3666,0.635534,0.1493,0.133975,343,280,278,90.25,0.6639,False,,bbox,baseline,False
164097,Gordian III,/root/trivalaya-vision/legend_cnn/runs/run_20260410_002707_baseline/ribbons/164097.npy,,success,,good,0.6867,0.4682,0.4688,0.2975,0.3607,0.582525,0.1335,0.128208,297,294,297,55.9,0.6651,False,,bbox,baseline,False
199611,Gordian III,/root/trivalaya-vision/legend_cnn/runs/run_20260410_002707_baseline/ribbons/199611.npy,,success,,bad_geometry,0.45,1.0,1.0,0.2766,0.0665,0.066485,0.1298,0.004382,256,256,220,0.0,0.5713,True,center_out_of_bounds,bbox,baseline,False
198334,Gordian III,/root/trivalaya-vision/legend_cnn/runs/run_20260410_002707_baseline/ribbons/198334.npy,,success,,good,0.5962,0.9107,0.953,0.4319,0.1909,0.242127,0.2352,0.028254,248,247,248,12.04,0.6992,False,,bbox,baseline,False
112795,Gordian III,/root/trivalaya-vision/legend_cnn/runs/run_20260410_002707_baseline/ribbons/112795.npy,,success,,good,0.7171,0.4597,0.4681,0.2908,0.3716,0.622378,0.123,0.137029,296,283,296,48.26,0.6536,False,,bbox,baseline,False
199251,Gordian III,/root/trivalaya-vision/legend_cnn/runs/run_20260410_002707_baseline/ribbons/199251.npy,,success,,bad_geometry,0.45,1.0,1.0,0.3103,0.0384,0.025928,0.046,0.001465,256,256,220,0.0,0.6917,True,center_out_of_bounds,bbox,baseline,False
201036,Gordian III,/root/trivalaya-vision/legend_cnn/runs/run_20260410_002707_baseline/ribbons/201036.npy,,success,,bad_geometry,0.5433,0.9972,0.9974,0.5387,0.1355,0.29687,0.3113,0.018071,256,256,220,0.0,0.6844,True,center_out_of_bounds,bbox,baseline,False
199743,Gordian III,/root/trivalaya-vision/legend_cnn/runs/run_20260410_002707_baseline/ribbons/199743.npy,,success,,bad_geometry,0.6977,0.9999,1.0,0.5735,0.2158,0.57975,0.3049,0.045556,256,256,220,0.0,0.6359,True,center_out_of_bounds,bbox,baseline,False
144173,Elagabalus,/root/trivalaya-vision/legend_cnn/runs/run_20260410_002707_baseline/ribbons/144173.npy,,success,,bad_geometry,0.6159,0.9986,1.0,0.5517,0.175,0.432924,0.339,0.030035,256,256,220,0.0,0.5119,True,center_out_of_bounds,bbox,baseline,False
198487,Gordian III,/root/trivalaya-vision/legend_cnn/runs/run_20260410_002707_baseline/ribbons/198487.npy,,success,,good,0.5806,0.9981,0.9999,0.4358,0.1355,0.209295,0.247,0.017789,275,221,222,39.82,0.6604,False,,bbox,baseline,False
201116,Gordian III,/root/trivalaya-vision/legend_cnn/runs/run_20260410_002707_baseline/ribbons/201116.npy,,success,,bad_geometry,0.5529,0.6069,0.8606,0.4106,0.419,0.193063,0.0417,0.173963,256,256,220,0.0,0.5922,True,center_out_of_bounds,bbox,baseline,False
199848,Gordian III,/root/trivalaya-vision/legend_cnn/runs/run_20260410_002707_baseline/ribbons/199848.npy,,success,,bad_geometry,0.4815,0.9908,0.991,0.2868,0.1286,0.160867,0.2374,0.015456,256,256,220,0.0,0.6888,True,center_out_of_bounds,bbox,baseline,False
199669,Gordian III,/root/trivalaya-vision/legend_cnn/runs/run_20260410_002707_baseline/ribbons/199669.npy,,success,,bad_geometry,0.6258,0.9999,1.0,0.4758,0.1798,0.449646,0.3257,0.03191,256,256,220,0.0,0.5929,True,center_out_of_bounds,bbox,baseline,False
199597,Gordian III,/root/trivalaya-vision/legend_cnn/runs/run_20260410_002707_baseline/ribbons/199597.npy,,success,,good,0.6433,0.6443,0.6447,0.4931,0.3996,0.227398,0.1261,0.157298,308,246,249,52.95,0.6312,False,,bbox,baseline,False
108369,Gordian III,/root/trivalaya-vision/legend_cnn/runs/run_20260410_002707_baseline/ribbons/108369.npy,,success,,good,0.5908,0.4978,0.4992,0.2644,0.3048,0.478223,0.1308,0.088374,300,311,300,70.43,0.7107,False,,bbox,baseline,False
201074,Gordian III,/root/trivalaya-vision/legend_cnn/runs/run_20260410_002707_baseline/ribbons/201074.npy,,success,,bad_geometry,0.6024,1.0,1.0,0.5791,0.1562,0.423191,0.3119,0.022654,256,256,220,0.0,0.6887,True,center_out_of_bounds,bbox,baseline,False
191449,Gordian III,/root/trivalaya-vision/legend_cnn/runs/run_20260410_002707_baseline/ribbons/191449.npy,,success,,good,0.5514,0.6086,0.609,0.3597,0.3183,0.245964,0.1815,0.100687,324,269,262,69.23,0.6388,False,,bbox,baseline,False
201073,Gordian III,/root/trivalaya-vision/legend_cnn/runs/run_20260410_002707_baseline/ribbons/201073.npy,,success,,bad_geometry,0.5839,0.6548,0.9349,0.4602,0.4263,0.227659,0.0475,0.175321,256,256,220,0.0,0.5913,True,center_out_of_bounds,bbox,baseline,False
160641,Gordian III,/root/trivalaya-vision/legend_cnn/runs/run_20260410_002707_baseline/ribbons/160641.npy,,success,,good,0.7096,0.6379,0.6435,0.3887,0.3495,0.518952,0.1899,0.119642,307,274,248,54.08,0.5912,False,,bbox,baseline,False
172054,Gordian III,/root/trivalaya-vision/legend_cnn/runs/run_20260410_002707_baseline/ribbons/172054.npy,,success,,borderline,0.5462,0.4174,0.4198,0.2387,0.3236,0.453157,0.1278,0.103945,358,300,289,111.09,0.5927,False,,bbox,baseline,False
129139,Gordian III,/root/trivalaya-vision/legend_cnn/runs/run_20260410_002707_baseline/ribbons/129139.npy,,success,,bad_geometry,0.781,0.9919,0.9999,0.6463,0.2744,1.034197,0.3043,0.072163,256,256,220,0.0,0.5739,True,center_out_of_bounds,bbox,baseline,False
130062,Gordian III,/root/trivalaya-vision/legend_cnn/runs/run_20260410_002707_baseline/ribbons/130062.npy,,success,,bad_geometry,0.5668,0.9764,0.9995,0.3521,0.1592,0.353557,0.2986,0.023616,256,256,220,0.0,0.6582,True,center_out_of_bounds,bbox,baseline,False
199141,Gordian III,/root/trivalaya-vision/legend_cnn/runs/run_20260410_002707_baseline/ribbons/199141.npy,,success,,bad_geometry,0.4652,0.9998,1.0,0.274,0.0886,0.131907,0.2398,0.007818,256,256,220,0.0,0.653,True,center_out_of_bounds,bbox,baseline,False
197983,Gordian III,/root/trivalaya-vision/legend_cnn/runs/run_20260410_002707_baseline/ribbons/197983.npy,,success,,good,0.6117,1.0,1.0,0.4331,0.1255,0.272754,0.2452,0.014972,238,235,232,27.66,0.6493,False,,bbox,baseline,False
172076,Gordian III,/root/trivalaya-vision/legend_cnn/runs/run_20260410_002707_baseline/ribbons/172076.npy,,success,,good,0.6375,0.3785,0.3836,0.2085,0.3163,0.655718,0.1108,0.09893,307,302,292,68.68,0.6083,False,,bbox,baseline,False
199735,Gordian III,/root/trivalaya-vision/legend_cnn/runs/run_20260410_002707_baseline/ribbons/199735.npy,,success,,bad_geometry,0.4775,0.9955,0.9996,0.2982,0.112,0.156969,0.2364,0.012464,256,256,220,0.0,0.6385,True,center_out_of_bounds,bbox,baseline,False
129931,Gordian III,/root/trivalaya-vision/legend_cnn/runs/run_20260410_002707_baseline/ribbons/129931.npy,,success,,bad_geometry,0.5485,0.9504,0.9873,0.3251,0.161,0.329948,0.3028,0.024009,256,256,220,0.0,0.6511,True,center_out_of_bounds,bbox,baseline,False
117466,Gordian III,/root/trivalaya-vision/legend_cnn/runs/run_20260410_002707_baseline/ribbons/117466.npy,,success,,borderline,0.4524,0.5753,0.5762,0.2315,0.2173,0.204651,0.1197,0.04396,300,297,300,60.14,0.7983,False,,bbox,baseline,False
148431,Gordian III,/root/trivalaya-vision/legend_cnn/runs/run_20260410_002707_baseline/ribbons/148431.npy,,success,,good,0.5832,0.42,0.4366,0.1812,0.2786,0.549846,0.1247,0.07634,296,302,302,60.96,0.6818,False,,bbox,baseline,False
199554,Gordian III,/root/trivalaya-vision/legend_cnn/runs/run_20260410_002707_baseline/ribbons/199554.npy,,success,,bad_geometry,0.4998,1.0,1.0,0.5236,0.1066,0.211034,0.2207,0.011325,256,256,220,0.0,0.6214,True,center_out_of_bounds,bbox,baseline,False
171800,Hadrian,/root/trivalaya-vision/legend_cnn/runs/run_20260410_002707_baseline/ribbons/171800.npy,,success,,borderline,0.5384,0.4657,0.4706,0.274,0.3235,0.366845,0.1489,0.103729,338,303,273,94.51,0.6008,False,,bbox,baseline,False
137480,Hadrian,/root/trivalaya-vision/legend_cnn/runs/run_20260410_002707_baseline/ribbons/137480.npy,,success,,bad_geometry,0.5367,0.9985,1.0,0.4736,0.1398,0.278616,0.2964,0.01839,256,256,220,0.0,0.5111,True,center_out_of_bounds,bbox,baseline,False
128413,Hadrian,/root/trivalaya-vision/legend_cnn/runs/run_20260410_002707_baseline/ribbons/128413.npy,,success,,bad_geometry,0.7633,1.0,1.0,0.5664,0.2493,1.007344,0.3277,0.056924,256,256,220,0.0,0.6802,True,center_out_of_bounds,bbox,baseline,False
137962,Hadrian,/root/trivalaya-vision/legend_cnn/runs/run_20260410_002707_baseline/ribbons/137962.npy,,success,,borderline,0.5258,0.4644,0.465,0.3041,0.3473,0.257895,0.1529,0.115357,300,309,300,68.88,0.7354,False,,bbox,baseline,False
203340,Hadrian,/root/trivalaya-vision/legend_cnn/runs/run_20260410_002707_baseline/ribbons/203340.npy,,success,,bad_geometry,0.6373,0.9932,1.0,0.3929,0.2059,0.449717,0.2979,0.042197,256,256,220,0.0,0.6157,True,center_out_of_bounds,bbox,baseline,False
159973,Hadrian,/root/trivalaya-vision/legend_cnn/runs/run_20260410_002707_baseline/ribbons/159973.npy,,success,,good,0.7076,0.5014,0.5068,0.2988,0.3767,0.540036,0.1242,0.140579,291,277,291,40.82,0.6715,False,,bbox,baseline,False
150254,Hadrian,/root/trivalaya-vision/legend_cnn/runs/run_20260410_002707_baseline/ribbons/150254.npy,,success,,bad_geometry,0.5028,0.4635,0.4638,0.3518,0.4218,0.193332,0.0444,0.177046,256,256,220,0.0,0.5221,True,center_out_of_bounds,bbox,baseline,False
141147,Hadrian,/root/trivalaya-vision/legend_cnn/runs/run_20260410_002707_baseline/ribbons/141147.npy,,success,,borderline,0.4411,0.4614,0.4691,0.2034,0.2772,0.263643,0.0699,0.076503,367,300,296,119.4,0.6736,False,,bbox,baseline,False
118220,Hadrian,/root/trivalaya-vision/legend_cnn/runs/run_20260410_002707_baseline/ribbons/118220.npy,,success,,good,0.645,0.4395,0.4398,0.3116,0.3888,0.429292,0.1023,0.147868,297,282,297,48.55,0.6408,False,,bbox,baseline,False
123612,Hadrian,/root/trivalaya-vision/legend_cnn/runs/run_20260410_002707_baseline/ribbons/123612.npy,,success,,bad_geometry,0.564,0.9831,0.9999,0.471,0.2115,0.297649,0.1303,0.036916,256,256,220,0.0,0.5728,True,center_out_of_bounds,bbox,baseline,False
151317,Hadrian,/root/trivalaya-vision/legend_cnn/runs/run_20260410_002707_baseline/ribbons/151317.npy,,success,,bad_geometry,0.5565,0.5158,0.5171,0.3985,0.4358,0.279223,0.0808,0.186491,256,256,220,0.0,0.5447,True,center_out_of_bounds,bbox,baseline,False
129871,Hadrian,/root/trivalaya-vision/legend_cnn/runs/run_20260410_002707_baseline/ribbons/129871.npy,,success,,bad_geometry,0.5648,0.9713,0.9978,0.3852,0.1401,0.367167,0.1896,0.019312,256,256,220,0.0,0.6487,True,center_out_of_bounds,bbox,baseline,False
202966,Hadrian,/root/trivalaya-vision/legend_cnn/runs/run_20260410_002707_baseline/ribbons/202966.npy,,success,,bad_geometry,0.5033,1.0,1.0,0.695,0.114,0.215526,0.2281,0.012541,256,256,220,0.0,0.6736,True,center_out_of_bounds,bbox,baseline,False
202643,Hadrian,/root/trivalaya-vision/legend_cnn/runs/run_20260410_002707_baseline/ribbons/202643.npy,,success,,bad_geometry,0.5444,0.9944,0.9944,0.5367,0.1491,0.288956,0.2718,0.022054,256,256,220,0.0,0.7089,True,center_out_of_bounds,bbox,baseline,False
119813,Hadrian,/root/trivalaya-vision/legend_cnn/runs/run_20260410_002707_baseline/ribbons/119813.npy,,success,,good,0.698,0.6089,0.6092,0.4348,0.3919,0.392583,0.1367,0.152529,296,276,271,44.72,0.6707,False,,bbox,baseline,False
137491,Hadrian,/root/trivalaya-vision/legend_cnn/runs/run_20260410_002707_baseline/ribbons/137491.npy,,success,,bad_geometry,0.464,0.5071,0.5081,0.3058,0.3853,0.061892,0.0118,0.148438,256,256,220,0.0,0.5552,True,center_out_of_bounds,bbox,baseline,False
143398,Hadrian,/root/trivalaya-vision/legend_cnn/runs/run_20260410_002707_baseline/ribbons/143398.npy,,success,,bad_geometry,0.5702,1.0,1.0,0.4004,0.1506,0.347056,0.3125,0.021998,256,256,220,0.0,0.6435,True,center_out_of_bounds,bbox,baseline,False
137976,Hadrian,/root/trivalaya-vision/legend_cnn/runs/run_20260410_002707_baseline/ribbons/137976.npy,,success,,borderline,0.4486,0.5455,0.5479,0.1986,0.2131,0.212077,0.1283,0.043636,304,281,296,54.12,0.7631,False,,bbox,baseline,False
142204,Hadrian,/root/trivalaya-vision/legend_cnn/runs/run_20260410_002707_baseline/ribbons/142204.npy,,success,,bad_geometry,0.6418,0.9845,0.9999,0.5202,0.1947,0.492947,0.1876,0.034622,256,256,220,0.0,0.5631,True,center_out_of_bounds,bbox,baseline,False
203353,Hadrian,/root/trivalaya-vision/legend_cnn/runs/run_20260410_002707_baseline/ribbons/203353.npy,,success,,good,0.5501,0.4478,0.4819,0.2463,0.3443,0.39055,0.123,0.118294,364,284,294,111.57,0.68,False,,bbox,baseline,False
151318,Hadrian,/root/trivalaya-vision/legend_cnn/runs/run_20260410_002707_baseline/ribbons/151318.npy,,success,,borderline,0.4663,0.5264,0.5283,0.2453,0.2584,0.232225,0.1573,0.066035,328,278,265,75.29,0.6062,False,,bbox,baseline,False
131409,Hadrian,/root/trivalaya-vision/legend_cnn/runs/run_20260410_002707_baseline/ribbons/131409.npy,,success,,bad_geometry,0.4845,0.3342,0.3344,0.2078,0.3211,0.439361,0.1078,0.10281,362,361,334,149.2,0.6436,False,,bbox,baseline,False
119817,Hadrian,/root/trivalaya-vision/legend_cnn/runs/run_20260410_002707_baseline/ribbons/119817.npy,,success,,borderline,0.4494,0.4485,0.4487,0.2572,0.3193,0.21409,0.092,0.101296,368,298,297,119.62,0.6588,False,,bbox,baseline,False
129979,Hadrian,/root/trivalaya-vision/legend_cnn/runs/run_20260410_002707_baseline/ribbons/129979.npy,,success,,bad_geometry,0.7279,0.9551,0.996,0.5192,0.2328,0.67053,0.2955,0.051874,256,256,220,0.0,0.6383,True,center_out_of_bounds,bbox,baseline,False
130590,Hadrian,/root/trivalaya-vision/legend_cnn/runs/run_20260410_002707_baseline/ribbons/130590.npy,,success,,bad_geometry,0.5038,0.9569,0.9955,0.386,0.1438,0.229848,0.3076,0.019728,256,256,220,0.0,0.6473,True,center_out_of_bounds,bbox,baseline,False
126564,Hadrian,/root/trivalaya-vision/legend_cnn/runs/run_20260410_002707_baseline/ribbons/126564.npy,,success,,borderline,0.5493,0.5751,0.5756,0.3335,0.3282,0.245007,0.1468,0.10604,310,292,250,64.9,0.5677,False,,bbox,baseline,False
126536,Hadrian,/root/trivalaya-vision/legend_cnn/runs/run_20260410_002707_baseline/ribbons/126536.npy,,success,,borderline,0.5287,0.5046,0.5052,0.2878,0.3119,0.307032,0.1525,0.096135,331,274,268,77.13,0.5997,False,,bbox,baseline,False
207438,Maximian,/root/trivalaya-vision/legend_cnn/runs/run_20260410_002707_baseline/ribbons/207438.npy,,success,,bad_geometry,0.5381,1.0,1.0,0.5135,0.2176,0.188478,0.2834,0.046661,256,256,220,0.0,0.7266,True,center_out_of_bounds,bbox,baseline,False
207371,Maximian,/root/trivalaya-vision/legend_cnn/runs/run_20260410_002707_baseline/ribbons/207371.npy,,success,,bad_geometry,0.6649,1.0,1.0,0.5741,0.1907,0.531904,0.3355,0.035782,256,256,220,0.0,0.7275,True,center_out_of_bounds,bbox,baseline,False
109743,Hadrian,/root/trivalaya-vision/legend_cnn/runs/run_20260410_002707_baseline/ribbons/109743.npy,,success,,bad_geometry,0.6416,0.9907,0.9998,0.5257,0.1795,0.503155,0.2802,0.029729,256,256,220,0.0,0.511,True,center_out_of_bounds,bbox,baseline,False
139472,Maximian,/root/trivalaya-vision/legend_cnn/runs/run_20260410_002707_baseline/ribbons/139472.npy,,success,,bad_geometry,0.6414,0.7595,0.7803,0.3469,0.2914,0.548618,0.2226,0.075744,256,256,220,0.0,0.3973,True,center_out_of_bounds,bbox,baseline,False
131973,Hadrian,/root/trivalaya-vision/legend_cnn/runs/run_20260410_002707_baseline/ribbons/131973.npy,,success,,bad_geometry,0.6911,0.9992,1.0,0.5955,0.1974,0.586664,0.2856,0.038728,256,256,220,0.0,0.5121,True,center_out_of_bounds,bbox,baseline,False
109744,Hadrian,/root/trivalaya-vision/legend_cnn/runs/run_20260410_002707_baseline/ribbons/109744.npy,,success,,bad_geometry,0.7104,0.999,1.0,0.5891,0.1952,0.636974,0.3093,0.037755,256,256,220,0.0,0.5124,True,center_out_of_bounds,bbox,baseline,False
206878,Maximian,/root/trivalaya-vision/legend_cnn/runs/run_20260410_002707_baseline/ribbons/206878.npy,,success,,borderline,0.4383,0.3521,0.3523,0.2419,0.3428,0.183636,0.0974,0.116405,332,317,321,97.45,0.6469,False,,bbox,baseline,False
161124,Maximian,/root/trivalaya-vision/legend_cnn/runs/run_20260410_002707_baseline/ribbons/161124.npy,,success,,bad_geometry,0.5057,0.4676,0.4803,0.2409,0.32,0.336987,0.1314,0.10188,372,295,300,122.38,0.7208,False,,bbox,baseline,False
207471,Maximian,/root/trivalaya-vision/legend_cnn/runs/run_20260410_002707_baseline/ribbons/207471.npy,,success,,bad_geometry,0.3128,0.3616,0.3618,0.1652,0.2327,0.156318,0.1259,0.054036,384,330,310,147.85,0.6158,False,,bbox,baseline,False
155126,Maximian,/root/trivalaya-vision/legend_cnn/runs/run_20260410_002707_baseline/ribbons/155126.npy,,success,,bad_geometry,0.5418,0.9894,0.9999,0.3938,0.1982,0.239737,0.2504,0.03645,256,256,220,0.0,0.6791,True,center_out_of_bounds,bbox,baseline,False
161069,Maximian,/root/trivalaya-vision/legend_cnn/runs/run_20260410_002707_baseline/ribbons/161069.npy,,success,,good,0.5871,0.448,0.4698,0.2388,0.3455,0.376947,0.1063,0.117997,296,281,296,47.17,0.6773,False,,bbox,baseline,False
172282,Maximian,/root/trivalaya-vision/legend_cnn/runs/run_20260410_002707_baseline/ribbons/172282.npy,,success,,borderline,0.4856,0.4378,0.4388,0.1799,0.2664,0.350084,0.1101,0.070474,324,301,285,81.54,0.5893,False,,bbox,baseline,False
206991,Maximian,/root/trivalaya-vision/legend_cnn/runs/run_20260410_002707_baseline/ribbons/206991.npy,,success,,borderline,0.4348,0.478,0.4782,0.2348,0.3009,0.181545,0.0688,0.090146,365,291,295,114.48,0.6859,False,,bbox,baseline,False
172291,Maximian,/root/trivalaya-vision/legend_cnn/runs/run_20260410_002707_baseline/ribbons/172291.npy,,success,,good,0.603,0.4013,0.4076,0.2106,0.3089,0.559567,0.1306,0.09459,303,300,290,64.38,0.5829,False,,bbox,baseline,False
207428,Maximian,/root/trivalaya-vision/legend_cnn/runs/run_20260410_002707_baseline/ribbons/207428.npy,,success,,bad_geometry,0.4522,1.0,1.0,0.2866,0.1129,0.078832,0.1287,0.011508,256,256,220,0.0,0.7361,True,center_out_of_bounds,bbox,baseline,False
206966,Maximian,/root/trivalaya-vision/legend_cnn/runs/run_20260410_002707_baseline/ribbons/206966.npy,,success,,bad_geometry,0.6422,0.9996,1.0,0.5207,0.1504,0.521515,0.3018,0.022212,256,256,220,0.0,0.6816,True,center_out_of_bounds,bbox,baseline,False
161106,Maximian,/root/trivalaya-vision/legend_cnn/runs/run_20260410_002707_baseline/ribbons/161106.npy,,success,,borderline,0.5338,0.4615,0.4856,0.194,0.2935,0.352758,0.1126,0.085915,295,294,295,54.45,0.6869,False,,bbox,baseline,False
152372,Maximian,/root/trivalaya-vision/legend_cnn/runs/run_20260410_002707_baseline/ribbons/152372.npy,,success,,bad_geometry,0.5692,0.6215,0.6394,0.3551,0.3401,0.361668,0.1797,0.115161,256,256,220,0.0,0.6433,True,center_out_of_bounds,bbox,baseline,False
127003,Maximian,/root/trivalaya-vision/legend_cnn/runs/run_20260410_002707_baseline/ribbons/127003.npy,,success,,borderline,0.4571,0.4394,0.44,0.2403,0.2972,0.211239,0.1226,0.085104,300,309,309,68.88,0.7566,False,,bbox,baseline,False
130117,Maximian,/root/trivalaya-vision/legend_cnn/runs/run_20260410_002707_baseline/ribbons/130117.npy,,success,,good,0.6259,0.4458,0.4488,0.2508,0.3369,0.53973,0.1322,0.112869,319,302,290,78.01,0.64,False,,bbox,baseline,False
114531,Maximian,/root/trivalaya-vision/legend_cnn/runs/run_20260410_002707_baseline/ribbons/114531.npy,,success,,bad_geometry,0.5534,0.9766,0.9991,0.3634,0.1452,0.334127,0.2676,0.019553,256,256,220,0.0,0.5993,True,center_out_of_bounds,bbox,baseline,False
164315,Maximian,/root/trivalaya-vision/legend_cnn/runs/run_20260410_002707_baseline/ribbons/164315.npy,,success,,bad_geometry,0.4209,0.4389,0.4392,0.2147,0.2741,0.24216,0.1126,0.074682,344,339,278,120.97,0.6015,False,,bbox,baseline,False
161108,Maximian,/root/trivalaya-vision/legend_cnn/runs/run_20260410_002707_baseline/ribbons/161108.npy,,success,,borderline,0.5354,0.4697,0.4898,0.1973,0.2853,0.367301,0.1127,0.080829,294,296,294,55.17,0.6875,False,,bbox,baseline,False
161156,Maximian,/root/trivalaya-vision/legend_cnn/runs/run_20260410_002707_baseline/ribbons/161156.npy,,success,,borderline,0.4961,0.5195,0.5274,0.2356,0.2613,0.285451,0.1606,0.067791,317,273,256,63.32,0.5658,False,,bbox,baseline,False
164250,Maximian,/root/trivalaya-vision/legend_cnn/runs/run_20260410_002707_baseline/ribbons/164250.npy,,success,,good,0.5837,0.5091,0.5095,0.3507,0.3948,0.314718,0.1066,0.154099,373,277,301,118.87,0.7421,False,,bbox,baseline,False
207015,Maximian,/root/trivalaya-vision/legend_cnn/runs/run_20260410_002707_baseline/ribbons/207015.npy,,success,,borderline,0.5336,1.0,1.0,0.3834,0.1039,0.115759,0.2207,0.009293,222,240,214,37.58,0.6425,False,,bbox,baseline,False
172264,Maximian,/root/trivalaya-vision/legend_cnn/runs/run_20260410_002707_baseline/ribbons/172264.npy,,success,,borderline,0.5282,0.41,0.4164,0.1793,0.2756,0.465885,0.1238,0.074942,325,303,280,83.49,0.5845,False,,bbox,baseline,False
207048,Maximian,/root/trivalaya-vision/legend_cnn/runs/run_20260410_002707_baseline/ribbons/207048.npy,,success,,borderline,0.5452,0.5432,0.5435,0.3461,0.3829,0.187912,0.075,0.145734,355,264,287,99.32,0.6908,False,,bbox,baseline,False
164249,Maximian,/root/trivalaya-vision/legend_cnn/runs/run_20260410_002707_baseline/ribbons/164249.npy,,success,,borderline,0.5267,0.558,0.5585,0.2689,0.2937,0.305049,0.1579,0.085212,332,294,268,84.97,0.6402,False,,bbox,baseline,False
172309,Maximian,/root/trivalaya-vision/legend_cnn/runs/run_20260410_002707_baseline/ribbons/172309.npy,,success,,borderline,0.425,0.3444,0.3447,0.1566,0.2602,0.335143,0.107,0.067139,353,302,285,107.35,0.5746,False,,bbox,baseline,False
212865,Septimius Severus,/root/trivalaya-vision/legend_cnn/runs/run_20260410_002707_baseline/ribbons/212865.npy,,success,,bad_geometry,0.5956,0.6948,0.9347,0.4193,0.4204,0.221943,0.0465,0.170098,256,256,220,0.0,0.5963,True,center_out_of_bounds,bbox,baseline,False
121227,Septimius Severus,/root/trivalaya-vision/legend_cnn/runs/run_20260410_002707_baseline/ribbons/121227.npy,,success,,bad_geometry,0.7737,0.9977,1.0,0.6709,0.2567,0.929048,0.2113,0.065202,256,256,220,0.0,0.6952,True,center_out_of_bounds,bbox,baseline,False
128510,Maximian,/root/trivalaya-vision/legend_cnn/runs/run_20260410_002707_baseline/ribbons/128510.npy,,success,,bad_geometry,0.5929,0.995,0.9955,0.3692,0.1753,0.378565,0.251,0.030492,256,256,220,0.0,0.6548,True,center_out_of_bounds,bbox,baseline,False
142261,Septimius Severus,/root/trivalaya-vision/legend_cnn/runs/run_20260410_002707_baseline/ribbons/142261.npy,,success,,bad_geometry,0.7803,0.9997,1.0,0.5709,0.2653,1.020759,0.2676,0.069591,256,256,220,0.0,0.5154,True,center_out_of_bounds,bbox,baseline,False
212435,Septimius Severus,/root/trivalaya-vision/legend_cnn/runs/run_20260410_002707_baseline/ribbons/212435.npy,,success,,bad_geometry,0.4827,0.9962,1.0,0.278,0.1112,0.170438,0.2678,0.012017,256,256,220,0.0,0.689,True,center_out_of_bounds,bbox,baseline,False
164344,Maximian,/root/trivalaya-vision/legend_cnn/runs/run_20260410_002707_baseline/ribbons/164344.npy,,success,,borderline,0.4559,0.4325,0.433,0.2398,0.2975,0.238614,0.1335,0.087625,329,307,266,89.05,0.5463,False,,bbox,baseline,False
207258,Maximian,/root/trivalaya-vision/legend_cnn/runs/run_20260410_002707_baseline/ribbons/207258.npy,,success,,good,0.5961,0.7811,0.782,0.355,0.2438,0.383212,0.2359,0.058008,194,189,158,91.29,0.5764,False,,bbox,baseline,False
212049,Septimius Severus,/root/trivalaya-vision/legend_cnn/runs/run_20260410_002707_baseline/ribbons/212049.npy,,success,,borderline,0.5254,0.4055,0.4176,0.2074,0.301,0.396759,0.1134,0.088464,304,307,307,70.04,0.674,False,,bbox,baseline,False
211677,Septimius Severus,/root/trivalaya-vision/legend_cnn/runs/run_20260410_002707_baseline/ribbons/211677.npy,,success,,bad_geometry,0.519,0.6406,0.641,0.3951,0.323,0.259192,0.1854,0.10426,256,256,220,0.0,0.6446,True,center_out_of_bounds,bbox,baseline,False
212158,Septimius Severus,/root/trivalaya-vision/legend_cnn/runs/run_20260410_002707_baseline/ribbons/212158.npy,,success,,bad_geometry,0.4598,1.0,1.0,0.2287,0.0847,0.118541,0.2229,0.007057,256,256,220,0.0,0.7193,True,center_out_of_bounds,bbox,baseline,False
212833,Septimius Severus,/root/trivalaya-vision/legend_cnn/runs/run_20260410_002707_baseline/ribbons/212833.npy,,success,,borderline,0.4956,0.4482,0.4511,0.2045,0.2898,0.370148,0.1201,0.083687,357,302,289,110.98,0.6565,False,,bbox,baseline,False
211570,Septimius Severus,/root/trivalaya-vision/legend_cnn/runs/run_20260410_002707_baseline/ribbons/211570.npy,,success,,good,0.5665,0.9767,0.9912,0.6539,0.1764,0.174722,0.2058,0.029238,249,205,201,51.48,0.6632,False,,bbox,baseline,False
108651,Septimius Severus,/root/trivalaya-vision/legend_cnn/runs/run_20260410_002707_baseline/ribbons/108651.npy,,success,,good,0.5784,0.9942,0.9945,0.5046,0.1648,0.205286,0.2183,0.026113,249,201,201,55.44,0.6827,False,,bbox,baseline,False
212156,Septimius Severus,/root/trivalaya-vision/legend_cnn/runs/run_20260410_002707_baseline/ribbons/212156.npy,,success,,bad_geometry,0.5417,0.9983,1.0,0.3378,0.1746,0.25641,0.2816,0.029011,256,256,220,0.0,0.7043,True,center_out_of_bounds,bbox,baseline,False
126721,Septimius Severus,/root/trivalaya-vision/legend_cnn/runs/run_20260410_002707_baseline/ribbons/126721.npy,,success,,bad_geometry,0.5874,0.582,0.583,0.4481,0.4308,0.297937,0.0901,0.171729,256,256,220,0.0,0.5528,True,center_out_of_bounds,bbox,baseline,False
212853,Septimius Severus,/root/trivalaya-vision/legend_cnn/runs/run_20260410_002707_baseline/ribbons/212853.npy,,success,,bad_geometry,0.5771,0.6605,0.9017,0.4,0.4203,0.206344,0.0458,0.170283,256,256,220,0.0,0.5947,True,center_out_of_bounds,bbox,baseline,False
126748,Septimius Severus,/root/trivalaya-vision/legend_cnn/runs/run_20260410_002707_baseline/ribbons/126748.npy,,success,,good,0.6372,0.5172,0.5175,0.2965,0.3281,0.528695,0.1515,0.10668,327,291,264,79.16,0.5948,False,,bbox,baseline,False
212165,Septimius Severus,/root/trivalaya-vision/legend_cnn/runs/run_20260410_002707_baseline/ribbons/212165.npy,,success,,bad_geometry,0.6845,0.9986,0.9987,0.6826,0.3291,0.348448,0.1688,0.106863,256,256,220,0.0,0.7589,True,center_out_of_bounds,bbox,baseline,False
212879,Septimius Severus,/root/trivalaya-vision/legend_cnn/runs/run_20260410_002707_baseline/ribbons/212879.npy,,success,,bad_geometry,0.5833,0.6615,0.9025,0.4174,0.4246,0.220488,0.0483,0.172643,256,256,220,0.0,0.6018,True,center_out_of_bounds,bbox,baseline,False
117361,Septimius Severus,/root/trivalaya-vision/legend_cnn/runs/run_20260410_002707_baseline/ribbons/117361.npy,,success,,good,0.5637,0.4158,0.4161,0.2688,0.3511,0.361471,0.1214,0.121256,297,303,303,62.37,0.6732,False,,bbox,baseline,False
212838,Septimius Severus,/root/trivalaya-vision/legend_cnn/runs/run_20260410_002707_baseline/ribbons/212838.npy,,success,,bad_geometry,0.5145,0.9956,0.9959,0.8119,0.1666,0.199324,0.1042,0.026903,256,256,220,0.0,0.5937,True,center_out_of_bounds,bbox,baseline,False
160185,Septimius Severus,/root/trivalaya-vision/legend_cnn/runs/run_20260410_002707_baseline/ribbons/160185.npy,,success,,bad_geometry,0.6742,0.431,0.4395,0.2693,0.3581,0.731819,0.1329,0.126375,369,310,300,125.24,0.6704,False,,bbox,baseline,False
117371,Septimius Severus,/root/trivalaya-vision/legend_cnn/runs/run_20260410_002707_baseline/ribbons/117371.npy,,success,,borderline,0.4196,0.4735,0.4742,0.261,0.2873,0.135288,0.125,0.081724,339,289,274,89.32,0.6125,False,,bbox,baseline,False
122119,Septimius Severus,/root/trivalaya-vision/legend_cnn/runs/run_20260410_002707_baseline/ribbons/122119.npy,,success,,bad_geometry,0.7582,0.9952,1.0,0.5019,0.2387,0.821502,0.3147,0.054394,256,256,220,0.0,0.6269,True,center_out_of_bounds,bbox,baseline,False
123624,Septimius Severus,/root/trivalaya-vision/legend_cnn/runs/run_20260410_002707_baseline/ribbons/123624.npy,,success,,bad_geometry,0.7547,0.9985,1.0,0.6258,0.2285,0.944262,0.3078,0.050875,256,256,220,0.0,0.5879,True,center_out_of_bounds,bbox,baseline,False
126740,Septimius Severus,/root/trivalaya-vision/legend_cnn/runs/run_20260410_002707_baseline/ribbons/126740.npy,,success,,good,0.579,0.525,0.5255,0.325,0.3366,0.349413,0.1687,0.110727,300,308,300,68.12,0.7095,False,,bbox,baseline,False
129914,Septimius Severus,/root/trivalaya-vision/legend_cnn/runs/run_20260410_002707_baseline/ribbons/129914.npy,,success,,bad_geometry,0.5311,0.973,0.9976,0.4002,0.1561,0.27124,0.2307,0.02316,256,256,220,0.0,0.6324,True,center_out_of_bounds,bbox,baseline,False
211579,Septimius Severus,/root/trivalaya-vision/legend_cnn/runs/run_20260410_002707_baseline/ribbons/211579.npy,,success,,good,0.6236,1.0,1.0,0.6137,0.1503,0.307046,0.2185,0.021597,250,212,203,44.41,0.607,False,,bbox,baseline,False
122128,Septimius Severus,/root/trivalaya-vision/legend_cnn/runs/run_20260410_002707_baseline/ribbons/122128.npy,,success,,bad_geometry,0.7223,0.9052,0.9746,0.512,0.2733,0.640022,0.2927,0.070011,256,256,220,0.0,0.6029,True,center_out_of_bounds,bbox,baseline,False
211590,Septimius Severus,/root/trivalaya-vision/legend_cnn/runs/run_20260410_002707_baseline/ribbons/211590.npy,,success,,good,0.6271,0.9956,0.9994,0.5172,0.1591,0.289745,0.2909,0.024034,235,233,230,31.14,0.6805,False,,bbox,baseline,False
114439,Severus Alexander,/root/trivalaya-vision/legend_cnn/runs/run_20260410_002707_baseline/ribbons/114439.npy,,success,,bad_geometry,0.5077,0.9948,0.9999,0.4368,0.1248,0.224395,0.2021,0.014451,256,256,220,0.0,0.5576,True,center_out_of_bounds,bbox,baseline,False
214342,Severus Alexander,/root/trivalaya-vision/legend_cnn/runs/run_20260410_002707_baseline/ribbons/214342.npy,,success,,bad_geometry,0.2488,0.3792,0.3806,0.0927,0.1275,0.052733,0.0819,0.016185,372,332,300,138.68,0.6155,False,,bbox,baseline,False
212184,Septimius Severus,/root/trivalaya-vision/legend_cnn/runs/run_20260410_002707_baseline/ribbons/212184.npy,,success,,bad_geometry,0.5495,0.7597,0.7613,0.4618,0.3792,0.107026,0.1416,0.142518,256,256,220,0.0,0.6438,True,center_out_of_bounds,bbox,baseline,False
213676,Severus Alexander,/root/trivalaya-vision/legend_cnn/runs/run_20260410_002707_baseline/ribbons/213676.npy,,success,,bad_geometry,0.5343,0.9999,1.0,0.5292,0.1707,0.239083,0.2992,0.028344,256,256,220,0.0,0.7618,True,center_out_of_bounds,bbox,baseline,False
213821,Severus Alexander,/root/trivalaya-vision/legend_cnn/runs/run_20260410_002707_baseline/ribbons/213821.npy,,success,,bad_geometry,0.5845,1.0,1.0,0.5581,0.1814,0.347268,0.3147,0.03252,256,256,220,0.0,0.6864,True,center_out_of_bounds,bbox,baseline,False
212408,Septimius Severus,/root/trivalaya-vision/legend_cnn/runs/run_20260410_002707_baseline/ribbons/212408.npy,,success,,borderline,0.4952,0.6243,0.6251,0.2548,0.2252,0.224114,0.18,0.049634,301,252,243,45.18,0.5568,False,,bbox,baseline,False
214339,Severus Alexander,/root/trivalaya-vision/legend_cnn/runs/run_20260410_002707_baseline/ribbons/214339.npy,,success,,bad_geometry,0.5841,0.6641,0.889,0.4565,0.4219,0.220278,0.0475,0.173334,256,256,220,0.0,0.5887,True,center_out_of_bounds,bbox,baseline,False
212112,Septimius Severus,/root/trivalaya-vision/legend_cnn/runs/run_20260410_002707_baseline/ribbons/212112.npy,,success,,bad_geometry,0.4798,1.0,1.0,0.5218,0.0997,0.167131,0.1826,0.009891,256,256,220,0.0,0.6364,True,center_out_of_bounds,bbox,baseline,False
213152,Severus Alexander,/root/trivalaya-vision/legend_cnn/runs/run_20260410_002707_baseline/ribbons/213152.npy,,success,,good,0.5532,0.9999,1.0,0.3943,0.094,0.144454,0.2582,0.008173,244,233,224,25.94,0.6339,False,,bbox,baseline,False
126832,Severus Alexander,/root/trivalaya-vision/legend_cnn/runs/run_20260410_002707_baseline/ribbons/126832.npy,,success,,good,0.6322,0.8385,0.8393,0.5139,0.3384,0.201955,0.1703,0.113905,260,188,210,68.12,0.6429,False,,bbox,baseline,False
213905,Severus Alexander,/root/trivalaya-vision/legend_cnn/runs/run_20260410_002707_baseline/ribbons/213905.npy,,success,,bad_geometry,0.5867,0.9737,0.974,0.5207,0.22,0.325278,0.2369,0.047743,256,256,220,0.0,0.6895,True,center_out_of_bounds,bbox,baseline,False
160596,Severus Alexander,/root/trivalaya-vision/legend_cnn/runs/run_20260410_002707_baseline/ribbons/160596.npy,,success,,good,0.7496,0.466,0.4742,0.2946,0.3752,0.74804,0.1289,0.1366,295,289,295,51.09,0.6758,False,,bbox,baseline,False
160522,Severus Alexander,/root/trivalaya-vision/legend_cnn/runs/run_20260410_002707_baseline/ribbons/160522.npy,,success,,bad_geometry,0.5216,0.4348,0.4459,0.2836,0.3524,0.330326,0.1247,0.123292,363,311,293,120.31,0.6629,False,,bbox,baseline,False
213539,Severus Alexander,/root/trivalaya-vision/legend_cnn/runs/run_20260410_002707_baseline/ribbons/213539.npy,,success,,bad_geometry,0.4255,0.6384,0.6385,0.32,0.2672,0.127644,0.0695,0.070751,176,141,142,140.09,0.6761,False,,bbox,baseline,False
213337,Severus Alexander,/root/trivalaya-vision/legend_cnn/runs/run_20260410_002707_baseline/ribbons/213337.npy,,success,,good,0.5964,0.9809,0.9811,0.7439,0.1745,0.253769,0.2536,0.029565,220,210,209,58.41,0.6582,False,,bbox,baseline,False
213046,Severus Alexander,/root/trivalaya-vision/legend_cnn/runs/run_20260410_002707_baseline/ribbons/213046.npy,,success,,bad_geometry,0.5264,1.0,1.0,0.5171,0.1129,0.271968,0.3025,0.01241,256,256,220,0.0,0.6703,True,center_out_of_bounds,bbox,baseline,False
214330,Severus Alexander,/root/trivalaya-vision/legend_cnn/runs/run_20260410_002707_baseline/ribbons/214330.npy,,success,,bad_geometry,0.5951,0.6966,0.8813,0.4242,0.4196,0.219314,0.0474,0.16853,256,256,220,0.0,0.5922,True,center_out_of_bounds,bbox,baseline,False
114448,Severus Alexander,/root/trivalaya-vision/legend_cnn/runs/run_20260410_002707_baseline/ribbons/114448.npy,,success,,bad_geometry,0.6135,0.9987,1.0,0.5888,0.2086,0.397245,0.2965,0.039134,256,256,220,0.0,0.5623,True,center_out_of_bounds,bbox,baseline,False
117440,Severus Alexander,/root/trivalaya-vision/legend_cnn/runs/run_20260410_002707_baseline/ribbons/117440.npy,,success,,good,0.581,0.4319,0.4323,0.2661,0.3417,0.403177,0.1095,0.113619,296,294,296,55.17,0.671,False,,bbox,baseline,False
155037,Severus Alexander,/root/trivalaya-vision/legend_cnn/runs/run_20260410_002707_baseline/ribbons/155037.npy,,success,,bad_geometry,0.577,0.9966,1.0,0.4077,0.1445,0.371742,0.3113,0.020351,256,256,220,0.0,0.5727,True,center_out_of_bounds,bbox,baseline,False
213587,Severus Alexander,/root/trivalaya-vision/legend_cnn/runs/run_20260410_002707_baseline/ribbons/213587.npy,,success,,bad_geometry,0.5727,0.999,0.9992,0.417,0.1565,0.350166,0.2805,0.023165,256,256,220,0.0,0.6918,True,center_out_of_bounds,bbox,baseline,False
213463,Severus Alexander,/root/trivalaya-vision/legend_cnn/runs/run_20260410_002707_baseline/ribbons/213463.npy,,success,,bad_geometry,0.6827,0.9887,0.9958,0.5629,0.2282,0.533492,0.3148,0.051465,256,256,220,0.0,0.6962,True,center_out_of_bounds,bbox,baseline,False
205459,Severus Alexander,/root/trivalaya-vision/legend_cnn/runs/run_20260410_002707_baseline/ribbons/205459.npy,,success,,bad_geometry,0.4542,1.0,1.0,0.4293,0.0822,0.105035,0.2488,0.006625,256,256,220,0.0,0.6893,True,center_out_of_bounds,bbox,baseline,False
213823,Severus Alexander,/root/trivalaya-vision/legend_cnn/runs/run_20260410_002707_baseline/ribbons/213823.npy,,success,,borderline,0.5168,0.5308,0.5314,0.2544,0.2774,0.342846,0.1727,0.076271,343,282,277,90.8,0.6661,False,,bbox,baseline,False
135533,Severus Alexander,/root/trivalaya-vision/legend_cnn/runs/run_20260410_002707_baseline/ribbons/135533.npy,,success,,bad_geometry,0.3433,0.3101,0.3104,0.1792,0.2885,0.166597,0.1081,0.082395,356,352,356,138.62,0.6872,False,,bbox,baseline,False
213078,Severus Alexander,/root/trivalaya-vision/legend_cnn/runs/run_20260410_002707_baseline/ribbons/213078.npy,,success,,good,0.6112,0.9231,0.9232,0.549,0.2903,0.227985,0.2018,0.080774,220,170,178,93.23,0.7376,False,,bbox,baseline,False
213132,Severus Alexander,/root/trivalaya-vision/legend_cnn/runs/run_20260410_002707_baseline/ribbons/213132.npy,,success,,bad_geometry,0.541,1.0,1.0,0.3853,0.1363,0.288958,0.2022,0.018099,256,256,220,0.0,0.6683,True,center_out_of_bounds,bbox,baseline,False
214329,Severus Alexander,/root/trivalaya-vision/legend_cnn/runs/run_20260410_002707_baseline/ribbons/214329.npy,,success,,bad_geometry,0.6129,0.7421,0.9438,0.4631,0.4235,0.223733,0.0481,0.169625,256,256,220,0.0,0.5861,True,center_out_of_bounds,bbox,baseline,False
135452,Trajan,/root/trivalaya-vision/legend_cnn/runs/run_20260410_002707_baseline/ribbons/135452.npy,,success,,borderline,0.5121,0.3743,0.3793,0.3004,0.4257,0.24032,0.0482,0.181106,373,239,301,118.23,0.6019,False,,bbox,baseline,False
213615,Severus Alexander,/root/trivalaya-vision/legend_cnn/runs/run_20260410_002707_baseline/ribbons/213615.npy,,success,,good,0.6383,0.9991,0.9991,0.3624,0.1467,0.368967,0.318,0.021492,230,202,186,59.93,0.5715,False,,bbox,baseline,False
145106,Severus Alexander,/root/trivalaya-vision/legend_cnn/runs/run_20260410_002707_baseline/ribbons/145106.npy,,success,,bad_geometry,0.4877,0.9919,0.9991,0.327,0.1317,0.170152,0.2859,0.016905,256,256,220,0.0,0.6862,True,center_out_of_bounds,bbox,baseline,False
119807,Trajan,/root/trivalaya-vision/legend_cnn/runs/run_20260410_002707_baseline/ribbons/119807.npy,,success,,good,0.5751,0.521,0.5214,0.324,0.3513,0.336306,0.131,0.123166,341,282,275,88.89,0.6443,False,,bbox,baseline,False
208742,Trajan,/root/trivalaya-vision/legend_cnn/runs/run_20260410_002707_baseline/ribbons/208742.npy,,success,,bad_geometry,0.4529,1.0,1.0,0.3487,0.1137,0.094458,0.1844,0.012061,256,256,220,0.0,0.732,True,center_out_of_bounds,bbox,baseline,False
109769,Severus Alexander,/root/trivalaya-vision/legend_cnn/runs/run_20260410_002707_baseline/ribbons/109769.npy,,success,,bad_geometry,0.6423,0.9984,1.0,0.5168,0.1721,0.502737,0.3136,0.028384,256,256,220,0.0,0.5119,True,center_out_of_bounds,bbox,baseline,False
144203,Severus Alexander,/root/trivalaya-vision/legend_cnn/runs/run_20260410_002707_baseline/ribbons/144203.npy,,success,,bad_geometry,0.7178,0.998,1.0,0.5781,0.1983,0.652439,0.309,0.038765,256,256,220,0.0,0.5118,True,center_out_of_bounds,bbox,baseline,False
216073,Trajan,/root/trivalaya-vision/legend_cnn/runs/run_20260410_002707_baseline/ribbons/216073.npy,,success,,bad_geometry,0.4755,1.0,1.0,0.8207,0.1584,0.1083,0.1008,0.024697,256,256,220,0.0,0.5554,True,center_out_of_bounds,bbox,baseline,False
214783,Trajan,/root/trivalaya-vision/legend_cnn/runs/run_20260410_002707_baseline/ribbons/214783.npy,,success,,bad_geometry,0.5497,0.9987,0.9989,0.5956,0.1471,0.300149,0.2714,0.02144,256,256,220,0.0,0.6502,True,center_out_of_bounds,bbox,baseline,False
126478,Trajan,/root/trivalaya-vision/legend_cnn/runs/run_20260410_002707_baseline/ribbons/126478.npy,,success,,borderline,0.4452,0.5477,0.5483,0.2621,0.2536,0.17403,0.1369,0.062896,326,285,263,75.77,0.6189,False,,bbox,baseline,False
109771,Severus Alexander,/root/trivalaya-vision/legend_cnn/runs/run_20260410_002707_baseline/ribbons/109771.npy,,success,,bad_geometry,0.7525,0.9968,0.9997,0.6221,0.2374,0.687083,0.2859,0.054229,256,256,220,0.0,0.5112,True,center_out_of_bounds,bbox,baseline,False
216026,Trajan,/root/trivalaya-vision/legend_cnn/runs/run_20260410_002707_baseline/ribbons/216026.npy,,success,,good,0.6144,0.5987,0.5998,0.2883,0.3372,0.303447,0.1429,0.113296,278,277,278,30.41,0.6793,False,,bbox,baseline,False
108643,Trajan,/root/trivalaya-vision/legend_cnn/runs/run_20260410_002707_baseline/ribbons/108643.npy,,success,,good,0.5842,0.9965,0.9969,0.5726,0.1932,0.220673,0.1944,0.034415,204,203,204,74.25,0.6611,False,,bbox,baseline,False
131394,Trajan,/root/trivalaya-vision/legend_cnn/runs/run_20260410_002707_baseline/ribbons/131394.npy,,success,,bad_geometry,0.7671,0.9999,1.0,0.6423,0.246,1.056026,0.3105,0.059755,256,256,220,0.0,0.6624,True,center_out_of_bounds,bbox,baseline,False
216036,Trajan,/root/trivalaya-vision/legend_cnn/runs/run_20260410_002707_baseline/ribbons/216036.npy,,success,,bad_geometry,0.5518,1.0,1.0,0.4679,0.1481,0.304057,0.2739,0.021498,256,256,220,0.0,0.6803,True,center_out_of_bounds,bbox,baseline,False
110505,Trajan,/root/trivalaya-vision/legend_cnn/runs/run_20260410_002707_baseline/ribbons/110505.npy,,success,,bad_geometry,0.4773,0.3979,0.4002,0.255,0.3359,0.423959,0.1299,0.086032,256,256,220,0.0,0.3559,True,center_out_of_bounds,bbox,baseline,False
153254,Trajan,/root/trivalaya-vision/legend_cnn/runs/run_20260410_002707_baseline/ribbons/153254.npy,,success,,bad_geometry,0.6922,0.9576,0.9973,0.4474,0.1971,0.625096,0.3014,0.038596,256,256,220,0.0,0.67,True,center_out_of_bounds,bbox,baseline,False
216037,Trajan,/root/trivalaya-vision/legend_cnn/runs/run_20260410_002707_baseline/ribbons/216037.npy,,success,,bad_geometry,0.4706,1.0,1.0,0.8081,0.1599,0.083747,0.0753,0.025181,256,256,220,0.0,0.5225,True,center_out_of_bounds,bbox,baseline,False
159950,Trajan,/root/trivalaya-vision/legend_cnn/runs/run_20260410_002707_baseline/ribbons/159950.npy,,success,,good,0.6885,0.5342,0.5471,0.3525,0.364,0.554151,0.1682,0.130379,328,276,265,74.73,0.619,False,,bbox,baseline,False
214426,Trajan,/root/trivalaya-vision/legend_cnn/runs/run_20260410_002707_baseline/ribbons/214426.npy,,success,,bad_geometry,0.5601,0.9978,0.9979,0.6934,0.3243,0.160197,0.1266,0.07221,256,256,220,0.0,0.569,True,center_out_of_bounds,bbox,baseline,False
214482,Trajan,/root/trivalaya-vision/legend_cnn/runs/run_20260410_002707_baseline/ribbons/214482.npy,,success,,bad_geometry,0.5249,1.0,1.0,0.5654,0.1357,0.249523,0.2535,0.018178,256,256,220,0.0,0.663,True,center_out_of_bounds,bbox,baseline,False
133775,Trajan,/root/trivalaya-vision/legend_cnn/runs/run_20260410_002707_baseline/ribbons/133775.npy,,success,,good,0.6751,0.4843,0.4845,0.3349,0.3863,0.469989,0.1209,0.145718,293,286,293,47.63,0.6615,False,,bbox,baseline,False
171789,Trajan,/root/trivalaya-vision/legend_cnn/runs/run_20260410_002707_baseline/ribbons/171789.npy,,success,,borderline,0.4625,0.4209,0.4254,0.1817,0.2658,0.345897,0.1136,0.070455,351,300,283,104.69,0.5905,False,,bbox,baseline,False
239957,Trajan,/root/trivalaya-vision/legend_cnn/runs/run_20260410_002707_baseline/ribbons/239957.npy,,success,,bad_geometry,0.4814,0.4518,0.4626,0.2203,0.3191,0.295198,0.1264,0.101526,374,294,302,123.97,0.7192,False,,bbox,baseline,False
113867,Trajan,/root/trivalaya-vision/legend_cnn/runs/run_20260410_002707_baseline/ribbons/113867.npy,,success,,borderline,0.4618,0.4599,0.4601,0.25,0.3113,0.245699,0.0912,0.096318,365,297,295,116.46,0.6718,False,,bbox,baseline,False
159933,Trajan,/root/trivalaya-vision/legend_cnn/runs/run_20260410_002707_baseline/ribbons/159933.npy,,success,,borderline,0.5412,0.4333,0.455,0.2126,0.3079,0.374861,0.0896,0.09304,296,296,296,56.57,0.6778,False,,bbox,baseline,False
171779,Trajan,/root/trivalaya-vision/legend_cnn/runs/run_20260410_002707_baseline/ribbons/171779.npy,,success,,borderline,0.5366,0.4149,0.4188,0.2409,0.3219,0.437563,0.1266,0.102554,357,304,288,111.83,0.606,False,,bbox,baseline,False
239960,Trajan,/root/trivalaya-vision/legend_cnn/runs/run_20260410_002707_baseline/ribbons/239960.npy,,success,,bad_geometry,0.5083,0.4877,0.4953,0.2961,0.3628,0.228984,0.1106,0.131068,374,284,302,121.28,0.7384,False,,bbox,baseline,False
133786,Trajan,/root/trivalaya-vision/legend_cnn/runs/run_20260410_002707_baseline/ribbons/133786.npy,,success,,borderline,0.4778,0.4539,0.4541,0.2712,0.3337,0.23982,0.1222,0.109963,365,287,295,113.32,0.6647,False,,bbox,baseline,False
117292,Trajan,/root/trivalaya-vision/legend_cnn/runs/run_20260410_002707_baseline/ribbons/117292.npy,,success,,good,0.6753,0.8747,0.8752,0.6942,0.335,0.355892,0.1292,0.099319,270,169,218,88.12,0.6486,False,,bbox,baseline,False
216061,Trajan,/root/trivalaya-vision/legend_cnn/runs/run_20260410_002707_baseline/ribbons/216061.npy,,success,,bad_geometry,0.45,1.0,1.0,0.4549,0.0402,0.028341,0.0459,0.001527,256,256,220,0.0,0.67,True,center_out_of_bounds,bbox,baseline,False
129864,Trajan,/root/trivalaya-vision/legend_cnn/runs/run_20260410_002707_baseline/ribbons/129864.npy,,success,,bad_geometry,0.5777,0.9883,0.9998,0.4283,0.1334,0.38918,0.2614,0.017707,256,256,220,0.0,0.6511,True,center_out_of_bounds,bbox,baseline,False
215231,Trajan,/root/trivalaya-vision/legend_cnn/runs/run_20260410_002707_baseline/ribbons/215231.npy,,success,,bad_geometry,0.5089,1.0,1.0,0.4988,0.1048,0.235035,0.2334,0.010722,256,256,220,0.0,0.6946,True,center_out_of_bounds,bbox,baseline,False
110502,Trajan,/root/trivalaya-vision/legend_cnn/runs/run_20260410_002707_baseline/ribbons/110502.npy,,success,,bad_geometry,0.7319,1.0,1.0,0.6014,0.1875,0.836889,0.3414,0.033556,256,256,220,0.0,0.5113,True,center_out_of_bounds,bbox,baseline,False
110494,Trajan,/root/trivalaya-vision/legend_cnn/runs/run_20260410_002707_baseline/ribbons/110494.npy,,success,,bad_geometry,0.4691,0.432,0.4345,0.2641,0.3295,0.46851,0.1493,0.057418,256,256,220,0.0,0.358,True,center_out_of_bounds,bbox,baseline,False
